Species,Sign,Reaction,Rate_Expression
AB40_O10_ISF,+,,k_O9_O10_AB40_ISF * (AB40_O1_ISF/V_ISF) * (AB40_O9_ISF/V_ISF) * V_ISF
AB40_O10_ISF,-,,k_O10_O9_AB40_ISF * (AB40_O10_ISF/V_ISF) * V_ISF
AB40_O10_ISF,-,,k_O10_O11_AB40_ISF * (AB40_O1_ISF/V_ISF) * (AB40_O10_ISF/V_ISF) * V_ISF
AB40_O10_ISF,+,,k_O11_O10_AB40_ISF * (AB40_O11_ISF/V_ISF) * V_ISF
AB40_O10_ISF,+,,k_O9_O10_AB40_ISF*AB40_PDMA_Vmax_ISF*((AB40_O25_ISF/V_ISF) / ((AB40_O25_ISF/V_ISF) + AB40_PDMA_EC50_ISF)) * (AB40_O1_ISF/V_ISF) * (AB40_O9_ISF/V_ISF) * V_ISF
AB40_O10_ISF,-,,k_O10_O11_AB40_ISF*AB40_PDMA_Vmax_ISF*((AB40_O25_ISF/V_ISF) / ((AB40_O25_ISF/V_ISF) + AB40_PDMA_EC50_ISF)) * (AB40_O1_ISF/V_ISF) * (AB40_O10_ISF/V_ISF) * V_ISF
AB40_O10_ISF,-,,k1_Antibody * (AB40_O10_ISF/V_ISF) * (Antibody_ISF/V_ISF) * V_ISF
AB40_O10_ISF,-,,Microglia*(Hi_lo_ratio*Microglia_high_frac*Microglia_Vmax_AB40/(Microglia_EC50_AB40 + (AB40_O10_ISF/V_ISF)) + (1.0 - Microglia_high_frac)*Microglia_Vmax_AB40/(Microglia_EC50_AB40 + (AB40_O10_ISF/V_ISF))) * (AB40_O10_ISF/V_ISF) * V_ISF
AB40_O10_ISF,-,,(1.0 - sigma_ISF_PVS_oligomer2) * Q_PVS * (AB40_O10_ISF/V_ISF)
AB40_O10_PVS,-,,k1_Antibody * (AB40_O10_PVS/V_PVS) * (Antibody_PVS/V_PVS) * V_PVS
AB40_O10_PVS,+,,(1.0 - sigma_ISF_PVS_oligomer2) * Q_PVS * (AB40_O10_ISF/V_ISF)
AB40_O10_PVS,-,,(1.0 - sigma_PVS_central_Abeta) * Q_PVS * (AB40_O10_PVS/V_PVS)
AB40_O10__Antibody_ISF,+,,k1_Antibody * (AB40_O10_ISF/V_ISF) * (Antibody_ISF/V_ISF) * V_ISF
AB40_O10__Antibody_ISF,-,,Microglia*(Microglia_high_frac*Microglia_high_rate_mAb + (1.0 - Microglia_high_frac)*Microglia_low_rate_mAb) * (AB40_O10__Antibody_ISF/V_ISF) * V_ISF
AB40_O10__Antibody_PVS,+,,k1_Antibody * (AB40_O10_PVS/V_PVS) * (Antibody_PVS/V_PVS) * V_PVS
AB40_O10__Antibody_PVS,-,,(1.0 - sigma_PVS_central_Antibody) * Q_PVS * (AB40_O10__Antibody_PVS/V_PVS)
AB40_O11_ISF,+,,k_O10_O11_AB40_ISF * (AB40_O1_ISF/V_ISF) * (AB40_O10_ISF/V_ISF) * V_ISF
AB40_O11_ISF,-,,k_O11_O10_AB40_ISF * (AB40_O11_ISF/V_ISF) * V_ISF
AB40_O11_ISF,-,,k_O11_O12_AB40_ISF * (AB40_O1_ISF/V_ISF) * (AB40_O11_ISF/V_ISF) * V_ISF
AB40_O11_ISF,+,,k_O12_O11_AB40_ISF * (AB40_O12_ISF/V_ISF) * V_ISF
AB40_O11_ISF,+,,k_O10_O11_AB40_ISF*AB40_PDMA_Vmax_ISF*((AB40_O25_ISF/V_ISF) / ((AB40_O25_ISF/V_ISF) + AB40_PDMA_EC50_ISF)) * (AB40_O1_ISF/V_ISF) * (AB40_O10_ISF/V_ISF) * V_ISF
AB40_O11_ISF,-,,k_O11_O12_AB40_ISF*AB40_PDMA_Vmax_ISF*((AB40_O25_ISF/V_ISF) / ((AB40_O25_ISF/V_ISF) + AB40_PDMA_EC50_ISF)) * (AB40_O1_ISF/V_ISF) * (AB40_O11_ISF/V_ISF) * V_ISF
AB40_O11_ISF,-,,k1_Antibody * (AB40_O11_ISF/V_ISF) * (Antibody_ISF/V_ISF) * V_ISF
AB40_O11_ISF,-,,Microglia*(Hi_lo_ratio*Microglia_high_frac*Microglia_Vmax_AB40/(Microglia_EC50_AB40 + (AB40_O11_ISF/V_ISF)) + (1.0 - Microglia_high_frac)*Microglia_Vmax_AB40/(Microglia_EC50_AB40 + (AB40_O11_ISF/V_ISF))) * (AB40_O11_ISF/V_ISF) * V_ISF
AB40_O11_ISF,-,,(1.0 - sigma_ISF_PVS_oligomer2) * Q_PVS * (AB40_O11_ISF/V_ISF)
AB40_O11_PVS,-,,k1_Antibody * (AB40_O11_PVS/V_PVS) * (Antibody_PVS/V_PVS) * V_PVS
AB40_O11_PVS,+,,(1.0 - sigma_ISF_PVS_oligomer2) * Q_PVS * (AB40_O11_ISF/V_ISF)
AB40_O11_PVS,-,,(1.0 - sigma_PVS_central_Abeta) * Q_PVS * (AB40_O11_PVS/V_PVS)
AB40_O11__Antibody_ISF,+,,k1_Antibody * (AB40_O11_ISF/V_ISF) * (Antibody_ISF/V_ISF) * V_ISF
AB40_O11__Antibody_ISF,-,,Microglia*(Microglia_high_frac*Microglia_high_rate_mAb + (1.0 - Microglia_high_frac)*Microglia_low_rate_mAb) * (AB40_O11__Antibody_ISF/V_ISF) * V_ISF
AB40_O11__Antibody_PVS,+,,k1_Antibody * (AB40_O11_PVS/V_PVS) * (Antibody_PVS/V_PVS) * V_PVS
AB40_O11__Antibody_PVS,-,,(1.0 - sigma_PVS_central_Antibody) * Q_PVS * (AB40_O11__Antibody_PVS/V_PVS)
AB40_O12_ISF,+,,k_O11_O12_AB40_ISF * (AB40_O1_ISF/V_ISF) * (AB40_O11_ISF/V_ISF) * V_ISF
AB40_O12_ISF,-,,k_O12_O11_AB40_ISF * (AB40_O12_ISF/V_ISF) * V_ISF
AB40_O12_ISF,-,,k_O12_O13_AB40_ISF * (AB40_O1_ISF/V_ISF) * (AB40_O12_ISF/V_ISF) * V_ISF
AB40_O12_ISF,+,,k_O13_O12_AB40_ISF * (AB40_O13_ISF/V_ISF) * V_ISF
AB40_O12_ISF,+,,k_O11_O12_AB40_ISF*AB40_PDMA_Vmax_ISF*((AB40_O25_ISF/V_ISF) / ((AB40_O25_ISF/V_ISF) + AB40_PDMA_EC50_ISF)) * (AB40_O1_ISF/V_ISF) * (AB40_O11_ISF/V_ISF) * V_ISF
AB40_O12_ISF,-,,k_O12_O13_AB40_ISF*AB40_PDMA_Vmax_ISF*((AB40_O25_ISF/V_ISF) / ((AB40_O25_ISF/V_ISF) + AB40_PDMA_EC50_ISF)) * (AB40_O1_ISF/V_ISF) * (AB40_O12_ISF/V_ISF) * V_ISF
AB40_O12_ISF,-,,k1_Antibody * (AB40_O12_ISF/V_ISF) * (Antibody_ISF/V_ISF) * V_ISF
AB40_O12_ISF,-,,Microglia*(Hi_lo_ratio*Microglia_high_frac*Microglia_Vmax_AB40/(Microglia_EC50_AB40 + (AB40_O12_ISF/V_ISF)) + (1.0 - Microglia_high_frac)*Microglia_Vmax_AB40/(Microglia_EC50_AB40 + (AB40_O12_ISF/V_ISF))) * (AB40_O12_ISF/V_ISF) * V_ISF
AB40_O12_ISF,+,,k_O24_O12_AB40_ISF*k_O24_O23_AB40_ISF * (AB40_O24_ISF/V_ISF) * V_ISF
AB40_O12_ISF,+,,k_O24_O12_AB40_ISF*k_O24_O23_AB40_ISF * (AB40_O24_ISF/V_ISF) * V_ISF
AB40_O12_ISF,-,,(1.0 - sigma_ISF_PVS_oligomer2) * Q_PVS * (AB40_O12_ISF/V_ISF)
AB40_O12_PVS,-,,k1_Antibody * (AB40_O12_PVS/V_PVS) * (Antibody_PVS/V_PVS) * V_PVS
AB40_O12_PVS,+,,(1.0 - sigma_ISF_PVS_oligomer2) * Q_PVS * (AB40_O12_ISF/V_ISF)
AB40_O12_PVS,-,,(1.0 - sigma_PVS_central_Abeta) * Q_PVS * (AB40_O12_PVS/V_PVS)
AB40_O12__Antibody_ISF,+,,k1_Antibody * (AB40_O12_ISF/V_ISF) * (Antibody_ISF/V_ISF) * V_ISF
AB40_O12__Antibody_ISF,-,,Microglia*(Microglia_high_frac*Microglia_high_rate_mAb + (1.0 - Microglia_high_frac)*Microglia_low_rate_mAb) * (AB40_O12__Antibody_ISF/V_ISF) * V_ISF
AB40_O12__Antibody_PVS,+,,k1_Antibody * (AB40_O12_PVS/V_PVS) * (Antibody_PVS/V_PVS) * V_PVS
AB40_O12__Antibody_PVS,-,,(1.0 - sigma_PVS_central_Antibody) * Q_PVS * (AB40_O12__Antibody_PVS/V_PVS)
AB40_O13_ISF,+,,k_O12_O13_AB40_ISF * (AB40_O1_ISF/V_ISF) * (AB40_O12_ISF/V_ISF) * V_ISF
AB40_O13_ISF,-,,k_O13_O12_AB40_ISF * (AB40_O13_ISF/V_ISF) * V_ISF
AB40_O13_ISF,-,,k_O13_O14_AB40_ISF * (AB40_O1_ISF/V_ISF) * (AB40_O13_ISF/V_ISF) * V_ISF
AB40_O13_ISF,+,,k_O14_O13_AB40_ISF * (AB40_O14_ISF/V_ISF) * V_ISF
AB40_O13_ISF,+,,k_O12_O13_AB40_ISF*AB40_PDMA_Vmax_ISF*((AB40_O25_ISF/V_ISF) / ((AB40_O25_ISF/V_ISF) + AB40_PDMA_EC50_ISF)) * (AB40_O1_ISF/V_ISF) * (AB40_O12_ISF/V_ISF) * V_ISF
AB40_O13_ISF,-,,k_O13_O14_AB40_ISF*AB40_PDMA_Vmax_ISF*((AB40_O25_ISF/V_ISF) / ((AB40_O25_ISF/V_ISF) + AB40_PDMA_EC50_ISF)) * (AB40_O1_ISF/V_ISF) * (AB40_O13_ISF/V_ISF) * V_ISF
AB40_O13_ISF,-,,k1_Antibody * (AB40_O13_ISF/V_ISF) * (Antibody_ISF/V_ISF) * V_ISF
AB40_O13_ISF,-,,Baseline_AB40_O_P*k_O13_O14_AB40_ISF * (AB40_O1_ISF/V_ISF) * (AB40_O13_ISF/V_ISF) * V_ISF
AB40_O13_ISF,-,,Microglia*(Hi_lo_ratio*Microglia_high_frac*Microglia_Vmax_AB40/(Microglia_EC50_AB40 + (AB40_O13_ISF/V_ISF)) + (1.0 - Microglia_high_frac)*Microglia_Vmax_AB40/(Microglia_EC50_AB40 + (AB40_O13_ISF/V_ISF))) * (AB40_O13_ISF/V_ISF) * V_ISF
AB40_O13_ISF,-,,(1.0 - sigma_ISF_PVS_oligomer2) * Q_PVS * (AB40_O13_ISF/V_ISF)
AB40_O13_PVS,-,,k1_Antibody * (AB40_O13_PVS/V_PVS) * (Antibody_PVS/V_PVS) * V_PVS
AB40_O13_PVS,+,,(1.0 - sigma_ISF_PVS_oligomer2) * Q_PVS * (AB40_O13_ISF/V_ISF)
AB40_O13_PVS,-,,(1.0 - sigma_PVS_central_Abeta) * Q_PVS * (AB40_O13_PVS/V_PVS)
AB40_O13__Antibody_ISF,+,,k1_Antibody * (AB40_O13_ISF/V_ISF) * (Antibody_ISF/V_ISF) * V_ISF
AB40_O13__Antibody_ISF,-,,Microglia*(Microglia_high_frac*Microglia_high_rate_mAb + (1.0 - Microglia_high_frac)*Microglia_low_rate_mAb) * (AB40_O13__Antibody_ISF/V_ISF) * V_ISF
AB40_O13__Antibody_PVS,+,,k1_Antibody * (AB40_O13_PVS/V_PVS) * (Antibody_PVS/V_PVS) * V_PVS
AB40_O13__Antibody_PVS,-,,(1.0 - sigma_PVS_central_Antibody) * Q_PVS * (AB40_O13__Antibody_PVS/V_PVS)
AB40_O14_ISF,+,,k_O13_O14_AB40_ISF * (AB40_O1_ISF/V_ISF) * (AB40_O13_ISF/V_ISF) * V_ISF
AB40_O14_ISF,-,,k_O14_O13_AB40_ISF * (AB40_O14_ISF/V_ISF) * V_ISF
AB40_O14_ISF,-,,k_O14_O15_AB40_ISF * (AB40_O1_ISF/V_ISF) * (AB40_O14_ISF/V_ISF) * V_ISF
AB40_O14_ISF,+,,k_O15_O14_AB40_ISF * (AB40_O15_ISF/V_ISF) * V_ISF
AB40_O14_ISF,+,,k_O13_O14_AB40_ISF*AB40_PDMA_Vmax_ISF*((AB40_O25_ISF/V_ISF) / ((AB40_O25_ISF/V_ISF) + AB40_PDMA_EC50_ISF)) * (AB40_O1_ISF/V_ISF) * (AB40_O13_ISF/V_ISF) * V_ISF
AB40_O14_ISF,-,,k_O14_O15_AB40_ISF*AB40_PDMA_Vmax_ISF*((AB40_O25_ISF/V_ISF) / ((AB40_O25_ISF/V_ISF) + AB40_PDMA_EC50_ISF)) * (AB40_O1_ISF/V_ISF) * (AB40_O14_ISF/V_ISF) * V_ISF
AB40_O14_ISF,-,,k1_Antibody * (AB40_O14_ISF/V_ISF) * (Antibody_ISF/V_ISF) * V_ISF
AB40_O14_ISF,-,,Baseline_AB40_O_P*k_O14_O15_AB40_ISF * (AB40_O1_ISF/V_ISF) * (AB40_O14_ISF/V_ISF) * V_ISF
AB40_O14_ISF,-,,Microglia*(Hi_lo_ratio*Microglia_high_frac*Microglia_Vmax_AB40/(Microglia_EC50_AB40 + (AB40_O14_ISF/V_ISF)) + (1.0 - Microglia_high_frac)*Microglia_Vmax_AB40/(Microglia_EC50_AB40 + (AB40_O14_ISF/V_ISF))) * (AB40_O14_ISF/V_ISF) * V_ISF
AB40_O14_ISF,-,,(1.0 - sigma_ISF_PVS_oligomer2) * Q_PVS * (AB40_O14_ISF/V_ISF)
AB40_O14_PVS,-,,k1_Antibody * (AB40_O14_PVS/V_PVS) * (Antibody_PVS/V_PVS) * V_PVS
AB40_O14_PVS,+,,(1.0 - sigma_ISF_PVS_oligomer2) * Q_PVS * (AB40_O14_ISF/V_ISF)
AB40_O14_PVS,-,,(1.0 - sigma_PVS_central_Abeta) * Q_PVS * (AB40_O14_PVS/V_PVS)
AB40_O14__Antibody_ISF,+,,k1_Antibody * (AB40_O14_ISF/V_ISF) * (Antibody_ISF/V_ISF) * V_ISF
AB40_O14__Antibody_ISF,-,,Microglia*(Microglia_high_frac*Microglia_high_rate_mAb + (1.0 - Microglia_high_frac)*Microglia_low_rate_mAb) * (AB40_O14__Antibody_ISF/V_ISF) * V_ISF
AB40_O14__Antibody_PVS,+,,k1_Antibody * (AB40_O14_PVS/V_PVS) * (Antibody_PVS/V_PVS) * V_PVS
AB40_O14__Antibody_PVS,-,,(1.0 - sigma_PVS_central_Antibody) * Q_PVS * (AB40_O14__Antibody_PVS/V_PVS)
AB40_O15_ISF,+,,k_O14_O15_AB40_ISF * (AB40_O1_ISF/V_ISF) * (AB40_O14_ISF/V_ISF) * V_ISF
AB40_O15_ISF,-,,k_O15_O14_AB40_ISF * (AB40_O15_ISF/V_ISF) * V_ISF
AB40_O15_ISF,-,,k_O15_O16_AB40_ISF * (AB40_O1_ISF/V_ISF) * (AB40_O15_ISF/V_ISF) * V_ISF
AB40_O15_ISF,+,,k_O16_O15_AB40_ISF * (AB40_O16_ISF/V_ISF) * V_ISF
AB40_O15_ISF,+,,k_O14_O15_AB40_ISF*AB40_PDMA_Vmax_ISF*((AB40_O25_ISF/V_ISF) / ((AB40_O25_ISF/V_ISF) + AB40_PDMA_EC50_ISF)) * (AB40_O1_ISF/V_ISF) * (AB40_O14_ISF/V_ISF) * V_ISF
AB40_O15_ISF,-,,k_O15_O16_AB40_ISF*AB40_PDMA_Vmax_ISF*((AB40_O25_ISF/V_ISF) / ((AB40_O25_ISF/V_ISF) + AB40_PDMA_EC50_ISF)) * (AB40_O1_ISF/V_ISF) * (AB40_O15_ISF/V_ISF) * V_ISF
AB40_O15_ISF,-,,k1_Antibody * (AB40_O15_ISF/V_ISF) * (Antibody_ISF/V_ISF) * V_ISF
AB40_O15_ISF,-,,Baseline_AB40_O_P*k_O15_O16_AB40_ISF * (AB40_O1_ISF/V_ISF) * (AB40_O15_ISF/V_ISF) * V_ISF
AB40_O15_ISF,-,,Microglia*(Hi_lo_ratio*Microglia_high_frac*Microglia_Vmax_AB40/(Microglia_EC50_AB40 + (AB40_O15_ISF/V_ISF)) + (1.0 - Microglia_high_frac)*Microglia_Vmax_AB40/(Microglia_EC50_AB40 + (AB40_O15_ISF/V_ISF))) * (AB40_O15_ISF/V_ISF) * V_ISF
AB40_O15_ISF,-,,(1.0 - sigma_ISF_PVS_oligomer2) * Q_PVS * (AB40_O15_ISF/V_ISF)
AB40_O15_PVS,-,,k1_Antibody * (AB40_O15_PVS/V_PVS) * (Antibody_PVS/V_PVS) * V_PVS
AB40_O15_PVS,+,,(1.0 - sigma_ISF_PVS_oligomer2) * Q_PVS * (AB40_O15_ISF/V_ISF)
AB40_O15_PVS,-,,(1.0 - sigma_PVS_central_Abeta) * Q_PVS * (AB40_O15_PVS/V_PVS)
AB40_O15__Antibody_ISF,+,,k1_Antibody * (AB40_O15_ISF/V_ISF) * (Antibody_ISF/V_ISF) * V_ISF
AB40_O15__Antibody_ISF,-,,Microglia*(Microglia_high_frac*Microglia_high_rate_mAb + (1.0 - Microglia_high_frac)*Microglia_low_rate_mAb) * (AB40_O15__Antibody_ISF/V_ISF) * V_ISF
AB40_O15__Antibody_PVS,+,,k1_Antibody * (AB40_O15_PVS/V_PVS) * (Antibody_PVS/V_PVS) * V_PVS
AB40_O15__Antibody_PVS,-,,(1.0 - sigma_PVS_central_Antibody) * Q_PVS * (AB40_O15__Antibody_PVS/V_PVS)
AB40_O16_ISF,+,,k_O15_O16_AB40_ISF * (AB40_O1_ISF/V_ISF) * (AB40_O15_ISF/V_ISF) * V_ISF
AB40_O16_ISF,-,,k_O16_O15_AB40_ISF * (AB40_O16_ISF/V_ISF) * V_ISF
AB40_O16_ISF,-,,k_O16_O17_AB40_ISF * (AB40_O1_ISF/V_ISF) * (AB40_O16_ISF/V_ISF) * V_ISF
AB40_O16_ISF,+,,k_O17_O16_AB40_ISF * (AB40_O17_ISF/V_ISF) * V_ISF
AB40_O16_ISF,+,,k_O15_O16_AB40_ISF*AB40_PDMA_Vmax_ISF*((AB40_O25_ISF/V_ISF) / ((AB40_O25_ISF/V_ISF) + AB40_PDMA_EC50_ISF)) * (AB40_O1_ISF/V_ISF) * (AB40_O15_ISF/V_ISF) * V_ISF
AB40_O16_ISF,-,,k_O16_O17_AB40_ISF*AB40_PDMA_Vmax_ISF*((AB40_O25_ISF/V_ISF) / ((AB40_O25_ISF/V_ISF) + AB40_PDMA_EC50_ISF)) * (AB40_O1_ISF/V_ISF) * (AB40_O16_ISF/V_ISF) * V_ISF
AB40_O16_ISF,-,,k1_Antibody * (AB40_O16_ISF/V_ISF) * (Antibody_ISF/V_ISF) * V_ISF
AB40_O16_ISF,-,,Baseline_AB40_O_P*k_O16_O17_AB40_ISF * (AB40_O1_ISF/V_ISF) * (AB40_O16_ISF/V_ISF) * V_ISF
AB40_O16_ISF,-,,Microglia*(Hi_lo_ratio*Microglia_high_frac*Microglia_Vmax_AB40/(Microglia_EC50_AB40 + (AB40_O16_ISF/V_ISF)) + (1.0 - Microglia_high_frac)*Microglia_Vmax_AB40/(Microglia_EC50_AB40 + (AB40_O16_ISF/V_ISF))) * (AB40_O16_ISF/V_ISF) * V_ISF
AB40_O16_ISF,-,,(1.0 - sigma_ISF_PVS_oligomer2) * Q_PVS * (AB40_O16_ISF/V_ISF)
AB40_O16_PVS,-,,k1_Antibody * (AB40_O16_PVS/V_PVS) * (Antibody_PVS/V_PVS) * V_PVS
AB40_O16_PVS,+,,(1.0 - sigma_ISF_PVS_oligomer2) * Q_PVS * (AB40_O16_ISF/V_ISF)
AB40_O16_PVS,-,,(1.0 - sigma_PVS_central_Abeta) * Q_PVS * (AB40_O16_PVS/V_PVS)
AB40_O16__Antibody_ISF,+,,k1_Antibody * (AB40_O16_ISF/V_ISF) * (Antibody_ISF/V_ISF) * V_ISF
AB40_O16__Antibody_ISF,-,,Microglia*(Microglia_high_frac*Microglia_high_rate_mAb + (1.0 - Microglia_high_frac)*Microglia_low_rate_mAb) * (AB40_O16__Antibody_ISF/V_ISF) * V_ISF
AB40_O16__Antibody_PVS,+,,k1_Antibody * (AB40_O16_PVS/V_PVS) * (Antibody_PVS/V_PVS) * V_PVS
AB40_O16__Antibody_PVS,-,,(1.0 - sigma_PVS_central_Antibody) * Q_PVS * (AB40_O16__Antibody_PVS/V_PVS)
AB40_O17_ISF,+,,k_O16_O17_AB40_ISF * (AB40_O1_ISF/V_ISF) * (AB40_O16_ISF/V_ISF) * V_ISF
AB40_O17_ISF,-,,k_O17_O16_AB40_ISF * (AB40_O17_ISF/V_ISF) * V_ISF
AB40_O17_ISF,-,,k_O17_O18_AB40_ISF * (AB40_O1_ISF/V_ISF) * (AB40_O17_ISF/V_ISF) * V_ISF
AB40_O17_ISF,+,,k_O18_O17_AB40_ISF * (AB40_O18_ISF/V_ISF) * V_ISF
AB40_O17_ISF,+,,k_O16_O17_AB40_ISF*AB40_PDMA_Vmax_ISF*((AB40_O25_ISF/V_ISF) / ((AB40_O25_ISF/V_ISF) + AB40_PDMA_EC50_ISF)) * (AB40_O1_ISF/V_ISF) * (AB40_O16_ISF/V_ISF) * V_ISF
AB40_O17_ISF,-,,k1_Antibody * (AB40_O17_ISF/V_ISF) * (Antibody_ISF/V_ISF) * V_ISF
AB40_O17_ISF,-,,Baseline_AB40_O_P*k_O17_O18_AB40_ISF * (AB40_O1_ISF/V_ISF) * (AB40_O17_ISF/V_ISF) * V_ISF
AB40_O17_ISF,-,,Microglia*(Hi_lo_ratio*Microglia_high_frac*Microglia_Vmax_AB40/(Microglia_EC50_AB40 + (AB40_O17_ISF/V_ISF)) + (1.0 - Microglia_high_frac)*Microglia_Vmax_AB40/(Microglia_EC50_AB40 + (AB40_O17_ISF/V_ISF))) * (AB40_O17_ISF/V_ISF) * V_ISF
AB40_O17_ISF,-,,(1.0 - sigma_ISF_PVS_proto) * Q_PVS * (AB40_O17_ISF/V_ISF)
AB40_O17_PVS,-,,k1_Antibody * (AB40_O17_PVS/V_PVS) * (Antibody_PVS/V_PVS) * V_PVS
AB40_O17_PVS,+,,(1.0 - sigma_ISF_PVS_proto) * Q_PVS * (AB40_O17_ISF/V_ISF)
AB40_O17_PVS,-,,(1.0 - sigma_PVS_central_Abeta) * Q_PVS * (AB40_O17_PVS/V_PVS)
AB40_O17__Antibody_ISF,+,,k1_Antibody * (AB40_O17_ISF/V_ISF) * (Antibody_ISF/V_ISF) * V_ISF
AB40_O17__Antibody_ISF,-,,Microglia*(Microglia_high_frac*Microglia_high_rate_mAb + (1.0 - Microglia_high_frac)*Microglia_low_rate_mAb) * (AB40_O17__Antibody_ISF/V_ISF) * V_ISF
AB40_O17__Antibody_PVS,+,,k1_Antibody * (AB40_O17_PVS/V_PVS) * (Antibody_PVS/V_PVS) * V_PVS
AB40_O17__Antibody_PVS,-,,(1.0 - sigma_PVS_central_Antibody) * Q_PVS * (AB40_O17__Antibody_PVS/V_PVS)
AB40_O18_ISF,+,,k_O17_O18_AB40_ISF * (AB40_O1_ISF/V_ISF) * (AB40_O17_ISF/V_ISF) * V_ISF
AB40_O18_ISF,-,,k_O18_O17_AB40_ISF * (AB40_O18_ISF/V_ISF) * V_ISF
AB40_O18_ISF,-,,k_O18_O19_AB40_ISF * (AB40_O1_ISF/V_ISF) * (AB40_O18_ISF/V_ISF) * V_ISF
AB40_O18_ISF,+,,k_O19_O18_AB40_ISF * (AB40_O19_ISF/V_ISF) * V_ISF
AB40_O18_ISF,-,,k2_Antibody * (AB40_O18_ISF/V_ISF) * (Antibody_ISF/V_ISF) * V_ISF
AB40_O18_ISF,-,,Baseline_AB40_O_P*k_O18_O19_AB40_ISF * (AB40_O1_ISF/V_ISF) * (AB40_O18_ISF/V_ISF) * V_ISF
AB40_O18_ISF,-,,Microglia*(Hi_lo_ratio*Microglia_high_frac*Microglia_Vmax_AB40/(Microglia_EC50_AB40 + (AB40_O18_ISF/V_ISF)) + (1.0 - Microglia_high_frac)*Microglia_Vmax_AB40/(Microglia_EC50_AB40 + (AB40_O18_ISF/V_ISF))) * (AB40_O18_ISF/V_ISF) * V_ISF
AB40_O18_ISF,-,,(1.0 - sigma_ISF_PVS_proto) * Q_PVS * (AB40_O18_ISF/V_ISF)
AB40_O18_PVS,-,,k2_Antibody * (AB40_O18_PVS/V_PVS) * (Antibody_PVS/V_PVS) * V_PVS
AB40_O18_PVS,+,,(1.0 - sigma_ISF_PVS_proto) * Q_PVS * (AB40_O18_ISF/V_ISF)
AB40_O18_PVS,-,,(1.0 - sigma_PVS_central_Abeta) * Q_PVS * (AB40_O18_PVS/V_PVS)
AB40_O18__Antibody_ISF,+,,k2_Antibody * (AB40_O18_ISF/V_ISF) * (Antibody_ISF/V_ISF) * V_ISF
AB40_O18__Antibody_ISF,-,,Microglia*(Microglia_high_frac*Microglia_high_rate_mAb + (1.0 - Microglia_high_frac)*Microglia_low_rate_mAb) * (AB40_O18__Antibody_ISF/V_ISF) * V_ISF
AB40_O18__Antibody_PVS,+,,k2_Antibody * (AB40_O18_PVS/V_PVS) * (Antibody_PVS/V_PVS) * V_PVS
AB40_O18__Antibody_PVS,-,,(1.0 - sigma_PVS_central_Antibody) * Q_PVS * (AB40_O18__Antibody_PVS/V_PVS)
AB40_O19_ISF,+,,k_O18_O19_AB40_ISF * (AB40_O1_ISF/V_ISF) * (AB40_O18_ISF/V_ISF) * V_ISF
AB40_O19_ISF,-,,k_O19_O18_AB40_ISF * (AB40_O19_ISF/V_ISF) * V_ISF
AB40_O19_ISF,-,,k_O19_O20_AB40_ISF * (AB40_O1_ISF/V_ISF) * (AB40_O19_ISF/V_ISF) * V_ISF
AB40_O19_ISF,+,,k_O20_O19_AB40_ISF * (AB40_O20_ISF/V_ISF) * V_ISF
AB40_O19_ISF,-,,k2_Antibody * (AB40_O19_ISF/V_ISF) * (Antibody_ISF/V_ISF) * V_ISF
AB40_O19_ISF,-,,Microglia*(Hi_lo_ratio*Microglia_high_frac*Microglia_Vmax_AB40/(Microglia_EC50_AB40 + (AB40_O19_ISF/V_ISF)) + (1.0 - Microglia_high_frac)*Microglia_Vmax_AB40/(Microglia_EC50_AB40 + (AB40_O19_ISF/V_ISF))) * (AB40_O19_ISF/V_ISF) * V_ISF
AB40_O19_ISF,-,,(1.0 - sigma_ISF_PVS_proto) * Q_PVS * (AB40_O19_ISF/V_ISF)
AB40_O19_PVS,-,,k2_Antibody * (AB40_O19_PVS/V_PVS) * (Antibody_PVS/V_PVS) * V_PVS
AB40_O19_PVS,+,,(1.0 - sigma_ISF_PVS_proto) * Q_PVS * (AB40_O19_ISF/V_ISF)
AB40_O19_PVS,-,,(1.0 - sigma_PVS_central_Abeta) * Q_PVS * (AB40_O19_PVS/V_PVS)
AB40_O19__Antibody_ISF,+,,k2_Antibody * (AB40_O19_ISF/V_ISF) * (Antibody_ISF/V_ISF) * V_ISF
AB40_O19__Antibody_ISF,-,,Microglia*(Microglia_high_frac*Microglia_high_rate_mAb + (1.0 - Microglia_high_frac)*Microglia_low_rate_mAb) * (AB40_O19__Antibody_ISF/V_ISF) * V_ISF
AB40_O19__Antibody_PVS,+,,k2_Antibody * (AB40_O19_PVS/V_PVS) * (Antibody_PVS/V_PVS) * V_PVS
AB40_O19__Antibody_PVS,-,,(1.0 - sigma_PVS_central_Antibody) * Q_PVS * (AB40_O19__Antibody_PVS/V_PVS)
AB40_O1_BBB,-,,k0_Antibody * (AB40_O1_BBB/V_BBB) * (Antibody_BBB/V_BBB) * V_BBB
AB40_O1_BBB,-,,kdeg * (AB40_O1_BBB/V_BBB) * V_BBB
AB40_O1_BBB,+,,CL_up_brain*fBBB*Vol_brain_ES * (AB40_O1_ISF/V_ISF)
AB40_O1_BBB,+,,CL_up_brain*fBBB*Vol_brain_ES * (AB40_O1_BrainPlasma/V_BrainPlasma)
AB40_O1_BCSFB,-,,k0_Antibody * (AB40_O1_BCSFB/V_BCSFB) * (Antibody_BCSFB/V_BCSFB) * V_BCSFB
AB40_O1_BCSFB,-,,kdeg * (AB40_O1_BCSFB/V_BCSFB) * V_BCSFB
AB40_O1_BCSFB,+,,CL_up_brain*(1.0 - fBBB)*Vol_brain_ES * (AB40_O1_BrainPlasma/V_BrainPlasma)
AB40_O1_BCSFB,+,,(1.0 - f_LV)*CL_up_brain*(1.0 - fBBB)*Vol_brain_ES * (AB40_O1_TFV/V_TFV)
AB40_O1_BCSFB,+,,f_LV*CL_up_brain*(1.0 - fBBB)*Vol_brain_ES * (AB40_O1_LV/V_LV)
AB40_O1_BrainPlasma,-,,k0_Antibody * (AB40_O1_BrainPlasma/V_BrainPlasma) * (Antibody_BrainPlasma/V_BrainPlasma) * V_BrainPlasma
AB40_O1_BrainPlasma,-,,(1.0 - sigma_BBB)*Qbrain_ISF * (AB40_O1_BrainPlasma/V_BrainPlasma)
AB40_O1_BrainPlasma,-,,f_LV*(1.0 - sigma_BCSFB)*Q_CSF * (AB40_O1_BrainPlasma/V_BrainPlasma)
AB40_O1_BrainPlasma,-,,(1.0 - f_LV)*(1.0 - sigma_BCSFB)*Q_CSF * (AB40_O1_BrainPlasma/V_BrainPlasma)
AB40_O1_BrainPlasma,-,,(Qbrain_plasma - Q_ CSF - Qbrain_ISF) * (AB40_O1_BrainPlasma/V_BrainPlasma)
AB40_O1_BrainPlasma,+,,Qbrain_plasma * (AB40_O1_central/V_central)
AB40_O1_BrainPlasma,-,,CL_up_brain*fBBB*Vol_brain_ES * (AB40_O1_BrainPlasma/V_BrainPlasma)
AB40_O1_BrainPlasma,-,,CL_up_brain*(1.0 - fBBB)*Vol_brain_ES * (AB40_O1_BrainPlasma/V_BrainPlasma)
AB40_O1_CM,-,,k0_Antibody * (AB40_O1_CM/V_CM) * (Antibody_CM/V_CM) * V_CM
AB40_O1_CM,+,,(Q_CSF + Qglymph) * (AB40_O1_TFV/V_TFV)
AB40_O1_CM,-,,(Q_CSF + Qglymph) * (AB40_O1_CM/V_CM)
AB40_O1_ISF,-,,k_O1_O2_AB40_ISF * (AB40_O1_ISF/V_ISF) * (AB40_O1_ISF/V_ISF) * V_ISF
AB40_O1_ISF,-,,k_O1_O2_AB40_ISF * (AB40_O1_ISF/V_ISF) * (AB40_O1_ISF/V_ISF) * V_ISF
AB40_O1_ISF,+,,k_O2_O1_AB40_ISF * (AB40_O2_ISF/V_ISF) * V_ISF
AB40_O1_ISF,+,,k_O2_O1_AB40_ISF * (AB40_O2_ISF/V_ISF) * V_ISF
AB40_O1_ISF,-,,k_O2_O3_AB40_ISF * (AB40_O1_ISF/V_ISF) * (AB40_O2_ISF/V_ISF) * V_ISF
AB40_O1_ISF,+,,k_O3_O2_AB40_ISF * (AB40_O3_ISF/V_ISF) * V_ISF
AB40_O1_ISF,-,,k_O3_O4_AB40_ISF * (AB40_O1_ISF/V_ISF) * (AB40_O3_ISF/V_ISF) * V_ISF
AB40_O1_ISF,+,,k_O4_O3_AB40_ISF * (AB40_O4_ISF/V_ISF) * V_ISF
AB40_O1_ISF,-,,k_O4_O5_AB40_ISF * (AB40_O1_ISF/V_ISF) * (AB40_O4_ISF/V_ISF) * V_ISF
AB40_O1_ISF,+,,k_O5_O4_AB40_ISF * (AB40_O5_ISF/V_ISF) * V_ISF
AB40_O1_ISF,-,,k_O5_O6_AB40_ISF * (AB40_O1_ISF/V_ISF) * (AB40_O5_ISF/V_ISF) * V_ISF
AB40_O1_ISF,+,,k_O6_O5_AB40_ISF * (AB40_O6_ISF/V_ISF) * V_ISF
AB40_O1_ISF,-,,k_O6_O7_AB40_ISF * (AB40_O1_ISF/V_ISF) * (AB40_O6_ISF/V_ISF) * V_ISF
AB40_O1_ISF,+,,k_O7_O6_AB40_ISF * (AB40_O7_ISF/V_ISF) * V_ISF
AB40_O1_ISF,-,,k_O7_O8_AB40_ISF * (AB40_O1_ISF/V_ISF) * (AB40_O7_ISF/V_ISF) * V_ISF
AB40_O1_ISF,+,,k_O8_O7_AB40_ISF * (AB40_O8_ISF/V_ISF) * V_ISF
AB40_O1_ISF,-,,k_O8_O9_AB40_ISF * (AB40_O1_ISF/V_ISF) * (AB40_O8_ISF/V_ISF) * V_ISF
AB40_O1_ISF,+,,k_O9_O8_AB40_ISF * (AB40_O9_ISF/V_ISF) * V_ISF
AB40_O1_ISF,-,,k_O9_O10_AB40_ISF * (AB40_O1_ISF/V_ISF) * (AB40_O9_ISF/V_ISF) * V_ISF
AB40_O1_ISF,+,,k_O10_O9_AB40_ISF * (AB40_O10_ISF/V_ISF) * V_ISF
AB40_O1_ISF,-,,k_O10_O11_AB40_ISF * (AB40_O1_ISF/V_ISF) * (AB40_O10_ISF/V_ISF) * V_ISF
AB40_O1_ISF,+,,k_O11_O10_AB40_ISF * (AB40_O11_ISF/V_ISF) * V_ISF
AB40_O1_ISF,-,,k_O11_O12_AB40_ISF * (AB40_O1_ISF/V_ISF) * (AB40_O11_ISF/V_ISF) * V_ISF
AB40_O1_ISF,+,,k_O12_O11_AB40_ISF * (AB40_O12_ISF/V_ISF) * V_ISF
AB40_O1_ISF,-,,k_O12_O13_AB40_ISF * (AB40_O1_ISF/V_ISF) * (AB40_O12_ISF/V_ISF) * V_ISF
AB40_O1_ISF,+,,k_O13_O12_AB40_ISF * (AB40_O13_ISF/V_ISF) * V_ISF
AB40_O1_ISF,-,,k_O13_O14_AB40_ISF * (AB40_O1_ISF/V_ISF) * (AB40_O13_ISF/V_ISF) * V_ISF
AB40_O1_ISF,+,,k_O14_O13_AB40_ISF * (AB40_O14_ISF/V_ISF) * V_ISF
AB40_O1_ISF,-,,k_O14_O15_AB40_ISF * (AB40_O1_ISF/V_ISF) * (AB40_O14_ISF/V_ISF) * V_ISF
AB40_O1_ISF,+,,k_O15_O14_AB40_ISF * (AB40_O15_ISF/V_ISF) * V_ISF
AB40_O1_ISF,-,,k_O15_O16_AB40_ISF * (AB40_O1_ISF/V_ISF) * (AB40_O15_ISF/V_ISF) * V_ISF
AB40_O1_ISF,+,,k_O16_O15_AB40_ISF * (AB40_O16_ISF/V_ISF) * V_ISF
AB40_O1_ISF,-,,k_O16_O17_AB40_ISF * (AB40_O1_ISF/V_ISF) * (AB40_O16_ISF/V_ISF) * V_ISF
AB40_O1_ISF,+,,k_O17_O16_AB40_ISF * (AB40_O17_ISF/V_ISF) * V_ISF
AB40_O1_ISF,-,,k_O17_O18_AB40_ISF * (AB40_O1_ISF/V_ISF) * (AB40_O17_ISF/V_ISF) * V_ISF
AB40_O1_ISF,+,,k_O18_O17_AB40_ISF * (AB40_O18_ISF/V_ISF) * V_ISF
AB40_O1_ISF,-,,k_O18_O19_AB40_ISF * (AB40_O1_ISF/V_ISF) * (AB40_O18_ISF/V_ISF) * V_ISF
AB40_O1_ISF,+,,k_O19_O18_AB40_ISF * (AB40_O19_ISF/V_ISF) * V_ISF
AB40_O1_ISF,-,,k_O19_O20_AB40_ISF * (AB40_O1_ISF/V_ISF) * (AB40_O19_ISF/V_ISF) * V_ISF
AB40_O1_ISF,+,,k_O20_O19_AB40_ISF * (AB40_O20_ISF/V_ISF) * V_ISF
AB40_O1_ISF,-,,k_O20_O21_AB40_ISF * (AB40_O1_ISF/V_ISF) * (AB40_O20_ISF/V_ISF) * V_ISF
AB40_O1_ISF,+,,k_O21_O20_AB40_ISF * (AB40_O21_ISF/V_ISF) * V_ISF
AB40_O1_ISF,-,,k_O21_O22_AB40_ISF * (AB40_O1_ISF/V_ISF) * (AB40_O21_ISF/V_ISF) * V_ISF
AB40_O1_ISF,+,,k_O22_O21_AB40_ISF * (AB40_O22_ISF/V_ISF) * V_ISF
AB40_O1_ISF,-,,k_O22_O23_AB40_ISF * (AB40_O1_ISF/V_ISF) * (AB40_O22_ISF/V_ISF) * V_ISF
AB40_O1_ISF,+,,k_O23_O22_AB40_ISF * (AB40_O23_ISF/V_ISF) * V_ISF
AB40_O1_ISF,-,,k_O23_O24_AB40_ISF * (AB40_O1_ISF/V_ISF) * (AB40_O23_ISF/V_ISF) * V_ISF
AB40_O1_ISF,+,,k_O24_O23_AB40_ISF * (AB40_O24_ISF/V_ISF) * V_ISF
AB40_O1_ISF,-,,k_O1_O2_AB40_ISF*AB40_PDMA_Vmax_ISF*((AB40_O25_ISF/V_ISF) / ((AB40_O25_ISF/V_ISF) + AB40_PDMA_EC50_ISF)) * (AB40_O1_ISF/V_ISF) * (AB40_O1_ISF/V_ISF) * V_ISF
AB40_O1_ISF,-,,k_O1_O2_AB40_ISF*AB40_PDMA_Vmax_ISF*((AB40_O25_ISF/V_ISF) / ((AB40_O25_ISF/V_ISF) + AB40_PDMA_EC50_ISF)) * (AB40_O1_ISF/V_ISF) * (AB40_O1_ISF/V_ISF) * V_ISF
AB40_O1_ISF,-,,k_O2_O3_AB40_ISF*AB40_PDMA_Vmax_ISF*((AB40_O25_ISF/V_ISF) / ((AB40_O25_ISF/V_ISF) + AB40_PDMA_EC50_ISF)) * (AB40_O1_ISF/V_ISF) * (AB40_O2_ISF/V_ISF) * V_ISF
AB40_O1_ISF,-,,k_O3_O4_AB40_ISF*AB40_PDMA_Vmax_ISF*((AB40_O25_ISF/V_ISF) / ((AB40_O25_ISF/V_ISF) + AB40_PDMA_EC50_ISF)) * (AB40_O1_ISF/V_ISF) * (AB40_O3_ISF/V_ISF) * V_ISF
AB40_O1_ISF,-,,k_O4_O5_AB40_ISF*AB40_PDMA_Vmax_ISF*((AB40_O25_ISF/V_ISF) / ((AB40_O25_ISF/V_ISF) + AB40_PDMA_EC50_ISF)) * (AB40_O1_ISF/V_ISF) * (AB40_O4_ISF/V_ISF) * V_ISF
AB40_O1_ISF,-,,k_O5_O6_AB40_ISF*AB40_PDMA_Vmax_ISF*((AB40_O25_ISF/V_ISF) / ((AB40_O25_ISF/V_ISF) + AB40_PDMA_EC50_ISF)) * (AB40_O1_ISF/V_ISF) * (AB40_O5_ISF/V_ISF) * V_ISF
AB40_O1_ISF,-,,k_O6_O7_AB40_ISF*AB40_PDMA_Vmax_ISF*((AB40_O25_ISF/V_ISF) / ((AB40_O25_ISF/V_ISF) + AB40_PDMA_EC50_ISF)) * (AB40_O1_ISF/V_ISF) * (AB40_O6_ISF/V_ISF) * V_ISF
AB40_O1_ISF,-,,k_O7_O8_AB40_ISF*AB40_PDMA_Vmax_ISF*((AB40_O25_ISF/V_ISF) / ((AB40_O25_ISF/V_ISF) + AB40_PDMA_EC50_ISF)) * (AB40_O1_ISF/V_ISF) * (AB40_O7_ISF/V_ISF) * V_ISF
AB40_O1_ISF,-,,k_O8_O9_AB40_ISF*AB40_PDMA_Vmax_ISF*((AB40_O25_ISF/V_ISF) / ((AB40_O25_ISF/V_ISF) + AB40_PDMA_EC50_ISF)) * (AB40_O1_ISF/V_ISF) * (AB40_O8_ISF/V_ISF) * V_ISF
AB40_O1_ISF,-,,k_O9_O10_AB40_ISF*AB40_PDMA_Vmax_ISF*((AB40_O25_ISF/V_ISF) / ((AB40_O25_ISF/V_ISF) + AB40_PDMA_EC50_ISF)) * (AB40_O1_ISF/V_ISF) * (AB40_O9_ISF/V_ISF) * V_ISF
AB40_O1_ISF,-,,k_O10_O11_AB40_ISF*AB40_PDMA_Vmax_ISF*((AB40_O25_ISF/V_ISF) / ((AB40_O25_ISF/V_ISF) + AB40_PDMA_EC50_ISF)) * (AB40_O1_ISF/V_ISF) * (AB40_O10_ISF/V_ISF) * V_ISF
AB40_O1_ISF,-,,k_O11_O12_AB40_ISF*AB40_PDMA_Vmax_ISF*((AB40_O25_ISF/V_ISF) / ((AB40_O25_ISF/V_ISF) + AB40_PDMA_EC50_ISF)) * (AB40_O1_ISF/V_ISF) * (AB40_O11_ISF/V_ISF) * V_ISF
AB40_O1_ISF,-,,k_O12_O13_AB40_ISF*AB40_PDMA_Vmax_ISF*((AB40_O25_ISF/V_ISF) / ((AB40_O25_ISF/V_ISF) + AB40_PDMA_EC50_ISF)) * (AB40_O1_ISF/V_ISF) * (AB40_O12_ISF/V_ISF) * V_ISF
AB40_O1_ISF,-,,k_O13_O14_AB40_ISF*AB40_PDMA_Vmax_ISF*((AB40_O25_ISF/V_ISF) / ((AB40_O25_ISF/V_ISF) + AB40_PDMA_EC50_ISF)) * (AB40_O1_ISF/V_ISF) * (AB40_O13_ISF/V_ISF) * V_ISF
AB40_O1_ISF,-,,k_O14_O15_AB40_ISF*AB40_PDMA_Vmax_ISF*((AB40_O25_ISF/V_ISF) / ((AB40_O25_ISF/V_ISF) + AB40_PDMA_EC50_ISF)) * (AB40_O1_ISF/V_ISF) * (AB40_O14_ISF/V_ISF) * V_ISF
AB40_O1_ISF,-,,k_O15_O16_AB40_ISF*AB40_PDMA_Vmax_ISF*((AB40_O25_ISF/V_ISF) / ((AB40_O25_ISF/V_ISF) + AB40_PDMA_EC50_ISF)) * (AB40_O1_ISF/V_ISF) * (AB40_O15_ISF/V_ISF) * V_ISF
AB40_O1_ISF,-,,k_O16_O17_AB40_ISF*AB40_PDMA_Vmax_ISF*((AB40_O25_ISF/V_ISF) / ((AB40_O25_ISF/V_ISF) + AB40_PDMA_EC50_ISF)) * (AB40_O1_ISF/V_ISF) * (AB40_O16_ISF/V_ISF) * V_ISF
AB40_O1_ISF,-,,k0_Antibody * (AB40_O1_ISF/V_ISF) * (Antibody_ISF/V_ISF) * V_ISF
AB40_O1_ISF,-,,Baseline_AB40_O_P*k_O13_O14_AB40_ISF * (AB40_O1_ISF/V_ISF) * (AB40_O13_ISF/V_ISF) * V_ISF
AB40_O1_ISF,-,,Baseline_AB40_O_P*k_O14_O15_AB40_ISF * (AB40_O1_ISF/V_ISF) * (AB40_O14_ISF/V_ISF) * V_ISF
AB40_O1_ISF,-,,Baseline_AB40_O_P*k_O15_O16_AB40_ISF * (AB40_O1_ISF/V_ISF) * (AB40_O15_ISF/V_ISF) * V_ISF
AB40_O1_ISF,-,,Baseline_AB40_O_P*k_O16_O17_AB40_ISF * (AB40_O1_ISF/V_ISF) * (AB40_O16_ISF/V_ISF) * V_ISF
AB40_O1_ISF,-,,Baseline_AB40_O_P*k_O17_O18_AB40_ISF * (AB40_O1_ISF/V_ISF) * (AB40_O17_ISF/V_ISF) * V_ISF
AB40_O1_ISF,-,,Baseline_AB40_O_P*k_O18_O19_AB40_ISF * (AB40_O1_ISF/V_ISF) * (AB40_O18_ISF/V_ISF) * V_ISF
AB40_O1_ISF,-,,IDE_conc_ISF * AB40_IDE_Kcat_lin_ISF * (((AB40_O1_ISF/V_ISF))^AB40_IDE_Hill_ISF / (((AB40_O1_ISF/V_ISF))^AB40_IDE_Hill_ISF + AB40_IDE_IC50_ISF^AB40_IDE_Hill_ISF)) * V_ISF
AB40_O1_ISF,+,,k_AB40 * (C99_ISF/V_ISF) * V_ISF
AB40_O1_ISF,-,,(1.0 - sigma_ISF_central_Abeta) * (Qbrain_ISF - Q_PVS) * (AB40_O1_ISF/V_ISF)
AB40_O1_ISF,-,,f_LV*Qglymph * (AB40_O1_ISF/V_ISF)
AB40_O1_ISF,-,,(1.0 - f_LV) * Qglymph * (AB40_O1_ISF/V_ISF)
AB40_O1_ISF,+,,(1.0 - sigma_BBB)*Qbrain_ISF * (AB40_O1_BrainPlasma/V_BrainPlasma)
AB40_O1_ISF,+,,Qglymph * (AB40_O1_SAS/V_SAS)
AB40_O1_ISF,-,,(1.0 - sigma_ISF_PVS_O1) * Q_PVS * (AB40_O1_ISF/V_ISF)
AB40_O1_ISF,-,,CL_up_brain*fBBB*Vol_brain_ES * (AB40_O1_ISF/V_ISF)
AB40_O1_LV,-,,k0_Antibody * (AB40_O1_LV/V_LV) * (Antibody_LV/V_LV) * V_LV
AB40_O1_LV,+,,f_LV*Qglymph * (AB40_O1_ISF/V_ISF)
AB40_O1_LV,+,,f_LV*(1.0 - sigma_BCSFB)*Q_CSF * (AB40_O1_BrainPlasma/V_BrainPlasma)
AB40_O1_LV,-,,f_LV*(Q_CSF + Qglymph) * (AB40_O1_LV/V_LV)
AB40_O1_LV,-,,f_LV*CL_up_brain*(1.0 - fBBB)*Vol_brain_ES * (AB40_O1_LV/V_LV)
AB40_O1_PVS,-,,k0_Antibody * (AB40_O1_PVS/V_PVS) * (Antibody_PVS/V_PVS) * V_PVS
AB40_O1_PVS,-,,(1.0 - sigma_PVS_central_Abeta) * Q_PVS * (AB40_O1_PVS/V_PVS)
AB40_O1_PVS,+,,(1.0 - sigma_ISF_PVS_O1) * Q_PVS * (AB40_O1_ISF/V_ISF)
AB40_O1_SAS,-,,k0_Antibody * (AB40_O1_SAS/V_SAS) * (Antibody_SAS/V_SAS) * V_SAS
AB40_O1_SAS,+,,(Q_CSF + Qglymph) * (AB40_O1_CM/V_CM)
AB40_O1_SAS,-,,Qglymph * (AB40_O1_SAS/V_SAS)
AB40_O1_SAS,-,,(1 - sigma_SAS_central_Abeta)*Q_CSF * (AB40_O1_SAS/V_SAS)
AB40_O1_TFV,-,,k0_Antibody * (AB40_O1_TFV/V_TFV) * (Antibody_TFV/V_TFV) * V_TFV
AB40_O1_TFV,+,,(1.0 - f_LV) * Qglymph * (AB40_O1_ISF/V_ISF)
AB40_O1_TFV,+,,(1.0 - f_LV)*(1.0 - sigma_BCSFB)*Q_CSF * (AB40_O1_BrainPlasma/V_BrainPlasma)
AB40_O1_TFV,+,,f_LV*(Q_CSF + Qglymph) * (AB40_O1_LV/V_LV)
AB40_O1_TFV,-,,(Q_CSF + Qglymph) * (AB40_O1_TFV/V_TFV)
AB40_O1_TFV,-,,(1.0 - f_LV)*CL_up_brain*(1.0 - fBBB)*Vol_brain_ES * (AB40_O1_TFV/V_TFV)
AB40_O1__Antibody_BBB,+,,k0_Antibody * (AB40_O1_BBB/V_BBB) * (Antibody_BBB/V_BBB) * V_BBB
AB40_O1__Antibody_BBB,-,,kdeg * (AB40_O1__Antibody_BBB/V_BBB) * V_BBB
AB40_O1__Antibody_BBB,+,,CL_up_brain*fBBB*Vol_brain_ES * (AB40_O1__Antibody_ISF/V_ISF)
AB40_O1__Antibody_BBB,+,,CL_up_brain*fBBB*Vol_brain_ES * (AB40_O1__Antibody_BrainPlasma/V_BrainPlasma)
AB40_O1__Antibody_BBB,-,,kon_FCRn * (AB40_O1__Antibody_BBB/V_BBB) * (FCRn_BBB/V_BBB) * V_BBB
AB40_O1__Antibody_BBB,+,,koff_FCRn * (AB40_O1__Antibody__FCRn_BBB/V_BBB) * V_BBB
AB40_O1__Antibody_BCSFB,+,,k0_Antibody * (AB40_O1_BCSFB/V_BCSFB) * (Antibody_BCSFB/V_BCSFB) * V_BCSFB
AB40_O1__Antibody_BCSFB,-,,kdeg * (AB40_O1__Antibody_BCSFB/V_BCSFB) * V_BCSFB
AB40_O1__Antibody_BCSFB,+,,CL_up_brain*(1.0 - fBBB)*Vol_brain_ES * (AB40_O1__Antibody_BrainPlasma/V_BrainPlasma)
AB40_O1__Antibody_BCSFB,+,,(1.0 - f_LV)*CL_up_brain*(1.0 - fBBB)*Vol_brain_ES * (AB40_O1__Antibody_TFV/V_TFV)
AB40_O1__Antibody_BCSFB,+,,f_LV*CL_up_brain*(1.0 - fBBB)*Vol_brain_ES * (AB40_O1__Antibody_LV/V_LV)
AB40_O1__Antibody_BCSFB,-,,kon_FCRn * (AB40_O1__Antibody_BCSFB/V_BCSFB) * (FCRn_BCSFB/V_BCSFB) * V_BCSFB
AB40_O1__Antibody_BCSFB,+,,koff_FCRn * (AB40_O1__Antibody__FCRn_BCSFB/V_BCSFB) * V_BCSFB
AB40_O1__Antibody_BrainPlasma,+,,k0_Antibody * (AB40_O1_BrainPlasma/V_BrainPlasma) * (Antibody_BrainPlasma/V_BrainPlasma) * V_BrainPlasma
AB40_O1__Antibody_BrainPlasma,-,,(1.0 - sigma_BBB)*Qbrain_ISF * (AB40_O1__Antibody_BrainPlasma/V_BrainPlasma)
AB40_O1__Antibody_BrainPlasma,-,,f_LV*(1.0 - sigma_BCSFB)*Q_CSF * (AB40_O1__Antibody_BrainPlasma/V_BrainPlasma)
AB40_O1__Antibody_BrainPlasma,-,,(1.0 - f_LV)*(1.0 - sigma_BCSFB)*Q_CSF * (AB40_O1__Antibody_BrainPlasma/V_BrainPlasma)
AB40_O1__Antibody_BrainPlasma,-,,(Qbrain_plasma - Q_ CSF - Qbrain_ISF) * (AB40_O1__Antibody_BrainPlasma/V_BrainPlasma)
AB40_O1__Antibody_BrainPlasma,+,,Qbrain_plasma * (AB40_O1__Antibody_central/V_central)
AB40_O1__Antibody_BrainPlasma,-,,CL_up_brain*fBBB*Vol_brain_ES * (AB40_O1__Antibody_BrainPlasma/V_BrainPlasma)
AB40_O1__Antibody_BrainPlasma,-,,CL_up_brain*(1.0 - fBBB)*Vol_brain_ES * (AB40_O1__Antibody_BrainPlasma/V_BrainPlasma)
AB40_O1__Antibody_BrainPlasma,+,,CL_up_brain*fBBB*FR*Vol_brain_ES * (AB40_O1__Antibody__FCRn_BBB/V_BBB)
AB40_O1__Antibody_BrainPlasma,+,,CL_up_brain*(1.0 - fBBB)*FR*Vol_brain_ES * (AB40_O1__Antibody__FCRn_BCSFB/V_BCSFB)
AB40_O1__Antibody_CM,+,,k0_Antibody * (AB40_O1_CM/V_CM) * (Antibody_CM/V_CM) * V_CM
AB40_O1__Antibody_CM,+,,(Q_CSF + Qglymph) * (AB40_O1__Antibody_TFV/V_TFV)
AB40_O1__Antibody_CM,-,,(Q_CSF + Qglymph) * (AB40_O1__Antibody_CM/V_CM)
AB40_O1__Antibody_ISF,+,,k0_Antibody * (AB40_O1_ISF/V_ISF) * (Antibody_ISF/V_ISF) * V_ISF
AB40_O1__Antibody_ISF,-,,Microglia*(Microglia_high_frac*Microglia_high_rate_mAb + (1.0 - Microglia_high_frac)*Microglia_low_rate_mAb) * (AB40_O1__Antibody_ISF/V_ISF) * V_ISF
AB40_O1__Antibody_ISF,-,,(1.0 - sigma_ISF_central_Antibody) * (Qbrain_ISF - Q_PVS) * (AB40_O1__Antibody_ISF/V_ISF)
AB40_O1__Antibody_ISF,-,,f_LV*Qglymph * (AB40_O1__Antibody_ISF/V_ISF)
AB40_O1__Antibody_ISF,-,,(1.0 - f_LV) * Qglymph * (AB40_O1__Antibody_ISF/V_ISF)
AB40_O1__Antibody_ISF,+,,(1.0 - sigma_BBB)*Qbrain_ISF * (AB40_O1__Antibody_BrainPlasma/V_BrainPlasma)
AB40_O1__Antibody_ISF,+,,Qglymph * (AB40_O1__Antibody_SAS/V_SAS)
AB40_O1__Antibody_ISF,-,,CL_up_brain*fBBB*Vol_brain_ES * (AB40_O1__Antibody_ISF/V_ISF)
AB40_O1__Antibody_ISF,+,,CL_up_brain*fBBB*(1.0 - FR)*Vol_brain_ES * (AB40_O1__Antibody__FCRn_BBB/V_BBB)
AB40_O1__Antibody_LV,+,,k0_Antibody * (AB40_O1_LV/V_LV) * (Antibody_LV/V_LV) * V_LV
AB40_O1__Antibody_LV,+,,f_LV*Qglymph * (AB40_O1__Antibody_ISF/V_ISF)
AB40_O1__Antibody_LV,+,,f_LV*(1.0 - sigma_BCSFB)*Q_CSF * (AB40_O1__Antibody_BrainPlasma/V_BrainPlasma)
AB40_O1__Antibody_LV,-,,f_LV*(Q_CSF + Qglymph) * (AB40_O1__Antibody_LV/V_LV)
AB40_O1__Antibody_LV,-,,f_LV*CL_up_brain*(1.0 - fBBB)*Vol_brain_ES * (AB40_O1__Antibody_LV/V_LV)
AB40_O1__Antibody_LV,+,,f_LV*CL_up_brain*(1.0 - fBBB)*(1.0 - FR)*Vol_brain_ES * (AB40_O1__Antibody__FCRn_BCSFB/V_BCSFB)
AB40_O1__Antibody_PVS,+,,k0_Antibody * (AB40_O1_PVS/V_PVS) * (Antibody_PVS/V_PVS) * V_PVS
AB40_O1__Antibody_PVS,-,,(1.0 - sigma_PVS_central_Abeta) * Q_PVS * (AB40_O1__Antibody_PVS/V_PVS)
AB40_O1__Antibody_SAS,+,,k0_Antibody * (AB40_O1_SAS/V_SAS) * (Antibody_SAS/V_SAS) * V_SAS
AB40_O1__Antibody_SAS,+,,(Q_CSF + Qglymph) * (AB40_O1__Antibody_CM/V_CM)
AB40_O1__Antibody_SAS,-,,Qglymph * (AB40_O1__Antibody_SAS/V_SAS)
AB40_O1__Antibody_SAS,-,,(1 - sigma_SAS_central_Antibody)*Q_CSF * (AB40_O1__Antibody_SAS/V_SAS)
AB40_O1__Antibody_TFV,+,,k0_Antibody * (AB40_O1_TFV/V_TFV) * (Antibody_TFV/V_TFV) * V_TFV
AB40_O1__Antibody_TFV,+,,(1.0 - f_LV) * Qglymph * (AB40_O1__Antibody_ISF/V_ISF)
AB40_O1__Antibody_TFV,+,,(1.0 - f_LV)*(1.0 - sigma_BCSFB)*Q_CSF * (AB40_O1__Antibody_BrainPlasma/V_BrainPlasma)
AB40_O1__Antibody_TFV,+,,f_LV*(Q_CSF + Qglymph) * (AB40_O1__Antibody_LV/V_LV)
AB40_O1__Antibody_TFV,-,,(Q_CSF + Qglymph) * (AB40_O1__Antibody_TFV/V_TFV)
AB40_O1__Antibody_TFV,-,,(1.0 - f_LV)*CL_up_brain*(1.0 - fBBB)*Vol_brain_ES * (AB40_O1__Antibody_TFV/V_TFV)
AB40_O1__Antibody_TFV,+,,(1.0 - f_LV)*CL_up_brain*(1.0 - fBBB)*(1.0 - FR)*Vol_brain_ES * (AB40_O1__Antibody__FCRn_BCSFB/V_BCSFB)
AB40_O1__Antibody__FCRn_BBB,-,,CL_up_brain*fBBB*(1.0 - FR)*Vol_brain_ES * (AB40_O1__Antibody__FCRn_BBB/V_BBB)
AB40_O1__Antibody__FCRn_BBB,-,,CL_up_brain*fBBB*FR*Vol_brain_ES * (AB40_O1__Antibody__FCRn_BBB/V_BBB)
AB40_O1__Antibody__FCRn_BBB,+,,kon_FCRn * (AB40_O1__Antibody_BBB/V_BBB) * (FCRn_BBB/V_BBB) * V_BBB
AB40_O1__Antibody__FCRn_BBB,-,,koff_FCRn * (AB40_O1__Antibody__FCRn_BBB/V_BBB) * V_BBB
AB40_O1__Antibody__FCRn_BCSFB,-,,f_LV*CL_up_brain*(1.0 - fBBB)*(1.0 - FR)*Vol_brain_ES * (AB40_O1__Antibody__FCRn_BCSFB/V_BCSFB)
AB40_O1__Antibody__FCRn_BCSFB,-,,(1.0 - f_LV)*CL_up_brain*(1.0 - fBBB)*(1.0 - FR)*Vol_brain_ES * (AB40_O1__Antibody__FCRn_BCSFB/V_BCSFB)
AB40_O1__Antibody__FCRn_BCSFB,-,,CL_up_brain*(1.0 - fBBB)*FR*Vol_brain_ES * (AB40_O1__Antibody__FCRn_BCSFB/V_BCSFB)
AB40_O1__Antibody__FCRn_BCSFB,+,,kon_FCRn * (AB40_O1__Antibody_BCSFB/V_BCSFB) * (FCRn_BCSFB/V_BCSFB) * V_BCSFB
AB40_O1__Antibody__FCRn_BCSFB,-,,koff_FCRn * (AB40_O1__Antibody__FCRn_BCSFB/V_BCSFB) * V_BCSFB
AB40_O1__Antibody_central,+,,k0_Antibody * (AB40_O1_central/V_central) * (Antibody_central/V_central) * V_central
AB40_O1__Antibody_central,+,,(1.0 - sigma_PVS_central_Abeta) * Q_PVS * (AB40_O1__Antibody_PVS/V_PVS)
AB40_O1__Antibody_central,+,,(1.0 - sigma_ISF_central_Antibody) * (Qbrain_ISF - Q_PVS) * (AB40_O1__Antibody_ISF/V_ISF)
AB40_O1__Antibody_central,+,,(1 - sigma_SAS_central_Antibody)*Q_CSF * (AB40_O1__Antibody_SAS/V_SAS)
AB40_O1__Antibody_central,+,,(Qbrain_plasma - Q_ CSF - Qbrain_ISF) * (AB40_O1__Antibody_BrainPlasma/V_BrainPlasma)
AB40_O1__Antibody_central,-,,Qbrain_plasma * (AB40_O1__Antibody_central/V_central)
AB40_O1__Antibody_central,-,,Antibody_CL * (AB40_O1__Antibody_central/V_central)
AB40_O1__Antibody_central,-,,Antibody_CLd2 * (AB40_O1__Antibody_central/V_central)
AB40_O1__Antibody_central,+,,Antibody_CLd2 * (AB40_O1__Antibody_peripheral/V_peripheral)
AB40_O1__Antibody_peripheral,+,,Antibody_CLd2 * (AB40_O1__Antibody_central/V_central)
AB40_O1__Antibody_peripheral,-,,Antibody_CLd2 * (AB40_O1__Antibody_peripheral/V_peripheral)
AB40_O1_central,-,,k0_Antibody * (AB40_O1_central/V_central) * (Antibody_central/V_central) * V_central
AB40_O1_central,+,,AB40_systemic_synthesis_rate * V_central
AB40_O1_central,+,,(1.0 - sigma_PVS_central_Abeta) * Q_PVS * (AB40_O1_PVS/V_PVS)
AB40_O1_central,+,,(1.0 - sigma_ISF_central_Abeta) * (Qbrain_ISF - Q_PVS) * (AB40_O1_ISF/V_ISF)
AB40_O1_central,+,,(1 - sigma_SAS_central_Abeta)*Q_CSF * (AB40_O1_SAS/V_SAS)
AB40_O1_central,+,,(Qbrain_plasma - Q_ CSF - Qbrain_ISF) * (AB40_O1_BrainPlasma/V_BrainPlasma)
AB40_O1_central,-,,Qbrain_plasma * (AB40_O1_central/V_central)
AB40_O1_central,-,,Abeta_O1_CL * (AB40_O1_central/V_central)
AB40_O1_central,-,,Abeta_O1_CLd2 * (AB40_O1_central/V_central)
AB40_O1_central,+,,Abeta_O1_CLd2 * (AB40_O1_peripheral/V_peripheral)
AB40_O1_peripheral,+,,Abeta_O1_CLd2 * (AB40_O1_central/V_central)
AB40_O1_peripheral,-,,Abeta_O1_CLd2 * (AB40_O1_peripheral/V_peripheral)
AB40_O20_ISF,+,,k_O19_O20_AB40_ISF * (AB40_O1_ISF/V_ISF) * (AB40_O19_ISF/V_ISF) * V_ISF
AB40_O20_ISF,-,,k_O20_O19_AB40_ISF * (AB40_O20_ISF/V_ISF) * V_ISF
AB40_O20_ISF,-,,k_O20_O21_AB40_ISF * (AB40_O1_ISF/V_ISF) * (AB40_O20_ISF/V_ISF) * V_ISF
AB40_O20_ISF,+,,k_O21_O20_AB40_ISF * (AB40_O21_ISF/V_ISF) * V_ISF
AB40_O20_ISF,-,,k2_Antibody * (AB40_O20_ISF/V_ISF) * (Antibody_ISF/V_ISF) * V_ISF
AB40_O20_ISF,-,,Microglia*(Hi_lo_ratio*Microglia_high_frac*Microglia_Vmax_AB40/(Microglia_EC50_AB40 + (AB40_O20_ISF/V_ISF)) + (1.0 - Microglia_high_frac)*Microglia_Vmax_AB40/(Microglia_EC50_AB40 + (AB40_O20_ISF/V_ISF))) * (AB40_O20_ISF/V_ISF) * V_ISF
AB40_O20_ISF,-,,(1.0 - sigma_ISF_PVS_proto) * Q_PVS * (AB40_O20_ISF/V_ISF)
AB40_O20_PVS,-,,k2_Antibody * (AB40_O20_PVS/V_PVS) * (Antibody_PVS/V_PVS) * V_PVS
AB40_O20_PVS,+,,(1.0 - sigma_ISF_PVS_proto) * Q_PVS * (AB40_O20_ISF/V_ISF)
AB40_O20_PVS,-,,(1.0 - sigma_PVS_central_Abeta) * Q_PVS * (AB40_O20_PVS/V_PVS)
AB40_O20__Antibody_ISF,+,,k2_Antibody * (AB40_O20_ISF/V_ISF) * (Antibody_ISF/V_ISF) * V_ISF
AB40_O20__Antibody_ISF,-,,Microglia*(Microglia_high_frac*Microglia_high_rate_mAb + (1.0 - Microglia_high_frac)*Microglia_low_rate_mAb) * (AB40_O20__Antibody_ISF/V_ISF) * V_ISF
AB40_O20__Antibody_PVS,+,,k2_Antibody * (AB40_O20_PVS/V_PVS) * (Antibody_PVS/V_PVS) * V_PVS
AB40_O20__Antibody_PVS,-,,(1.0 - sigma_PVS_central_Antibody) * Q_PVS * (AB40_O20__Antibody_PVS/V_PVS)
AB40_O21_ISF,+,,k_O20_O21_AB40_ISF * (AB40_O1_ISF/V_ISF) * (AB40_O20_ISF/V_ISF) * V_ISF
AB40_O21_ISF,-,,k_O21_O20_AB40_ISF * (AB40_O21_ISF/V_ISF) * V_ISF
AB40_O21_ISF,-,,k_O21_O22_AB40_ISF * (AB40_O1_ISF/V_ISF) * (AB40_O21_ISF/V_ISF) * V_ISF
AB40_O21_ISF,+,,k_O22_O21_AB40_ISF * (AB40_O22_ISF/V_ISF) * V_ISF
AB40_O21_ISF,-,,k2_Antibody * (AB40_O21_ISF/V_ISF) * (Antibody_ISF/V_ISF) * V_ISF
AB40_O21_ISF,-,,Microglia*(Hi_lo_ratio*Microglia_high_frac*Microglia_Vmax_AB40/(Microglia_EC50_AB40 + (AB40_O21_ISF/V_ISF)) + (1.0 - Microglia_high_frac)*Microglia_Vmax_AB40/(Microglia_EC50_AB40 + (AB40_O21_ISF/V_ISF))) * (AB40_O21_ISF/V_ISF) * V_ISF
AB40_O21_ISF,-,,(1.0 - sigma_ISF_PVS_proto) * Q_PVS * (AB40_O21_ISF/V_ISF)
AB40_O21_PVS,-,,k2_Antibody * (AB40_O21_PVS/V_PVS) * (Antibody_PVS/V_PVS) * V_PVS
AB40_O21_PVS,+,,(1.0 - sigma_ISF_PVS_proto) * Q_PVS * (AB40_O21_ISF/V_ISF)
AB40_O21_PVS,-,,(1.0 - sigma_PVS_central_Abeta) * Q_PVS * (AB40_O21_PVS/V_PVS)
AB40_O21__Antibody_ISF,+,,k2_Antibody * (AB40_O21_ISF/V_ISF) * (Antibody_ISF/V_ISF) * V_ISF
AB40_O21__Antibody_ISF,-,,Microglia*(Microglia_high_frac*Microglia_high_rate_mAb + (1.0 - Microglia_high_frac)*Microglia_low_rate_mAb) * (AB40_O21__Antibody_ISF/V_ISF) * V_ISF
AB40_O21__Antibody_PVS,+,,k2_Antibody * (AB40_O21_PVS/V_PVS) * (Antibody_PVS/V_PVS) * V_PVS
AB40_O21__Antibody_PVS,-,,(1.0 - sigma_PVS_central_Antibody) * Q_PVS * (AB40_O21__Antibody_PVS/V_PVS)
AB40_O22_ISF,+,,k_O21_O22_AB40_ISF * (AB40_O1_ISF/V_ISF) * (AB40_O21_ISF/V_ISF) * V_ISF
AB40_O22_ISF,-,,k_O22_O21_AB40_ISF * (AB40_O22_ISF/V_ISF) * V_ISF
AB40_O22_ISF,-,,k_O22_O23_AB40_ISF * (AB40_O1_ISF/V_ISF) * (AB40_O22_ISF/V_ISF) * V_ISF
AB40_O22_ISF,+,,k_O23_O22_AB40_ISF * (AB40_O23_ISF/V_ISF) * V_ISF
AB40_O22_ISF,-,,k2_Antibody * (AB40_O22_ISF/V_ISF) * (Antibody_ISF/V_ISF) * V_ISF
AB40_O22_ISF,-,,Microglia*(Hi_lo_ratio*Microglia_high_frac*Microglia_Vmax_AB40/(Microglia_EC50_AB40 + (AB40_O22_ISF/V_ISF)) + (1.0 - Microglia_high_frac)*Microglia_Vmax_AB40/(Microglia_EC50_AB40 + (AB40_O22_ISF/V_ISF))) * (AB40_O22_ISF/V_ISF) * V_ISF
AB40_O22_ISF,-,,(1.0 - sigma_ISF_PVS_proto) * Q_PVS * (AB40_O22_ISF/V_ISF)
AB40_O22_PVS,-,,k2_Antibody * (AB40_O22_PVS/V_PVS) * (Antibody_PVS/V_PVS) * V_PVS
AB40_O22_PVS,+,,(1.0 - sigma_ISF_PVS_proto) * Q_PVS * (AB40_O22_ISF/V_ISF)
AB40_O22_PVS,-,,(1.0 - sigma_PVS_central_Abeta) * Q_PVS * (AB40_O22_PVS/V_PVS)
AB40_O22__Antibody_ISF,+,,k2_Antibody * (AB40_O22_ISF/V_ISF) * (Antibody_ISF/V_ISF) * V_ISF
AB40_O22__Antibody_ISF,-,,Microglia*(Microglia_high_frac*Microglia_high_rate_mAb + (1.0 - Microglia_high_frac)*Microglia_low_rate_mAb) * (AB40_O22__Antibody_ISF/V_ISF) * V_ISF
AB40_O22__Antibody_PVS,+,,k2_Antibody * (AB40_O22_PVS/V_PVS) * (Antibody_PVS/V_PVS) * V_PVS
AB40_O22__Antibody_PVS,-,,(1.0 - sigma_PVS_central_Antibody) * Q_PVS * (AB40_O22__Antibody_PVS/V_PVS)
AB40_O23_ISF,+,,k_O22_O23_AB40_ISF * (AB40_O1_ISF/V_ISF) * (AB40_O22_ISF/V_ISF) * V_ISF
AB40_O23_ISF,-,,k_O23_O22_AB40_ISF * (AB40_O23_ISF/V_ISF) * V_ISF
AB40_O23_ISF,-,,k_O23_O24_AB40_ISF * (AB40_O1_ISF/V_ISF) * (AB40_O23_ISF/V_ISF) * V_ISF
AB40_O23_ISF,+,,k_O24_O23_AB40_ISF * (AB40_O24_ISF/V_ISF) * V_ISF
AB40_O23_ISF,-,,k2_Antibody * (AB40_O23_ISF/V_ISF) * (Antibody_ISF/V_ISF) * V_ISF
AB40_O23_ISF,-,,Microglia*(Hi_lo_ratio*Microglia_high_frac*Microglia_Vmax_AB40/(Microglia_EC50_AB40 + (AB40_O23_ISF/V_ISF)) + (1.0 - Microglia_high_frac)*Microglia_Vmax_AB40/(Microglia_EC50_AB40 + (AB40_O23_ISF/V_ISF))) * (AB40_O23_ISF/V_ISF) * V_ISF
AB40_O23_ISF,-,,(1.0 - sigma_ISF_PVS_proto) * Q_PVS * (AB40_O23_ISF/V_ISF)
AB40_O23_PVS,-,,k2_Antibody * (AB40_O23_PVS/V_PVS) * (Antibody_PVS/V_PVS) * V_PVS
AB40_O23_PVS,+,,(1.0 - sigma_ISF_PVS_proto) * Q_PVS * (AB40_O23_ISF/V_ISF)
AB40_O23_PVS,-,,(1.0 - sigma_PVS_central_Abeta) * Q_PVS * (AB40_O23_PVS/V_PVS)
AB40_O23__Antibody_ISF,+,,k2_Antibody * (AB40_O23_ISF/V_ISF) * (Antibody_ISF/V_ISF) * V_ISF
AB40_O23__Antibody_ISF,-,,Microglia*(Microglia_high_frac*Microglia_high_rate_mAb + (1.0 - Microglia_high_frac)*Microglia_low_rate_mAb) * (AB40_O23__Antibody_ISF/V_ISF) * V_ISF
AB40_O23__Antibody_PVS,+,,k2_Antibody * (AB40_O23_PVS/V_PVS) * (Antibody_PVS/V_PVS) * V_PVS
AB40_O23__Antibody_PVS,-,,(1.0 - sigma_PVS_central_Antibody) * Q_PVS * (AB40_O23__Antibody_PVS/V_PVS)
AB40_O24_ISF,+,,k_O23_O24_AB40_ISF * (AB40_O1_ISF/V_ISF) * (AB40_O23_ISF/V_ISF) * V_ISF
AB40_O24_ISF,-,,k_O24_O23_AB40_ISF * (AB40_O24_ISF/V_ISF) * V_ISF
AB40_O24_ISF,-,,k2_Antibody * (AB40_O24_ISF/V_ISF) * (Antibody_ISF/V_ISF) * V_ISF
AB40_O24_ISF,-,,Microglia*(Hi_lo_ratio*Microglia_high_frac*Microglia_Vmax_AB40/(Microglia_EC50_AB40 + (AB40_O24_ISF/V_ISF)) + (1.0 - Microglia_high_frac)*Microglia_Vmax_AB40/(Microglia_EC50_AB40 + (AB40_O24_ISF/V_ISF))) * (AB40_O24_ISF/V_ISF) * V_ISF
AB40_O24_ISF,-,,k_O24_O12_AB40_ISF*k_O24_O23_AB40_ISF * (AB40_O24_ISF/V_ISF) * V_ISF
AB40_O24_ISF,-,,(1.0 - sigma_ISF_PVS_proto) * Q_PVS * (AB40_O24_ISF/V_ISF)
AB40_O24_PVS,-,,k2_Antibody * (AB40_O24_PVS/V_PVS) * (Antibody_PVS/V_PVS) * V_PVS
AB40_O24_PVS,+,,(1.0 - sigma_ISF_PVS_proto) * Q_PVS * (AB40_O24_ISF/V_ISF)
AB40_O24_PVS,-,,(1.0 - sigma_PVS_central_Abeta) * Q_PVS * (AB40_O24_PVS/V_PVS)
AB40_O24__Antibody_ISF,+,,k2_Antibody * (AB40_O24_ISF/V_ISF) * (Antibody_ISF/V_ISF) * V_ISF
AB40_O24__Antibody_ISF,-,,Microglia*(Microglia_high_frac*Microglia_high_rate_mAb + (1.0 - Microglia_high_frac)*Microglia_low_rate_mAb) * (AB40_O24__Antibody_ISF/V_ISF) * V_ISF
AB40_O24__Antibody_PVS,+,,k2_Antibody * (AB40_O24_PVS/V_PVS) * (Antibody_PVS/V_PVS) * V_PVS
AB40_O24__Antibody_PVS,-,,(1.0 - sigma_PVS_central_Antibody) * Q_PVS * (AB40_O24__Antibody_PVS/V_PVS)
AB40_O25_ISF,-,,k3_Antibody * (AB40_O25_ISF/V_ISF) * (Antibody_ISF/V_ISF) * V_ISF
AB40_O25_ISF,+,,Baseline_AB40_O_P*k_O13_O14_AB40_ISF * (AB40_O1_ISF/V_ISF) * (AB40_O13_ISF/V_ISF) * V_ISF
AB40_O25_ISF,+,,Baseline_AB40_O_P*k_O14_O15_AB40_ISF * (AB40_O1_ISF/V_ISF) * (AB40_O14_ISF/V_ISF) * V_ISF
AB40_O25_ISF,+,,Baseline_AB40_O_P*k_O15_O16_AB40_ISF * (AB40_O1_ISF/V_ISF) * (AB40_O15_ISF/V_ISF) * V_ISF
AB40_O25_ISF,+,,Baseline_AB40_O_P*k_O16_O17_AB40_ISF * (AB40_O1_ISF/V_ISF) * (AB40_O16_ISF/V_ISF) * V_ISF
AB40_O25_ISF,+,,Baseline_AB40_O_P*k_O17_O18_AB40_ISF * (AB40_O1_ISF/V_ISF) * (AB40_O17_ISF/V_ISF) * V_ISF
AB40_O25_ISF,+,,Baseline_AB40_O_P*k_O18_O19_AB40_ISF * (AB40_O1_ISF/V_ISF) * (AB40_O18_ISF/V_ISF) * V_ISF
AB40_O25_ISF,-,,0.5*Microglia*(Microglia_high_frac*Microglia_high_rate_AB40 + (1.0 - Microglia_high_frac)*Microglia_low_rate_AB40) * (AB40_O25_ISF/V_ISF) * V_ISF
AB40_O25_PVS,-,,k3_Antibody * (AB40_O25_PVS/V_PVS) * (Antibody_PVS/V_PVS) * V_PVS
AB40_O25__Antibody_ISF,+,,k3_Antibody * (AB40_O25_ISF/V_ISF) * (Antibody_ISF/V_ISF) * V_ISF
AB40_O25__Antibody_ISF,-,,Microglia*(Microglia_high_frac*Microglia_high_rate_mAb + (1.0 - Microglia_high_frac)*Microglia_low_rate_mAb) * (AB40_O25__Antibody_ISF/V_ISF) * V_ISF
AB40_O25__Antibody_PVS,+,,k3_Antibody * (AB40_O25_PVS/V_PVS) * (Antibody_PVS/V_PVS) * V_PVS
AB40_O2_ISF,+,,k_O1_O2_AB40_ISF * (AB40_O1_ISF/V_ISF) * (AB40_O1_ISF/V_ISF) * V_ISF
AB40_O2_ISF,-,,k_O2_O1_AB40_ISF * (AB40_O2_ISF/V_ISF) * V_ISF
AB40_O2_ISF,-,,k_O2_O3_AB40_ISF * (AB40_O1_ISF/V_ISF) * (AB40_O2_ISF/V_ISF) * V_ISF
AB40_O2_ISF,+,,k_O3_O2_AB40_ISF * (AB40_O3_ISF/V_ISF) * V_ISF
AB40_O2_ISF,+,,k_O1_O2_AB40_ISF*AB40_PDMA_Vmax_ISF*((AB40_O25_ISF/V_ISF) / ((AB40_O25_ISF/V_ISF) + AB40_PDMA_EC50_ISF)) * (AB40_O1_ISF/V_ISF) * (AB40_O1_ISF/V_ISF) * V_ISF
AB40_O2_ISF,-,,k_O2_O3_AB40_ISF*AB40_PDMA_Vmax_ISF*((AB40_O25_ISF/V_ISF) / ((AB40_O25_ISF/V_ISF) + AB40_PDMA_EC50_ISF)) * (AB40_O1_ISF/V_ISF) * (AB40_O2_ISF/V_ISF) * V_ISF
AB40_O2_ISF,-,,k1_Antibody * (AB40_O2_ISF/V_ISF) * (Antibody_ISF/V_ISF) * V_ISF
AB40_O2_ISF,-,,Microglia*(Hi_lo_ratio*Microglia_high_frac*Microglia_Vmax_AB40/(Microglia_EC50_AB40 + (AB40_O2_ISF/V_ISF)) + (1.0 - Microglia_high_frac)*Microglia_Vmax_AB40/(Microglia_EC50_AB40 + (AB40_O2_ISF/V_ISF))) * (AB40_O2_ISF/V_ISF) * V_ISF
AB40_O2_ISF,-,,(1.0 - sigma_ISF_PVS_oligomer1) * Q_PVS * (AB40_O2_ISF/V_ISF)
AB40_O2_PVS,-,,k1_Antibody * (AB40_O2_PVS/V_PVS) * (Antibody_PVS/V_PVS) * V_PVS
AB40_O2_PVS,+,,(1.0 - sigma_ISF_PVS_oligomer1) * Q_PVS * (AB40_O2_ISF/V_ISF)
AB40_O2_PVS,-,,(1.0 - sigma_PVS_central_Abeta) * Q_PVS * (AB40_O2_PVS/V_PVS)
AB40_O2__Antibody_ISF,+,,k1_Antibody * (AB40_O2_ISF/V_ISF) * (Antibody_ISF/V_ISF) * V_ISF
AB40_O2__Antibody_ISF,-,,Microglia*(Microglia_high_frac*Microglia_high_rate_mAb + (1.0 - Microglia_high_frac)*Microglia_low_rate_mAb) * (AB40_O2__Antibody_ISF/V_ISF) * V_ISF
AB40_O2__Antibody_PVS,+,,k1_Antibody * (AB40_O2_PVS/V_PVS) * (Antibody_PVS/V_PVS) * V_PVS
AB40_O2__Antibody_PVS,-,,(1.0 - sigma_PVS_central_Antibody) * Q_PVS * (AB40_O2__Antibody_PVS/V_PVS)
AB40_O3_ISF,+,,k_O2_O3_AB40_ISF * (AB40_O1_ISF/V_ISF) * (AB40_O2_ISF/V_ISF) * V_ISF
AB40_O3_ISF,-,,k_O3_O2_AB40_ISF * (AB40_O3_ISF/V_ISF) * V_ISF
AB40_O3_ISF,-,,k_O3_O4_AB40_ISF * (AB40_O1_ISF/V_ISF) * (AB40_O3_ISF/V_ISF) * V_ISF
AB40_O3_ISF,+,,k_O4_O3_AB40_ISF * (AB40_O4_ISF/V_ISF) * V_ISF
AB40_O3_ISF,+,,k_O2_O3_AB40_ISF*AB40_PDMA_Vmax_ISF*((AB40_O25_ISF/V_ISF) / ((AB40_O25_ISF/V_ISF) + AB40_PDMA_EC50_ISF)) * (AB40_O1_ISF/V_ISF) * (AB40_O2_ISF/V_ISF) * V_ISF
AB40_O3_ISF,-,,k_O3_O4_AB40_ISF*AB40_PDMA_Vmax_ISF*((AB40_O25_ISF/V_ISF) / ((AB40_O25_ISF/V_ISF) + AB40_PDMA_EC50_ISF)) * (AB40_O1_ISF/V_ISF) * (AB40_O3_ISF/V_ISF) * V_ISF
AB40_O3_ISF,-,,k1_Antibody * (AB40_O3_ISF/V_ISF) * (Antibody_ISF/V_ISF) * V_ISF
AB40_O3_ISF,-,,Microglia*(Hi_lo_ratio*Microglia_high_frac*Microglia_Vmax_AB40/(Microglia_EC50_AB40 + (AB40_O3_ISF/V_ISF)) + (1.0 - Microglia_high_frac)*Microglia_Vmax_AB40/(Microglia_EC50_AB40 + (AB40_O3_ISF/V_ISF))) * (AB40_O3_ISF/V_ISF) * V_ISF
AB40_O3_ISF,-,,(1.0 - sigma_ISF_PVS_oligomer1) * Q_PVS * (AB40_O3_ISF/V_ISF)
AB40_O3_PVS,-,,k1_Antibody * (AB40_O3_PVS/V_PVS) * (Antibody_PVS/V_PVS) * V_PVS
AB40_O3_PVS,+,,(1.0 - sigma_ISF_PVS_oligomer1) * Q_PVS * (AB40_O3_ISF/V_ISF)
AB40_O3_PVS,-,,(1.0 - sigma_PVS_central_Abeta) * Q_PVS * (AB40_O3_PVS/V_PVS)
AB40_O3__Antibody_ISF,+,,k1_Antibody * (AB40_O3_ISF/V_ISF) * (Antibody_ISF/V_ISF) * V_ISF
AB40_O3__Antibody_ISF,-,,Microglia*(Microglia_high_frac*Microglia_high_rate_mAb + (1.0 - Microglia_high_frac)*Microglia_low_rate_mAb) * (AB40_O3__Antibody_ISF/V_ISF) * V_ISF
AB40_O3__Antibody_PVS,+,,k1_Antibody * (AB40_O3_PVS/V_PVS) * (Antibody_PVS/V_PVS) * V_PVS
AB40_O3__Antibody_PVS,-,,(1.0 - sigma_PVS_central_Antibody) * Q_PVS * (AB40_O3__Antibody_PVS/V_PVS)
AB40_O4_ISF,+,,k_O3_O4_AB40_ISF * (AB40_O1_ISF/V_ISF) * (AB40_O3_ISF/V_ISF) * V_ISF
AB40_O4_ISF,-,,k_O4_O3_AB40_ISF * (AB40_O4_ISF/V_ISF) * V_ISF
AB40_O4_ISF,-,,k_O4_O5_AB40_ISF * (AB40_O1_ISF/V_ISF) * (AB40_O4_ISF/V_ISF) * V_ISF
AB40_O4_ISF,+,,k_O5_O4_AB40_ISF * (AB40_O5_ISF/V_ISF) * V_ISF
AB40_O4_ISF,+,,k_O3_O4_AB40_ISF*AB40_PDMA_Vmax_ISF*((AB40_O25_ISF/V_ISF) / ((AB40_O25_ISF/V_ISF) + AB40_PDMA_EC50_ISF)) * (AB40_O1_ISF/V_ISF) * (AB40_O3_ISF/V_ISF) * V_ISF
AB40_O4_ISF,-,,k_O4_O5_AB40_ISF*AB40_PDMA_Vmax_ISF*((AB40_O25_ISF/V_ISF) / ((AB40_O25_ISF/V_ISF) + AB40_PDMA_EC50_ISF)) * (AB40_O1_ISF/V_ISF) * (AB40_O4_ISF/V_ISF) * V_ISF
AB40_O4_ISF,-,,k1_Antibody * (AB40_O4_ISF/V_ISF) * (Antibody_ISF/V_ISF) * V_ISF
AB40_O4_ISF,-,,Microglia*(Hi_lo_ratio*Microglia_high_frac*Microglia_Vmax_AB40/(Microglia_EC50_AB40 + (AB40_O4_ISF/V_ISF)) + (1.0 - Microglia_high_frac)*Microglia_Vmax_AB40/(Microglia_EC50_AB40 + (AB40_O4_ISF/V_ISF))) * (AB40_O4_ISF/V_ISF) * V_ISF
AB40_O4_ISF,-,,(1.0 - sigma_ISF_PVS_oligomer1) * Q_PVS * (AB40_O4_ISF/V_ISF)
AB40_O4_PVS,-,,k1_Antibody * (AB40_O4_PVS/V_PVS) * (Antibody_PVS/V_PVS) * V_PVS
AB40_O4_PVS,+,,(1.0 - sigma_ISF_PVS_oligomer1) * Q_PVS * (AB40_O4_ISF/V_ISF)
AB40_O4_PVS,-,,(1.0 - sigma_PVS_central_Abeta) * Q_PVS * (AB40_O4_PVS/V_PVS)
AB40_O4__Antibody_ISF,+,,k1_Antibody * (AB40_O4_ISF/V_ISF) * (Antibody_ISF/V_ISF) * V_ISF
AB40_O4__Antibody_ISF,-,,Microglia*(Microglia_high_frac*Microglia_high_rate_mAb + (1.0 - Microglia_high_frac)*Microglia_low_rate_mAb) * (AB40_O4__Antibody_ISF/V_ISF) * V_ISF
AB40_O4__Antibody_PVS,+,,k1_Antibody * (AB40_O4_PVS/V_PVS) * (Antibody_PVS/V_PVS) * V_PVS
AB40_O4__Antibody_PVS,-,,(1.0 - sigma_PVS_central_Antibody) * Q_PVS * (AB40_O4__Antibody_PVS/V_PVS)
AB40_O5_ISF,+,,k_O4_O5_AB40_ISF * (AB40_O1_ISF/V_ISF) * (AB40_O4_ISF/V_ISF) * V_ISF
AB40_O5_ISF,-,,k_O5_O4_AB40_ISF * (AB40_O5_ISF/V_ISF) * V_ISF
AB40_O5_ISF,-,,k_O5_O6_AB40_ISF * (AB40_O1_ISF/V_ISF) * (AB40_O5_ISF/V_ISF) * V_ISF
AB40_O5_ISF,+,,k_O6_O5_AB40_ISF * (AB40_O6_ISF/V_ISF) * V_ISF
AB40_O5_ISF,+,,k_O4_O5_AB40_ISF*AB40_PDMA_Vmax_ISF*((AB40_O25_ISF/V_ISF) / ((AB40_O25_ISF/V_ISF) + AB40_PDMA_EC50_ISF)) * (AB40_O1_ISF/V_ISF) * (AB40_O4_ISF/V_ISF) * V_ISF
AB40_O5_ISF,-,,k_O5_O6_AB40_ISF*AB40_PDMA_Vmax_ISF*((AB40_O25_ISF/V_ISF) / ((AB40_O25_ISF/V_ISF) + AB40_PDMA_EC50_ISF)) * (AB40_O1_ISF/V_ISF) * (AB40_O5_ISF/V_ISF) * V_ISF
AB40_O5_ISF,-,,k1_Antibody * (AB40_O5_ISF/V_ISF) * (Antibody_ISF/V_ISF) * V_ISF
AB40_O5_ISF,-,,Microglia*(Hi_lo_ratio*Microglia_high_frac*Microglia_Vmax_AB40/(Microglia_EC50_AB40 + (AB40_O5_ISF/V_ISF)) + (1.0 - Microglia_high_frac)*Microglia_Vmax_AB40/(Microglia_EC50_AB40 + (AB40_O5_ISF/V_ISF))) * (AB40_O5_ISF/V_ISF) * V_ISF
AB40_O5_ISF,-,,(1.0 - sigma_ISF_PVS_oligomer1) * Q_PVS * (AB40_O5_ISF/V_ISF)
AB40_O5_PVS,-,,k1_Antibody * (AB40_O5_PVS/V_PVS) * (Antibody_PVS/V_PVS) * V_PVS
AB40_O5_PVS,+,,(1.0 - sigma_ISF_PVS_oligomer1) * Q_PVS * (AB40_O5_ISF/V_ISF)
AB40_O5_PVS,-,,(1.0 - sigma_PVS_central_Abeta) * Q_PVS * (AB40_O5_PVS/V_PVS)
AB40_O5__Antibody_ISF,+,,k1_Antibody * (AB40_O5_ISF/V_ISF) * (Antibody_ISF/V_ISF) * V_ISF
AB40_O5__Antibody_ISF,-,,Microglia*(Microglia_high_frac*Microglia_high_rate_mAb + (1.0 - Microglia_high_frac)*Microglia_low_rate_mAb) * (AB40_O5__Antibody_ISF/V_ISF) * V_ISF
AB40_O5__Antibody_PVS,+,,k1_Antibody * (AB40_O5_PVS/V_PVS) * (Antibody_PVS/V_PVS) * V_PVS
AB40_O5__Antibody_PVS,-,,(1.0 - sigma_PVS_central_Antibody) * Q_PVS * (AB40_O5__Antibody_PVS/V_PVS)
AB40_O6_ISF,+,,k_O5_O6_AB40_ISF * (AB40_O1_ISF/V_ISF) * (AB40_O5_ISF/V_ISF) * V_ISF
AB40_O6_ISF,-,,k_O6_O5_AB40_ISF * (AB40_O6_ISF/V_ISF) * V_ISF
AB40_O6_ISF,-,,k_O6_O7_AB40_ISF * (AB40_O1_ISF/V_ISF) * (AB40_O6_ISF/V_ISF) * V_ISF
AB40_O6_ISF,+,,k_O7_O6_AB40_ISF * (AB40_O7_ISF/V_ISF) * V_ISF
AB40_O6_ISF,+,,k_O5_O6_AB40_ISF*AB40_PDMA_Vmax_ISF*((AB40_O25_ISF/V_ISF) / ((AB40_O25_ISF/V_ISF) + AB40_PDMA_EC50_ISF)) * (AB40_O1_ISF/V_ISF) * (AB40_O5_ISF/V_ISF) * V_ISF
AB40_O6_ISF,-,,k_O6_O7_AB40_ISF*AB40_PDMA_Vmax_ISF*((AB40_O25_ISF/V_ISF) / ((AB40_O25_ISF/V_ISF) + AB40_PDMA_EC50_ISF)) * (AB40_O1_ISF/V_ISF) * (AB40_O6_ISF/V_ISF) * V_ISF
AB40_O6_ISF,-,,k1_Antibody * (AB40_O6_ISF/V_ISF) * (Antibody_ISF/V_ISF) * V_ISF
AB40_O6_ISF,-,,Microglia*(Hi_lo_ratio*Microglia_high_frac*Microglia_Vmax_AB40/(Microglia_EC50_AB40 + (AB40_O6_ISF/V_ISF)) + (1.0 - Microglia_high_frac)*Microglia_Vmax_AB40/(Microglia_EC50_AB40 + (AB40_O6_ISF/V_ISF))) * (AB40_O6_ISF/V_ISF) * V_ISF
AB40_O6_ISF,-,,(1.0 - sigma_ISF_PVS_oligomer1) * Q_PVS * (AB40_O6_ISF/V_ISF)
AB40_O6_PVS,-,,k1_Antibody * (AB40_O6_PVS/V_PVS) * (Antibody_PVS/V_PVS) * V_PVS
AB40_O6_PVS,+,,(1.0 - sigma_ISF_PVS_oligomer1) * Q_PVS * (AB40_O6_ISF/V_ISF)
AB40_O6_PVS,-,,(1.0 - sigma_PVS_central_Abeta) * Q_PVS * (AB40_O6_PVS/V_PVS)
AB40_O6__Antibody_ISF,+,,k1_Antibody * (AB40_O6_ISF/V_ISF) * (Antibody_ISF/V_ISF) * V_ISF
AB40_O6__Antibody_ISF,-,,Microglia*(Microglia_high_frac*Microglia_high_rate_mAb + (1.0 - Microglia_high_frac)*Microglia_low_rate_mAb) * (AB40_O6__Antibody_ISF/V_ISF) * V_ISF
AB40_O6__Antibody_PVS,+,,k1_Antibody * (AB40_O6_PVS/V_PVS) * (Antibody_PVS/V_PVS) * V_PVS
AB40_O6__Antibody_PVS,-,,(1.0 - sigma_PVS_central_Antibody) * Q_PVS * (AB40_O6__Antibody_PVS/V_PVS)
AB40_O7_ISF,+,,k_O6_O7_AB40_ISF * (AB40_O1_ISF/V_ISF) * (AB40_O6_ISF/V_ISF) * V_ISF
AB40_O7_ISF,-,,k_O7_O6_AB40_ISF * (AB40_O7_ISF/V_ISF) * V_ISF
AB40_O7_ISF,-,,k_O7_O8_AB40_ISF * (AB40_O1_ISF/V_ISF) * (AB40_O7_ISF/V_ISF) * V_ISF
AB40_O7_ISF,+,,k_O8_O7_AB40_ISF * (AB40_O8_ISF/V_ISF) * V_ISF
AB40_O7_ISF,+,,k_O6_O7_AB40_ISF*AB40_PDMA_Vmax_ISF*((AB40_O25_ISF/V_ISF) / ((AB40_O25_ISF/V_ISF) + AB40_PDMA_EC50_ISF)) * (AB40_O1_ISF/V_ISF) * (AB40_O6_ISF/V_ISF) * V_ISF
AB40_O7_ISF,-,,k_O7_O8_AB40_ISF*AB40_PDMA_Vmax_ISF*((AB40_O25_ISF/V_ISF) / ((AB40_O25_ISF/V_ISF) + AB40_PDMA_EC50_ISF)) * (AB40_O1_ISF/V_ISF) * (AB40_O7_ISF/V_ISF) * V_ISF
AB40_O7_ISF,-,,k1_Antibody * (AB40_O7_ISF/V_ISF) * (Antibody_ISF/V_ISF) * V_ISF
AB40_O7_ISF,-,,Microglia*(Hi_lo_ratio*Microglia_high_frac*Microglia_Vmax_AB40/(Microglia_EC50_AB40 + (AB40_O7_ISF/V_ISF)) + (1.0 - Microglia_high_frac)*Microglia_Vmax_AB40/(Microglia_EC50_AB40 + (AB40_O7_ISF/V_ISF))) * (AB40_O7_ISF/V_ISF) * V_ISF
AB40_O7_ISF,-,,(1.0 - sigma_ISF_PVS_oligomer1) * Q_PVS * (AB40_O7_ISF/V_ISF)
AB40_O7_PVS,-,,k1_Antibody * (AB40_O7_PVS/V_PVS) * (Antibody_PVS/V_PVS) * V_PVS
AB40_O7_PVS,+,,(1.0 - sigma_ISF_PVS_oligomer1) * Q_PVS * (AB40_O7_ISF/V_ISF)
AB40_O7_PVS,-,,(1.0 - sigma_PVS_central_Abeta) * Q_PVS * (AB40_O7_PVS/V_PVS)
AB40_O7__Antibody_ISF,+,,k1_Antibody * (AB40_O7_ISF/V_ISF) * (Antibody_ISF/V_ISF) * V_ISF
AB40_O7__Antibody_ISF,-,,Microglia*(Microglia_high_frac*Microglia_high_rate_mAb + (1.0 - Microglia_high_frac)*Microglia_low_rate_mAb) * (AB40_O7__Antibody_ISF/V_ISF) * V_ISF
AB40_O7__Antibody_PVS,+,,k1_Antibody * (AB40_O7_PVS/V_PVS) * (Antibody_PVS/V_PVS) * V_PVS
AB40_O7__Antibody_PVS,-,,(1.0 - sigma_PVS_central_Antibody) * Q_PVS * (AB40_O7__Antibody_PVS/V_PVS)
AB40_O8_ISF,+,,k_O7_O8_AB40_ISF * (AB40_O1_ISF/V_ISF) * (AB40_O7_ISF/V_ISF) * V_ISF
AB40_O8_ISF,-,,k_O8_O7_AB40_ISF * (AB40_O8_ISF/V_ISF) * V_ISF
AB40_O8_ISF,-,,k_O8_O9_AB40_ISF * (AB40_O1_ISF/V_ISF) * (AB40_O8_ISF/V_ISF) * V_ISF
AB40_O8_ISF,+,,k_O9_O8_AB40_ISF * (AB40_O9_ISF/V_ISF) * V_ISF
AB40_O8_ISF,+,,k_O7_O8_AB40_ISF*AB40_PDMA_Vmax_ISF*((AB40_O25_ISF/V_ISF) / ((AB40_O25_ISF/V_ISF) + AB40_PDMA_EC50_ISF)) * (AB40_O1_ISF/V_ISF) * (AB40_O7_ISF/V_ISF) * V_ISF
AB40_O8_ISF,-,,k_O8_O9_AB40_ISF*AB40_PDMA_Vmax_ISF*((AB40_O25_ISF/V_ISF) / ((AB40_O25_ISF/V_ISF) + AB40_PDMA_EC50_ISF)) * (AB40_O1_ISF/V_ISF) * (AB40_O8_ISF/V_ISF) * V_ISF
AB40_O8_ISF,-,,k1_Antibody * (AB40_O8_ISF/V_ISF) * (Antibody_ISF/V_ISF) * V_ISF
AB40_O8_ISF,-,,Microglia*(Hi_lo_ratio*Microglia_high_frac*Microglia_Vmax_AB40/(Microglia_EC50_AB40 + (AB40_O8_ISF/V_ISF)) + (1.0 - Microglia_high_frac)*Microglia_Vmax_AB40/(Microglia_EC50_AB40 + (AB40_O8_ISF/V_ISF))) * (AB40_O8_ISF/V_ISF) * V_ISF
AB40_O8_ISF,-,,(1.0 - sigma_ISF_PVS_oligomer1) * Q_PVS * (AB40_O8_ISF/V_ISF)
AB40_O8_PVS,-,,k1_Antibody * (AB40_O8_PVS/V_PVS) * (Antibody_PVS/V_PVS) * V_PVS
AB40_O8_PVS,+,,(1.0 - sigma_ISF_PVS_oligomer1) * Q_PVS * (AB40_O8_ISF/V_ISF)
AB40_O8_PVS,-,,(1.0 - sigma_PVS_central_Abeta) * Q_PVS * (AB40_O8_PVS/V_PVS)
AB40_O8__Antibody_ISF,+,,k1_Antibody * (AB40_O8_ISF/V_ISF) * (Antibody_ISF/V_ISF) * V_ISF
AB40_O8__Antibody_ISF,-,,Microglia*(Microglia_high_frac*Microglia_high_rate_mAb + (1.0 - Microglia_high_frac)*Microglia_low_rate_mAb) * (AB40_O8__Antibody_ISF/V_ISF) * V_ISF
AB40_O8__Antibody_PVS,+,,k1_Antibody * (AB40_O8_PVS/V_PVS) * (Antibody_PVS/V_PVS) * V_PVS
AB40_O8__Antibody_PVS,-,,(1.0 - sigma_PVS_central_Antibody) * Q_PVS * (AB40_O8__Antibody_PVS/V_PVS)
AB40_O9_ISF,+,,k_O8_O9_AB40_ISF * (AB40_O1_ISF/V_ISF) * (AB40_O8_ISF/V_ISF) * V_ISF
AB40_O9_ISF,-,,k_O9_O8_AB40_ISF * (AB40_O9_ISF/V_ISF) * V_ISF
AB40_O9_ISF,-,,k_O9_O10_AB40_ISF * (AB40_O1_ISF/V_ISF) * (AB40_O9_ISF/V_ISF) * V_ISF
AB40_O9_ISF,+,,k_O10_O9_AB40_ISF * (AB40_O10_ISF/V_ISF) * V_ISF
AB40_O9_ISF,+,,k_O8_O9_AB40_ISF*AB40_PDMA_Vmax_ISF*((AB40_O25_ISF/V_ISF) / ((AB40_O25_ISF/V_ISF) + AB40_PDMA_EC50_ISF)) * (AB40_O1_ISF/V_ISF) * (AB40_O8_ISF/V_ISF) * V_ISF
AB40_O9_ISF,-,,k_O9_O10_AB40_ISF*AB40_PDMA_Vmax_ISF*((AB40_O25_ISF/V_ISF) / ((AB40_O25_ISF/V_ISF) + AB40_PDMA_EC50_ISF)) * (AB40_O1_ISF/V_ISF) * (AB40_O9_ISF/V_ISF) * V_ISF
AB40_O9_ISF,-,,k1_Antibody * (AB40_O9_ISF/V_ISF) * (Antibody_ISF/V_ISF) * V_ISF
AB40_O9_ISF,-,,Microglia*(Hi_lo_ratio*Microglia_high_frac*Microglia_Vmax_AB40/(Microglia_EC50_AB40 + (AB40_O9_ISF/V_ISF)) + (1.0 - Microglia_high_frac)*Microglia_Vmax_AB40/(Microglia_EC50_AB40 + (AB40_O9_ISF/V_ISF))) * (AB40_O9_ISF/V_ISF) * V_ISF
AB40_O9_ISF,-,,(1.0 - sigma_ISF_PVS_oligomer1) * Q_PVS * (AB40_O9_ISF/V_ISF)
AB40_O9_PVS,-,,k1_Antibody * (AB40_O9_PVS/V_PVS) * (Antibody_PVS/V_PVS) * V_PVS
AB40_O9_PVS,+,,(1.0 - sigma_ISF_PVS_oligomer1) * Q_PVS * (AB40_O9_ISF/V_ISF)
AB40_O9_PVS,-,,(1.0 - sigma_PVS_central_Abeta) * Q_PVS * (AB40_O9_PVS/V_PVS)
AB40_O9__Antibody_ISF,+,,k1_Antibody * (AB40_O9_ISF/V_ISF) * (Antibody_ISF/V_ISF) * V_ISF
AB40_O9__Antibody_ISF,-,,Microglia*(Microglia_high_frac*Microglia_high_rate_mAb + (1.0 - Microglia_high_frac)*Microglia_low_rate_mAb) * (AB40_O9__Antibody_ISF/V_ISF) * V_ISF
AB40_O9__Antibody_PVS,+,,k1_Antibody * (AB40_O9_PVS/V_PVS) * (Antibody_PVS/V_PVS) * V_PVS
AB40_O9__Antibody_PVS,-,,(1.0 - sigma_PVS_central_Antibody) * Q_PVS * (AB40_O9__Antibody_PVS/V_PVS)
AB42_O10_ISF,+,,k_O9_O10_AB42_ISF * (AB42_O1_ISF/V_ISF) * (AB42_O9_ISF/V_ISF) * V_ISF
AB42_O10_ISF,-,,k_O10_O9_AB42_ISF * (AB42_O10_ISF/V_ISF) * V_ISF
AB42_O10_ISF,-,,k_O10_O11_AB42_ISF * (AB42_O1_ISF/V_ISF) * (AB42_O10_ISF/V_ISF) * V_ISF
AB42_O10_ISF,+,,k_O11_O10_AB42_ISF * (AB42_O11_ISF/V_ISF) * V_ISF
AB42_O10_ISF,+,,k_O9_O10_AB42_ISF*AB42_PDMA_Vmax_ISF*((AB42_O25_ISF/V_ISF) / ((AB42_O25_ISF/V_ISF) + AB42_PDMA_EC50_ISF)) * (AB42_O1_ISF/V_ISF) * (AB42_O9_ISF/V_ISF) * V_ISF
AB42_O10_ISF,-,,k_O10_O11_AB42_ISF*AB42_PDMA_Vmax_ISF*((AB42_O25_ISF/V_ISF) / ((AB42_O25_ISF/V_ISF) + AB42_PDMA_EC50_ISF)) * (AB42_O1_ISF/V_ISF) * (AB42_O10_ISF/V_ISF) * V_ISF
AB42_O10_ISF,-,,k1_Antibody * (AB42_O10_ISF/V_ISF) * (Antibody_ISF/V_ISF) * V_ISF
AB42_O10_ISF,-,,Microglia*(Hi_lo_ratio*Microglia_high_frac*Microglia_Vmax_AB42/(Microglia_EC50_AB42 + (AB42_O10_ISF/V_ISF)) + (1.0 - Microglia_high_frac)*Microglia_Vmax_AB42/(Microglia_EC50_AB42 + (AB42_O10_ISF/V_ISF))) * (AB42_O10_ISF/V_ISF) * V_ISF
AB42_O10_ISF,-,,(1.0 - sigma_ISF_PVS_oligomer2) * Q_PVS * (AB42_O10_ISF/V_ISF)
AB42_O10_PVS,-,,k1_Antibody * (AB42_O10_PVS/V_PVS) * (Antibody_PVS/V_PVS) * V_PVS
AB42_O10_PVS,+,,(1.0 - sigma_ISF_PVS_oligomer2) * Q_PVS * (AB42_O10_ISF/V_ISF)
AB42_O10_PVS,-,,(1.0 - sigma_PVS_central_Abeta) * Q_PVS * (AB42_O10_PVS/V_PVS)
AB42_O10__Antibody_ISF,+,,k1_Antibody * (AB42_O10_ISF/V_ISF) * (Antibody_ISF/V_ISF) * V_ISF
AB42_O10__Antibody_ISF,-,,Microglia*(Microglia_high_frac*Microglia_high_rate_mAb + (1.0 - Microglia_high_frac)*Microglia_low_rate_mAb) * (AB42_O10__Antibody_ISF/V_ISF) * V_ISF
AB42_O10__Antibody_PVS,+,,k1_Antibody * (AB42_O10_PVS/V_PVS) * (Antibody_PVS/V_PVS) * V_PVS
AB42_O10__Antibody_PVS,-,,(1.0 - sigma_PVS_central_Antibody) * Q_PVS * (AB42_O10__Antibody_PVS/V_PVS)
AB42_O11_ISF,+,,k_O10_O11_AB42_ISF * (AB42_O1_ISF/V_ISF) * (AB42_O10_ISF/V_ISF) * V_ISF
AB42_O11_ISF,-,,k_O11_O10_AB42_ISF * (AB42_O11_ISF/V_ISF) * V_ISF
AB42_O11_ISF,-,,k_O11_O12_AB42_ISF * (AB42_O1_ISF/V_ISF) * (AB42_O11_ISF/V_ISF) * V_ISF
AB42_O11_ISF,+,,k_O12_O11_AB42_ISF * (AB42_O12_ISF/V_ISF) * V_ISF
AB42_O11_ISF,+,,k_O10_O11_AB42_ISF*AB42_PDMA_Vmax_ISF*((AB42_O25_ISF/V_ISF) / ((AB42_O25_ISF/V_ISF) + AB42_PDMA_EC50_ISF)) * (AB42_O1_ISF/V_ISF) * (AB42_O10_ISF/V_ISF) * V_ISF
AB42_O11_ISF,-,,k_O11_O12_AB42_ISF*AB42_PDMA_Vmax_ISF*((AB42_O25_ISF/V_ISF) / ((AB42_O25_ISF/V_ISF) + AB42_PDMA_EC50_ISF)) * (AB42_O1_ISF/V_ISF) * (AB42_O11_ISF/V_ISF) * V_ISF
AB42_O11_ISF,-,,k1_Antibody * (AB42_O11_ISF/V_ISF) * (Antibody_ISF/V_ISF) * V_ISF
AB42_O11_ISF,-,,Microglia*(Hi_lo_ratio*Microglia_high_frac*Microglia_Vmax_AB42/(Microglia_EC50_AB42 + (AB42_O11_ISF/V_ISF)) + (1.0 - Microglia_high_frac)*Microglia_Vmax_AB42/(Microglia_EC50_AB42 + (AB42_O11_ISF/V_ISF))) * (AB42_O11_ISF/V_ISF) * V_ISF
AB42_O11_ISF,-,,(1.0 - sigma_ISF_PVS_oligomer2) * Q_PVS * (AB42_O11_ISF/V_ISF)
AB42_O11_PVS,-,,k1_Antibody * (AB42_O11_PVS/V_PVS) * (Antibody_PVS/V_PVS) * V_PVS
AB42_O11_PVS,+,,(1.0 - sigma_ISF_PVS_oligomer2) * Q_PVS * (AB42_O11_ISF/V_ISF)
AB42_O11_PVS,-,,(1.0 - sigma_PVS_central_Abeta) * Q_PVS * (AB42_O11_PVS/V_PVS)
AB42_O11__Antibody_ISF,+,,k1_Antibody * (AB42_O11_ISF/V_ISF) * (Antibody_ISF/V_ISF) * V_ISF
AB42_O11__Antibody_ISF,-,,Microglia*(Microglia_high_frac*Microglia_high_rate_mAb + (1.0 - Microglia_high_frac)*Microglia_low_rate_mAb) * (AB42_O11__Antibody_ISF/V_ISF) * V_ISF
AB42_O11__Antibody_PVS,+,,k1_Antibody * (AB42_O11_PVS/V_PVS) * (Antibody_PVS/V_PVS) * V_PVS
AB42_O11__Antibody_PVS,-,,(1.0 - sigma_PVS_central_Antibody) * Q_PVS * (AB42_O11__Antibody_PVS/V_PVS)
AB42_O12_ISF,+,,k_O11_O12_AB42_ISF * (AB42_O1_ISF/V_ISF) * (AB42_O11_ISF/V_ISF) * V_ISF
AB42_O12_ISF,-,,k_O12_O11_AB42_ISF * (AB42_O12_ISF/V_ISF) * V_ISF
AB42_O12_ISF,-,,k_O12_O13_AB42_ISF * (AB42_O1_ISF/V_ISF) * (AB42_O12_ISF/V_ISF) * V_ISF
AB42_O12_ISF,+,,k_O13_O12_AB42_ISF * (AB42_O13_ISF/V_ISF) * V_ISF
AB42_O12_ISF,+,,k_O11_O12_AB42_ISF*AB42_PDMA_Vmax_ISF*((AB42_O25_ISF/V_ISF) / ((AB42_O25_ISF/V_ISF) + AB42_PDMA_EC50_ISF)) * (AB42_O1_ISF/V_ISF) * (AB42_O11_ISF/V_ISF) * V_ISF
AB42_O12_ISF,-,,k_O12_O13_AB42_ISF*AB42_PDMA_Vmax_ISF*((AB42_O25_ISF/V_ISF) / ((AB42_O25_ISF/V_ISF) + AB42_PDMA_EC50_ISF)) * (AB42_O1_ISF/V_ISF) * (AB42_O12_ISF/V_ISF) * V_ISF
AB42_O12_ISF,-,,k1_Antibody * (AB42_O12_ISF/V_ISF) * (Antibody_ISF/V_ISF) * V_ISF
AB42_O12_ISF,-,,Microglia*(Hi_lo_ratio*Microglia_high_frac*Microglia_Vmax_AB42/(Microglia_EC50_AB42 + (AB42_O12_ISF/V_ISF)) + (1.0 - Microglia_high_frac)*Microglia_Vmax_AB42/(Microglia_EC50_AB42 + (AB42_O12_ISF/V_ISF))) * (AB42_O12_ISF/V_ISF) * V_ISF
AB42_O12_ISF,+,,k_O24_O12_AB42_ISF*k_O24_O23_AB42_ISF * (AB42_O24_ISF/V_ISF) * V_ISF
AB42_O12_ISF,+,,k_O24_O12_AB42_ISF*k_O24_O23_AB42_ISF * (AB42_O24_ISF/V_ISF) * V_ISF
AB42_O12_ISF,-,,(1.0 - sigma_ISF_PVS_oligomer2) * Q_PVS * (AB42_O12_ISF/V_ISF)
AB42_O12_PVS,-,,k1_Antibody * (AB42_O12_PVS/V_PVS) * (Antibody_PVS/V_PVS) * V_PVS
AB42_O12_PVS,+,,(1.0 - sigma_ISF_PVS_oligomer2) * Q_PVS * (AB42_O12_ISF/V_ISF)
AB42_O12_PVS,-,,(1.0 - sigma_PVS_central_Abeta) * Q_PVS * (AB42_O12_PVS/V_PVS)
AB42_O12__Antibody_ISF,+,,k1_Antibody * (AB42_O12_ISF/V_ISF) * (Antibody_ISF/V_ISF) * V_ISF
AB42_O12__Antibody_ISF,-,,Microglia*(Microglia_high_frac*Microglia_high_rate_mAb + (1.0 - Microglia_high_frac)*Microglia_low_rate_mAb) * (AB42_O12__Antibody_ISF/V_ISF) * V_ISF
AB42_O12__Antibody_PVS,+,,k1_Antibody * (AB42_O12_PVS/V_PVS) * (Antibody_PVS/V_PVS) * V_PVS
AB42_O12__Antibody_PVS,-,,(1.0 - sigma_PVS_central_Antibody) * Q_PVS * (AB42_O12__Antibody_PVS/V_PVS)
AB42_O13_ISF,+,,k_O12_O13_AB42_ISF * (AB42_O1_ISF/V_ISF) * (AB42_O12_ISF/V_ISF) * V_ISF
AB42_O13_ISF,-,,k_O13_O12_AB42_ISF * (AB42_O13_ISF/V_ISF) * V_ISF
AB42_O13_ISF,-,,k_O13_O14_AB42_ISF * (AB42_O1_ISF/V_ISF) * (AB42_O13_ISF/V_ISF) * V_ISF
AB42_O13_ISF,+,,k_O14_O13_AB42_ISF * (AB42_O14_ISF/V_ISF) * V_ISF
AB42_O13_ISF,+,,k_O12_O13_AB42_ISF*AB42_PDMA_Vmax_ISF*((AB42_O25_ISF/V_ISF) / ((AB42_O25_ISF/V_ISF) + AB42_PDMA_EC50_ISF)) * (AB42_O1_ISF/V_ISF) * (AB42_O12_ISF/V_ISF) * V_ISF
AB42_O13_ISF,-,,k_O13_O14_AB42_ISF*AB42_PDMA_Vmax_ISF*((AB42_O25_ISF/V_ISF) / ((AB42_O25_ISF/V_ISF) + AB42_PDMA_EC50_ISF)) * (AB42_O1_ISF/V_ISF) * (AB42_O13_ISF/V_ISF) * V_ISF
AB42_O13_ISF,-,,k1_Antibody * (AB42_O13_ISF/V_ISF) * (Antibody_ISF/V_ISF) * V_ISF
AB42_O13_ISF,-,,Baseline_AB42_O_P*k_O13_O14_AB42_ISF * (AB42_O1_ISF/V_ISF) * (AB42_O13_ISF/V_ISF) * V_ISF
AB42_O13_ISF,-,,Microglia*(Hi_lo_ratio*Microglia_high_frac*Microglia_Vmax_AB42/(Microglia_EC50_AB42 + (AB42_O13_ISF/V_ISF)) + (1.0 - Microglia_high_frac)*Microglia_Vmax_AB42/(Microglia_EC50_AB42 + (AB42_O13_ISF/V_ISF))) * (AB42_O13_ISF/V_ISF) * V_ISF
AB42_O13_ISF,-,,(1.0 - sigma_ISF_PVS_oligomer2) * Q_PVS * (AB42_O13_ISF/V_ISF)
AB42_O13_PVS,-,,k1_Antibody * (AB42_O13_PVS/V_PVS) * (Antibody_PVS/V_PVS) * V_PVS
AB42_O13_PVS,+,,(1.0 - sigma_ISF_PVS_oligomer2) * Q_PVS * (AB42_O13_ISF/V_ISF)
AB42_O13_PVS,-,,(1.0 - sigma_PVS_central_Abeta) * Q_PVS * (AB42_O13_PVS/V_PVS)
AB42_O13__Antibody_ISF,+,,k1_Antibody * (AB42_O13_ISF/V_ISF) * (Antibody_ISF/V_ISF) * V_ISF
AB42_O13__Antibody_ISF,-,,Microglia*(Microglia_high_frac*Microglia_high_rate_mAb + (1.0 - Microglia_high_frac)*Microglia_low_rate_mAb) * (AB42_O13__Antibody_ISF/V_ISF) * V_ISF
AB42_O13__Antibody_PVS,+,,k1_Antibody * (AB42_O13_PVS/V_PVS) * (Antibody_PVS/V_PVS) * V_PVS
AB42_O13__Antibody_PVS,-,,(1.0 - sigma_PVS_central_Antibody) * Q_PVS * (AB42_O13__Antibody_PVS/V_PVS)
AB42_O14_ISF,+,,k_O13_O14_AB42_ISF * (AB42_O1_ISF/V_ISF) * (AB42_O13_ISF/V_ISF) * V_ISF
AB42_O14_ISF,-,,k_O14_O13_AB42_ISF * (AB42_O14_ISF/V_ISF) * V_ISF
AB42_O14_ISF,-,,k_O14_O15_AB42_ISF * (AB42_O1_ISF/V_ISF) * (AB42_O14_ISF/V_ISF) * V_ISF
AB42_O14_ISF,+,,k_O15_O14_AB42_ISF * (AB42_O15_ISF/V_ISF) * V_ISF
AB42_O14_ISF,+,,k_O13_O14_AB42_ISF*AB42_PDMA_Vmax_ISF*((AB42_O25_ISF/V_ISF) / ((AB42_O25_ISF/V_ISF) + AB42_PDMA_EC50_ISF)) * (AB42_O1_ISF/V_ISF) * (AB42_O13_ISF/V_ISF) * V_ISF
AB42_O14_ISF,-,,k_O14_O15_AB42_ISF*AB42_PDMA_Vmax_ISF*((AB42_O25_ISF/V_ISF) / ((AB42_O25_ISF/V_ISF) + AB42_PDMA_EC50_ISF)) * (AB42_O1_ISF/V_ISF) * (AB42_O14_ISF/V_ISF) * V_ISF
AB42_O14_ISF,-,,k1_Antibody * (AB42_O14_ISF/V_ISF) * (Antibody_ISF/V_ISF) * V_ISF
AB42_O14_ISF,-,,Baseline_AB42_O_P*k_O14_O15_AB42_ISF * (AB42_O1_ISF/V_ISF) * (AB42_O14_ISF/V_ISF) * V_ISF
AB42_O14_ISF,-,,Microglia*(Hi_lo_ratio*Microglia_high_frac*Microglia_Vmax_AB42/(Microglia_EC50_AB42 + (AB42_O14_ISF/V_ISF)) + (1.0 - Microglia_high_frac)*Microglia_Vmax_AB42/(Microglia_EC50_AB42 + (AB42_O14_ISF/V_ISF))) * (AB42_O14_ISF/V_ISF) * V_ISF
AB42_O14_ISF,-,,(1.0 - sigma_ISF_PVS_oligomer2) * Q_PVS * (AB42_O14_ISF/V_ISF)
AB42_O14_PVS,-,,k1_Antibody * (AB42_O14_PVS/V_PVS) * (Antibody_PVS/V_PVS) * V_PVS
AB42_O14_PVS,+,,(1.0 - sigma_ISF_PVS_oligomer2) * Q_PVS * (AB42_O14_ISF/V_ISF)
AB42_O14_PVS,-,,(1.0 - sigma_PVS_central_Abeta) * Q_PVS * (AB42_O14_PVS/V_PVS)
AB42_O14__Antibody_ISF,+,,k1_Antibody * (AB42_O14_ISF/V_ISF) * (Antibody_ISF/V_ISF) * V_ISF
AB42_O14__Antibody_ISF,-,,Microglia*(Microglia_high_frac*Microglia_high_rate_mAb + (1.0 - Microglia_high_frac)*Microglia_low_rate_mAb) * (AB42_O14__Antibody_ISF/V_ISF) * V_ISF
AB42_O14__Antibody_PVS,+,,k1_Antibody * (AB42_O14_PVS/V_PVS) * (Antibody_PVS/V_PVS) * V_PVS
AB42_O14__Antibody_PVS,-,,(1.0 - sigma_PVS_central_Antibody) * Q_PVS * (AB42_O14__Antibody_PVS/V_PVS)
AB42_O15_ISF,+,,k_O14_O15_AB42_ISF * (AB42_O1_ISF/V_ISF) * (AB42_O14_ISF/V_ISF) * V_ISF
AB42_O15_ISF,-,,k_O15_O14_AB42_ISF * (AB42_O15_ISF/V_ISF) * V_ISF
AB42_O15_ISF,-,,k_O15_O16_AB42_ISF * (AB42_O1_ISF/V_ISF) * (AB42_O15_ISF/V_ISF) * V_ISF
AB42_O15_ISF,+,,k_O16_O15_AB42_ISF * (AB42_O16_ISF/V_ISF) * V_ISF
AB42_O15_ISF,+,,k_O14_O15_AB42_ISF*AB42_PDMA_Vmax_ISF*((AB42_O25_ISF/V_ISF) / ((AB42_O25_ISF/V_ISF) + AB42_PDMA_EC50_ISF)) * (AB42_O1_ISF/V_ISF) * (AB42_O14_ISF/V_ISF) * V_ISF
AB42_O15_ISF,-,,k_O15_O16_AB42_ISF*AB42_PDMA_Vmax_ISF*((AB42_O25_ISF/V_ISF) / ((AB42_O25_ISF/V_ISF) + AB42_PDMA_EC50_ISF)) * (AB42_O1_ISF/V_ISF) * (AB42_O15_ISF/V_ISF) * V_ISF
AB42_O15_ISF,-,,k1_Antibody * (AB42_O15_ISF/V_ISF) * (Antibody_ISF/V_ISF) * V_ISF
AB42_O15_ISF,-,,Baseline_AB42_O_P*k_O15_O16_AB42_ISF * (AB42_O1_ISF/V_ISF) * (AB42_O15_ISF/V_ISF) * V_ISF
AB42_O15_ISF,-,,Microglia*(Hi_lo_ratio*Microglia_high_frac*Microglia_Vmax_AB42/(Microglia_EC50_AB42 + (AB42_O15_ISF/V_ISF)) + (1.0 - Microglia_high_frac)*Microglia_Vmax_AB42/(Microglia_EC50_AB42 + (AB42_O15_ISF/V_ISF))) * (AB42_O15_ISF/V_ISF) * V_ISF
AB42_O15_ISF,-,,(1.0 - sigma_ISF_PVS_oligomer2) * Q_PVS * (AB42_O15_ISF/V_ISF)
AB42_O15_PVS,-,,k1_Antibody * (AB42_O15_PVS/V_PVS) * (Antibody_PVS/V_PVS) * V_PVS
AB42_O15_PVS,+,,(1.0 - sigma_ISF_PVS_oligomer2) * Q_PVS * (AB42_O15_ISF/V_ISF)
AB42_O15_PVS,-,,(1.0 - sigma_PVS_central_Abeta) * Q_PVS * (AB42_O15_PVS/V_PVS)
AB42_O15__Antibody_ISF,+,,k1_Antibody * (AB42_O15_ISF/V_ISF) * (Antibody_ISF/V_ISF) * V_ISF
AB42_O15__Antibody_ISF,-,,Microglia*(Microglia_high_frac*Microglia_high_rate_mAb + (1.0 - Microglia_high_frac)*Microglia_low_rate_mAb) * (AB42_O15__Antibody_ISF/V_ISF) * V_ISF
AB42_O15__Antibody_PVS,+,,k1_Antibody * (AB42_O15_PVS/V_PVS) * (Antibody_PVS/V_PVS) * V_PVS
AB42_O15__Antibody_PVS,-,,(1.0 - sigma_PVS_central_Antibody) * Q_PVS * (AB42_O15__Antibody_PVS/V_PVS)
AB42_O16_ISF,+,,k_O15_O16_AB42_ISF * (AB42_O1_ISF/V_ISF) * (AB42_O15_ISF/V_ISF) * V_ISF
AB42_O16_ISF,-,,k_O16_O15_AB42_ISF * (AB42_O16_ISF/V_ISF) * V_ISF
AB42_O16_ISF,-,,k_O16_O17_AB42_ISF * (AB42_O1_ISF/V_ISF) * (AB42_O16_ISF/V_ISF) * V_ISF
AB42_O16_ISF,+,,k_O17_O16_AB42_ISF * (AB42_O17_ISF/V_ISF) * V_ISF
AB42_O16_ISF,+,,k_O15_O16_AB42_ISF*AB42_PDMA_Vmax_ISF*((AB42_O25_ISF/V_ISF) / ((AB42_O25_ISF/V_ISF) + AB42_PDMA_EC50_ISF)) * (AB42_O1_ISF/V_ISF) * (AB42_O15_ISF/V_ISF) * V_ISF
AB42_O16_ISF,-,,k_O16_O17_AB42_ISF*AB42_PDMA_Vmax_ISF*((AB42_O25_ISF/V_ISF) / ((AB42_O25_ISF/V_ISF) + AB42_PDMA_EC50_ISF)) * (AB42_O1_ISF/V_ISF) * (AB42_O16_ISF/V_ISF) * V_ISF
AB42_O16_ISF,-,,k1_Antibody * (AB42_O16_ISF/V_ISF) * (Antibody_ISF/V_ISF) * V_ISF
AB42_O16_ISF,-,,Baseline_AB42_O_P*k_O16_O17_AB42_ISF * (AB42_O1_ISF/V_ISF) * (AB42_O16_ISF/V_ISF) * V_ISF
AB42_O16_ISF,-,,Microglia*(Hi_lo_ratio*Microglia_high_frac*Microglia_Vmax_AB42/(Microglia_EC50_AB42 + (AB42_O16_ISF/V_ISF)) + (1.0 - Microglia_high_frac)*Microglia_Vmax_AB42/(Microglia_EC50_AB42 + (AB42_O16_ISF/V_ISF))) * (AB42_O16_ISF/V_ISF) * V_ISF
AB42_O16_ISF,-,,(1.0 - sigma_ISF_PVS_oligomer2) * Q_PVS * (AB42_O16_ISF/V_ISF)
AB42_O16_PVS,-,,k1_Antibody * (AB42_O16_PVS/V_PVS) * (Antibody_PVS/V_PVS) * V_PVS
AB42_O16_PVS,+,,(1.0 - sigma_ISF_PVS_oligomer2) * Q_PVS * (AB42_O16_ISF/V_ISF)
AB42_O16_PVS,-,,(1.0 - sigma_PVS_central_Abeta) * Q_PVS * (AB42_O16_PVS/V_PVS)
AB42_O16__Antibody_ISF,+,,k1_Antibody * (AB42_O16_ISF/V_ISF) * (Antibody_ISF/V_ISF) * V_ISF
AB42_O16__Antibody_ISF,-,,Microglia*(Microglia_high_frac*Microglia_high_rate_mAb + (1.0 - Microglia_high_frac)*Microglia_low_rate_mAb) * (AB42_O16__Antibody_ISF/V_ISF) * V_ISF
AB42_O16__Antibody_PVS,+,,k1_Antibody * (AB42_O16_PVS/V_PVS) * (Antibody_PVS/V_PVS) * V_PVS
AB42_O16__Antibody_PVS,-,,(1.0 - sigma_PVS_central_Antibody) * Q_PVS * (AB42_O16__Antibody_PVS/V_PVS)
AB42_O17_ISF,+,,k_O16_O17_AB42_ISF * (AB42_O1_ISF/V_ISF) * (AB42_O16_ISF/V_ISF) * V_ISF
AB42_O17_ISF,-,,k_O17_O16_AB42_ISF * (AB42_O17_ISF/V_ISF) * V_ISF
AB42_O17_ISF,-,,k_O17_O18_AB42_ISF * (AB42_O1_ISF/V_ISF) * (AB42_O17_ISF/V_ISF) * V_ISF
AB42_O17_ISF,+,,k_O18_O17_AB42_ISF * (AB42_O18_ISF/V_ISF) * V_ISF
AB42_O17_ISF,+,,k_O16_O17_AB42_ISF*AB42_PDMA_Vmax_ISF*((AB42_O25_ISF/V_ISF) / ((AB42_O25_ISF/V_ISF) + AB42_PDMA_EC50_ISF)) * (AB42_O1_ISF/V_ISF) * (AB42_O16_ISF/V_ISF) * V_ISF
AB42_O17_ISF,-,,k1_Antibody * (AB42_O17_ISF/V_ISF) * (Antibody_ISF/V_ISF) * V_ISF
AB42_O17_ISF,-,,Baseline_AB42_O_P*k_O17_O18_AB42_ISF * (AB42_O1_ISF/V_ISF) * (AB42_O17_ISF/V_ISF) * V_ISF
AB42_O17_ISF,-,,Microglia*(Hi_lo_ratio*Microglia_high_frac*Microglia_Vmax_AB42/(Microglia_EC50_AB42 + (AB42_O17_ISF/V_ISF)) + (1.0 - Microglia_high_frac)*Microglia_Vmax_AB42/(Microglia_EC50_AB42 + (AB42_O17_ISF/V_ISF))) * (AB42_O17_ISF/V_ISF) * V_ISF
AB42_O17_ISF,-,,(1.0 - sigma_ISF_PVS_proto) * Q_PVS * (AB42_O17_ISF/V_ISF)
AB42_O17_PVS,-,,k1_Antibody * (AB42_O17_PVS/V_PVS) * (Antibody_PVS/V_PVS) * V_PVS
AB42_O17_PVS,+,,(1.0 - sigma_ISF_PVS_proto) * Q_PVS * (AB42_O17_ISF/V_ISF)
AB42_O17_PVS,-,,(1.0 - sigma_PVS_central_Abeta) * Q_PVS * (AB42_O17_PVS/V_PVS)
AB42_O17__Antibody_ISF,+,,k1_Antibody * (AB42_O17_ISF/V_ISF) * (Antibody_ISF/V_ISF) * V_ISF
AB42_O17__Antibody_ISF,-,,Microglia*(Microglia_high_frac*Microglia_high_rate_mAb + (1.0 - Microglia_high_frac)*Microglia_low_rate_mAb) * (AB42_O17__Antibody_ISF/V_ISF) * V_ISF
AB42_O17__Antibody_PVS,+,,k1_Antibody * (AB42_O17_PVS/V_PVS) * (Antibody_PVS/V_PVS) * V_PVS
AB42_O17__Antibody_PVS,-,,(1.0 - sigma_PVS_central_Antibody) * Q_PVS * (AB42_O17__Antibody_PVS/V_PVS)
AB42_O18_ISF,+,,k_O17_O18_AB42_ISF * (AB42_O1_ISF/V_ISF) * (AB42_O17_ISF/V_ISF) * V_ISF
AB42_O18_ISF,-,,k_O18_O17_AB42_ISF * (AB42_O18_ISF/V_ISF) * V_ISF
AB42_O18_ISF,-,,k_O18_O19_AB42_ISF * (AB42_O1_ISF/V_ISF) * (AB42_O18_ISF/V_ISF) * V_ISF
AB42_O18_ISF,+,,k_O19_O18_AB42_ISF * (AB42_O19_ISF/V_ISF) * V_ISF
AB42_O18_ISF,-,,k2_Antibody * (AB42_O18_ISF/V_ISF) * (Antibody_ISF/V_ISF) * V_ISF
AB42_O18_ISF,-,,Baseline_AB42_O_P*k_O18_O19_AB42_ISF * (AB42_O1_ISF/V_ISF) * (AB42_O18_ISF/V_ISF) * V_ISF
AB42_O18_ISF,-,,Microglia*(Hi_lo_ratio*Microglia_high_frac*Microglia_Vmax_AB42/(Microglia_EC50_AB42 + (AB42_O18_ISF/V_ISF)) + (1.0 - Microglia_high_frac)*Microglia_Vmax_AB42/(Microglia_EC50_AB42 + (AB42_O18_ISF/V_ISF))) * (AB42_O18_ISF/V_ISF) * V_ISF
AB42_O18_ISF,-,,(1.0 - sigma_ISF_PVS_proto) * Q_PVS * (AB42_O18_ISF/V_ISF)
AB42_O18_PVS,-,,k2_Antibody * (AB42_O18_PVS/V_PVS) * (Antibody_PVS/V_PVS) * V_PVS
AB42_O18_PVS,+,,(1.0 - sigma_ISF_PVS_proto) * Q_PVS * (AB42_O18_ISF/V_ISF)
AB42_O18_PVS,-,,(1.0 - sigma_PVS_central_Abeta) * Q_PVS * (AB42_O18_PVS/V_PVS)
AB42_O18__Antibody_ISF,+,,k2_Antibody * (AB42_O18_ISF/V_ISF) * (Antibody_ISF/V_ISF) * V_ISF
AB42_O18__Antibody_ISF,-,,Microglia*(Microglia_high_frac*Microglia_high_rate_mAb + (1.0 - Microglia_high_frac)*Microglia_low_rate_mAb) * (AB42_O18__Antibody_ISF/V_ISF) * V_ISF
AB42_O18__Antibody_PVS,+,,k2_Antibody * (AB42_O18_PVS/V_PVS) * (Antibody_PVS/V_PVS) * V_PVS
AB42_O18__Antibody_PVS,-,,(1.0 - sigma_PVS_central_Antibody) * Q_PVS * (AB42_O18__Antibody_PVS/V_PVS)
AB42_O19_ISF,+,,k_O18_O19_AB42_ISF * (AB42_O1_ISF/V_ISF) * (AB42_O18_ISF/V_ISF) * V_ISF
AB42_O19_ISF,-,,k_O19_O18_AB42_ISF * (AB42_O19_ISF/V_ISF) * V_ISF
AB42_O19_ISF,-,,k_O19_O20_AB42_ISF * (AB42_O1_ISF/V_ISF) * (AB42_O19_ISF/V_ISF) * V_ISF
AB42_O19_ISF,+,,k_O20_O19_AB42_ISF * (AB42_O20_ISF/V_ISF) * V_ISF
AB42_O19_ISF,-,,k2_Antibody * (AB42_O19_ISF/V_ISF) * (Antibody_ISF/V_ISF) * V_ISF
AB42_O19_ISF,-,,Microglia*(Hi_lo_ratio*Microglia_high_frac*Microglia_Vmax_AB42/(Microglia_EC50_AB42 + (AB42_O19_ISF/V_ISF)) + (1.0 - Microglia_high_frac)*Microglia_Vmax_AB42/(Microglia_EC50_AB42 + (AB42_O19_ISF/V_ISF))) * (AB42_O19_ISF/V_ISF) * V_ISF
AB42_O19_ISF,-,,(1.0 - sigma_ISF_PVS_proto) * Q_PVS * (AB42_O19_ISF/V_ISF)
AB42_O19_PVS,-,,k2_Antibody * (AB42_O19_PVS/V_PVS) * (Antibody_PVS/V_PVS) * V_PVS
AB42_O19_PVS,+,,(1.0 - sigma_ISF_PVS_proto) * Q_PVS * (AB42_O19_ISF/V_ISF)
AB42_O19_PVS,-,,(1.0 - sigma_PVS_central_Abeta) * Q_PVS * (AB42_O19_PVS/V_PVS)
AB42_O19__Antibody_ISF,+,,k2_Antibody * (AB42_O19_ISF/V_ISF) * (Antibody_ISF/V_ISF) * V_ISF
AB42_O19__Antibody_ISF,-,,Microglia*(Microglia_high_frac*Microglia_high_rate_mAb + (1.0 - Microglia_high_frac)*Microglia_low_rate_mAb) * (AB42_O19__Antibody_ISF/V_ISF) * V_ISF
AB42_O19__Antibody_PVS,+,,k2_Antibody * (AB42_O19_PVS/V_PVS) * (Antibody_PVS/V_PVS) * V_PVS
AB42_O19__Antibody_PVS,-,,(1.0 - sigma_PVS_central_Antibody) * Q_PVS * (AB42_O19__Antibody_PVS/V_PVS)
AB42_O1_BBB,-,,k0_Antibody * (AB42_O1_BBB/V_BBB) * (Antibody_BBB/V_BBB) * V_BBB
AB42_O1_BBB,-,,kdeg * (AB42_O1_BBB/V_BBB) * V_BBB
AB42_O1_BBB,+,,CL_up_brain*fBBB*Vol_brain_ES * (AB42_O1_ISF/V_ISF)
AB42_O1_BBB,+,,CL_up_brain*fBBB*Vol_brain_ES * (AB42_O1_BrainPlasma/V_BrainPlasma)
AB42_O1_BCSFB,-,,k0_Antibody * (AB42_O1_BCSFB/V_BCSFB) * (Antibody_BCSFB/V_BCSFB) * V_BCSFB
AB42_O1_BCSFB,-,,kdeg * (AB42_O1_BCSFB/V_BCSFB) * V_BCSFB
AB42_O1_BCSFB,+,,CL_up_brain*(1.0 - fBBB)*Vol_brain_ES * (AB42_O1_BrainPlasma/V_BrainPlasma)
AB42_O1_BCSFB,+,,(1.0 - f_LV)*CL_up_brain*(1.0 - fBBB)*Vol_brain_ES * (AB42_O1_TFV/V_TFV)
AB42_O1_BCSFB,+,,f_LV*CL_up_brain*(1.0 - fBBB)*Vol_brain_ES * (AB42_O1_LV/V_LV)
AB42_O1_BrainPlasma,-,,k0_Antibody * (AB42_O1_BrainPlasma/V_BrainPlasma) * (Antibody_BrainPlasma/V_BrainPlasma) * V_BrainPlasma
AB42_O1_BrainPlasma,-,,(1.0 - sigma_BBB)*Qbrain_ISF * (AB42_O1_BrainPlasma/V_BrainPlasma)
AB42_O1_BrainPlasma,-,,f_LV*(1.0 - sigma_BCSFB)*Q_CSF * (AB42_O1_BrainPlasma/V_BrainPlasma)
AB42_O1_BrainPlasma,-,,(1.0 - f_LV)*(1.0 - sigma_BCSFB)*Q_CSF * (AB42_O1_BrainPlasma/V_BrainPlasma)
AB42_O1_BrainPlasma,-,,(Qbrain_plasma - Q_ CSF - Qbrain_ISF) * (AB42_O1_BrainPlasma/V_BrainPlasma)
AB42_O1_BrainPlasma,+,,Qbrain_plasma * (AB42_O1_central/V_central)
AB42_O1_BrainPlasma,-,,CL_up_brain*fBBB*Vol_brain_ES * (AB42_O1_BrainPlasma/V_BrainPlasma)
AB42_O1_BrainPlasma,-,,CL_up_brain*(1.0 - fBBB)*Vol_brain_ES * (AB42_O1_BrainPlasma/V_BrainPlasma)
AB42_O1_CM,-,,k0_Antibody * (AB42_O1_CM/V_CM) * (Antibody_CM/V_CM) * V_CM
AB42_O1_CM,+,,(Q_CSF + Qglymph) * (AB42_O1_TFV/V_TFV)
AB42_O1_CM,-,,(Q_CSF + Qglymph) * (AB42_O1_CM/V_CM)
AB42_O1_ISF,-,,k_O1_O2_AB42_ISF * (AB42_O1_ISF/V_ISF) * (AB42_O1_ISF/V_ISF) * V_ISF
AB42_O1_ISF,-,,k_O1_O2_AB42_ISF * (AB42_O1_ISF/V_ISF) * (AB42_O1_ISF/V_ISF) * V_ISF
AB42_O1_ISF,+,,k_O2_O1_AB42_ISF * (AB42_O2_ISF/V_ISF) * V_ISF
AB42_O1_ISF,+,,k_O2_O1_AB42_ISF * (AB42_O2_ISF/V_ISF) * V_ISF
AB42_O1_ISF,-,,k_O2_O3_AB42_ISF * (AB42_O1_ISF/V_ISF) * (AB42_O2_ISF/V_ISF) * V_ISF
AB42_O1_ISF,+,,k_O3_O2_AB42_ISF * (AB42_O3_ISF/V_ISF) * V_ISF
AB42_O1_ISF,-,,k_O3_O4_AB42_ISF * (AB42_O1_ISF/V_ISF) * (AB42_O3_ISF/V_ISF) * V_ISF
AB42_O1_ISF,+,,k_O4_O3_AB42_ISF * (AB42_O4_ISF/V_ISF) * V_ISF
AB42_O1_ISF,-,,k_O4_O5_AB42_ISF * (AB42_O1_ISF/V_ISF) * (AB42_O4_ISF/V_ISF) * V_ISF
AB42_O1_ISF,+,,k_O5_O4_AB42_ISF * (AB42_O5_ISF/V_ISF) * V_ISF
AB42_O1_ISF,-,,k_O5_O6_AB42_ISF * (AB42_O1_ISF/V_ISF) * (AB42_O5_ISF/V_ISF) * V_ISF
AB42_O1_ISF,+,,k_O6_O5_AB42_ISF * (AB42_O6_ISF/V_ISF) * V_ISF
AB42_O1_ISF,-,,k_O6_O7_AB42_ISF * (AB42_O1_ISF/V_ISF) * (AB42_O6_ISF/V_ISF) * V_ISF
AB42_O1_ISF,+,,k_O7_O6_AB42_ISF * (AB42_O7_ISF/V_ISF) * V_ISF
AB42_O1_ISF,-,,k_O7_O8_AB42_ISF * (AB42_O1_ISF/V_ISF) * (AB42_O7_ISF/V_ISF) * V_ISF
AB42_O1_ISF,+,,k_O8_O7_AB42_ISF * (AB42_O8_ISF/V_ISF) * V_ISF
AB42_O1_ISF,-,,k_O8_O9_AB42_ISF * (AB42_O1_ISF/V_ISF) * (AB42_O8_ISF/V_ISF) * V_ISF
AB42_O1_ISF,+,,k_O9_O8_AB42_ISF * (AB42_O9_ISF/V_ISF) * V_ISF
AB42_O1_ISF,-,,k_O9_O10_AB42_ISF * (AB42_O1_ISF/V_ISF) * (AB42_O9_ISF/V_ISF) * V_ISF
AB42_O1_ISF,+,,k_O10_O9_AB42_ISF * (AB42_O10_ISF/V_ISF) * V_ISF
AB42_O1_ISF,-,,k_O10_O11_AB42_ISF * (AB42_O1_ISF/V_ISF) * (AB42_O10_ISF/V_ISF) * V_ISF
AB42_O1_ISF,+,,k_O11_O10_AB42_ISF * (AB42_O11_ISF/V_ISF) * V_ISF
AB42_O1_ISF,-,,k_O11_O12_AB42_ISF * (AB42_O1_ISF/V_ISF) * (AB42_O11_ISF/V_ISF) * V_ISF
AB42_O1_ISF,+,,k_O12_O11_AB42_ISF * (AB42_O12_ISF/V_ISF) * V_ISF
AB42_O1_ISF,-,,k_O12_O13_AB42_ISF * (AB42_O1_ISF/V_ISF) * (AB42_O12_ISF/V_ISF) * V_ISF
AB42_O1_ISF,+,,k_O13_O12_AB42_ISF * (AB42_O13_ISF/V_ISF) * V_ISF
AB42_O1_ISF,-,,k_O13_O14_AB42_ISF * (AB42_O1_ISF/V_ISF) * (AB42_O13_ISF/V_ISF) * V_ISF
AB42_O1_ISF,+,,k_O14_O13_AB42_ISF * (AB42_O14_ISF/V_ISF) * V_ISF
AB42_O1_ISF,-,,k_O14_O15_AB42_ISF * (AB42_O1_ISF/V_ISF) * (AB42_O14_ISF/V_ISF) * V_ISF
AB42_O1_ISF,+,,k_O15_O14_AB42_ISF * (AB42_O15_ISF/V_ISF) * V_ISF
AB42_O1_ISF,-,,k_O15_O16_AB42_ISF * (AB42_O1_ISF/V_ISF) * (AB42_O15_ISF/V_ISF) * V_ISF
AB42_O1_ISF,+,,k_O16_O15_AB42_ISF * (AB42_O16_ISF/V_ISF) * V_ISF
AB42_O1_ISF,-,,k_O16_O17_AB42_ISF * (AB42_O1_ISF/V_ISF) * (AB42_O16_ISF/V_ISF) * V_ISF
AB42_O1_ISF,+,,k_O17_O16_AB42_ISF * (AB42_O17_ISF/V_ISF) * V_ISF
AB42_O1_ISF,-,,k_O17_O18_AB42_ISF * (AB42_O1_ISF/V_ISF) * (AB42_O17_ISF/V_ISF) * V_ISF
AB42_O1_ISF,+,,k_O18_O17_AB42_ISF * (AB42_O18_ISF/V_ISF) * V_ISF
AB42_O1_ISF,-,,k_O18_O19_AB42_ISF * (AB42_O1_ISF/V_ISF) * (AB42_O18_ISF/V_ISF) * V_ISF
AB42_O1_ISF,+,,k_O19_O18_AB42_ISF * (AB42_O19_ISF/V_ISF) * V_ISF
AB42_O1_ISF,-,,k_O19_O20_AB42_ISF * (AB42_O1_ISF/V_ISF) * (AB42_O19_ISF/V_ISF) * V_ISF
AB42_O1_ISF,+,,k_O20_O19_AB42_ISF * (AB42_O20_ISF/V_ISF) * V_ISF
AB42_O1_ISF,-,,k_O20_O21_AB42_ISF * (AB42_O1_ISF/V_ISF) * (AB42_O20_ISF/V_ISF) * V_ISF
AB42_O1_ISF,+,,k_O21_O20_AB42_ISF * (AB42_O21_ISF/V_ISF) * V_ISF
AB42_O1_ISF,-,,k_O21_O22_AB42_ISF * (AB42_O1_ISF/V_ISF) * (AB42_O21_ISF/V_ISF) * V_ISF
AB42_O1_ISF,+,,k_O22_O21_AB42_ISF * (AB42_O22_ISF/V_ISF) * V_ISF
AB42_O1_ISF,-,,k_O22_O23_AB42_ISF * (AB42_O1_ISF/V_ISF) * (AB42_O22_ISF/V_ISF) * V_ISF
AB42_O1_ISF,+,,k_O23_O22_AB42_ISF * (AB42_O23_ISF/V_ISF) * V_ISF
AB42_O1_ISF,-,,k_O23_O24_AB42_ISF * (AB42_O1_ISF/V_ISF) * (AB42_O23_ISF/V_ISF) * V_ISF
AB42_O1_ISF,+,,k_O24_O23_AB42_ISF * (AB42_O24_ISF/V_ISF) * V_ISF
AB42_O1_ISF,-,,k_O1_O2_AB42_ISF*AB42_PDMA_Vmax_ISF*((AB42_O25_ISF/V_ISF) / ((AB42_O25_ISF/V_ISF) + AB42_PDMA_EC50_ISF)) * (AB42_O1_ISF/V_ISF) * (AB42_O1_ISF/V_ISF) * V_ISF
AB42_O1_ISF,-,,k_O1_O2_AB42_ISF*AB42_PDMA_Vmax_ISF*((AB42_O25_ISF/V_ISF) / ((AB42_O25_ISF/V_ISF) + AB42_PDMA_EC50_ISF)) * (AB42_O1_ISF/V_ISF) * (AB42_O1_ISF/V_ISF) * V_ISF
AB42_O1_ISF,-,,k_O2_O3_AB42_ISF*AB42_PDMA_Vmax_ISF*((AB42_O25_ISF/V_ISF) / ((AB42_O25_ISF/V_ISF) + AB42_PDMA_EC50_ISF)) * (AB42_O1_ISF/V_ISF) * (AB42_O2_ISF/V_ISF) * V_ISF
AB42_O1_ISF,-,,k_O3_O4_AB42_ISF*AB42_PDMA_Vmax_ISF*((AB42_O25_ISF/V_ISF) / ((AB42_O25_ISF/V_ISF) + AB42_PDMA_EC50_ISF)) * (AB42_O1_ISF/V_ISF) * (AB42_O3_ISF/V_ISF) * V_ISF
AB42_O1_ISF,-,,k_O4_O5_AB42_ISF*AB42_PDMA_Vmax_ISF*((AB42_O25_ISF/V_ISF) / ((AB42_O25_ISF/V_ISF) + AB42_PDMA_EC50_ISF)) * (AB42_O1_ISF/V_ISF) * (AB42_O4_ISF/V_ISF) * V_ISF
AB42_O1_ISF,-,,k_O5_O6_AB42_ISF*AB42_PDMA_Vmax_ISF*((AB42_O25_ISF/V_ISF) / ((AB42_O25_ISF/V_ISF) + AB42_PDMA_EC50_ISF)) * (AB42_O1_ISF/V_ISF) * (AB42_O5_ISF/V_ISF) * V_ISF
AB42_O1_ISF,-,,k_O6_O7_AB42_ISF*AB42_PDMA_Vmax_ISF*((AB42_O25_ISF/V_ISF) / ((AB42_O25_ISF/V_ISF) + AB42_PDMA_EC50_ISF)) * (AB42_O1_ISF/V_ISF) * (AB42_O6_ISF/V_ISF) * V_ISF
AB42_O1_ISF,-,,k_O7_O8_AB42_ISF*AB42_PDMA_Vmax_ISF*((AB42_O25_ISF/V_ISF) / ((AB42_O25_ISF/V_ISF) + AB42_PDMA_EC50_ISF)) * (AB42_O1_ISF/V_ISF) * (AB42_O7_ISF/V_ISF) * V_ISF
AB42_O1_ISF,-,,k_O8_O9_AB42_ISF*AB42_PDMA_Vmax_ISF*((AB42_O25_ISF/V_ISF) / ((AB42_O25_ISF/V_ISF) + AB42_PDMA_EC50_ISF)) * (AB42_O1_ISF/V_ISF) * (AB42_O8_ISF/V_ISF) * V_ISF
AB42_O1_ISF,-,,k_O9_O10_AB42_ISF*AB42_PDMA_Vmax_ISF*((AB42_O25_ISF/V_ISF) / ((AB42_O25_ISF/V_ISF) + AB42_PDMA_EC50_ISF)) * (AB42_O1_ISF/V_ISF) * (AB42_O9_ISF/V_ISF) * V_ISF
AB42_O1_ISF,-,,k_O10_O11_AB42_ISF*AB42_PDMA_Vmax_ISF*((AB42_O25_ISF/V_ISF) / ((AB42_O25_ISF/V_ISF) + AB42_PDMA_EC50_ISF)) * (AB42_O1_ISF/V_ISF) * (AB42_O10_ISF/V_ISF) * V_ISF
AB42_O1_ISF,-,,k_O11_O12_AB42_ISF*AB42_PDMA_Vmax_ISF*((AB42_O25_ISF/V_ISF) / ((AB42_O25_ISF/V_ISF) + AB42_PDMA_EC50_ISF)) * (AB42_O1_ISF/V_ISF) * (AB42_O11_ISF/V_ISF) * V_ISF
AB42_O1_ISF,-,,k_O12_O13_AB42_ISF*AB42_PDMA_Vmax_ISF*((AB42_O25_ISF/V_ISF) / ((AB42_O25_ISF/V_ISF) + AB42_PDMA_EC50_ISF)) * (AB42_O1_ISF/V_ISF) * (AB42_O12_ISF/V_ISF) * V_ISF
AB42_O1_ISF,-,,k_O13_O14_AB42_ISF*AB42_PDMA_Vmax_ISF*((AB42_O25_ISF/V_ISF) / ((AB42_O25_ISF/V_ISF) + AB42_PDMA_EC50_ISF)) * (AB42_O1_ISF/V_ISF) * (AB42_O13_ISF/V_ISF) * V_ISF
AB42_O1_ISF,-,,k_O14_O15_AB42_ISF*AB42_PDMA_Vmax_ISF*((AB42_O25_ISF/V_ISF) / ((AB42_O25_ISF/V_ISF) + AB42_PDMA_EC50_ISF)) * (AB42_O1_ISF/V_ISF) * (AB42_O14_ISF/V_ISF) * V_ISF
AB42_O1_ISF,-,,k_O15_O16_AB42_ISF*AB42_PDMA_Vmax_ISF*((AB42_O25_ISF/V_ISF) / ((AB42_O25_ISF/V_ISF) + AB42_PDMA_EC50_ISF)) * (AB42_O1_ISF/V_ISF) * (AB42_O15_ISF/V_ISF) * V_ISF
AB42_O1_ISF,-,,k_O16_O17_AB42_ISF*AB42_PDMA_Vmax_ISF*((AB42_O25_ISF/V_ISF) / ((AB42_O25_ISF/V_ISF) + AB42_PDMA_EC50_ISF)) * (AB42_O1_ISF/V_ISF) * (AB42_O16_ISF/V_ISF) * V_ISF
AB42_O1_ISF,-,,k0_Antibody * (AB42_O1_ISF/V_ISF) * (Antibody_ISF/V_ISF) * V_ISF
AB42_O1_ISF,-,,Baseline_AB42_O_P*k_O13_O14_AB42_ISF * (AB42_O1_ISF/V_ISF) * (AB42_O13_ISF/V_ISF) * V_ISF
AB42_O1_ISF,-,,Baseline_AB42_O_P*k_O14_O15_AB42_ISF * (AB42_O1_ISF/V_ISF) * (AB42_O14_ISF/V_ISF) * V_ISF
AB42_O1_ISF,-,,Baseline_AB42_O_P*k_O15_O16_AB42_ISF * (AB42_O1_ISF/V_ISF) * (AB42_O15_ISF/V_ISF) * V_ISF
AB42_O1_ISF,-,,Baseline_AB42_O_P*k_O16_O17_AB42_ISF * (AB42_O1_ISF/V_ISF) * (AB42_O16_ISF/V_ISF) * V_ISF
AB42_O1_ISF,-,,Baseline_AB42_O_P*k_O17_O18_AB42_ISF * (AB42_O1_ISF/V_ISF) * (AB42_O17_ISF/V_ISF) * V_ISF
AB42_O1_ISF,-,,Baseline_AB42_O_P*k_O18_O19_AB42_ISF * (AB42_O1_ISF/V_ISF) * (AB42_O18_ISF/V_ISF) * V_ISF
AB42_O1_ISF,-,,IDE_conc_ISF * AB42_IDE_Kcat_lin_ISF * (((AB42_O1_ISF/V_ISF))^AB42_IDE_Hill_ISF / (((AB42_O1_ISF/V_ISF))^AB42_IDE_Hill_ISF + AB42_IDE_IC50_ISF^AB42_IDE_Hill_ISF)) * V_ISF
AB42_O1_ISF,+,,k_AB42 * (C99_ISF/V_ISF) * V_ISF
AB42_O1_ISF,-,,(1.0 - sigma_ISF_central_Abeta) * (Qbrain_ISF - Q_PVS) * (AB42_O1_ISF/V_ISF)
AB42_O1_ISF,-,,f_LV*Qglymph * (AB42_O1_ISF/V_ISF)
AB42_O1_ISF,-,,(1.0 - f_LV) * Qglymph * (AB42_O1_ISF/V_ISF)
AB42_O1_ISF,+,,(1.0 - sigma_BBB)*Qbrain_ISF * (AB42_O1_BrainPlasma/V_BrainPlasma)
AB42_O1_ISF,+,,Qglymph * (AB42_O1_SAS/V_SAS)
AB42_O1_ISF,-,,(1.0 - sigma_ISF_PVS_O1) * Q_PVS * (AB42_O1_ISF/V_ISF)
AB42_O1_ISF,-,,CL_up_brain*fBBB*Vol_brain_ES * (AB42_O1_ISF/V_ISF)
AB42_O1_LV,-,,k0_Antibody * (AB42_O1_LV/V_LV) * (Antibody_LV/V_LV) * V_LV
AB42_O1_LV,+,,f_LV*Qglymph * (AB42_O1_ISF/V_ISF)
AB42_O1_LV,+,,f_LV*(1.0 - sigma_BCSFB)*Q_CSF * (AB42_O1_BrainPlasma/V_BrainPlasma)
AB42_O1_LV,-,,f_LV*(Q_CSF + Qglymph) * (AB42_O1_LV/V_LV)
AB42_O1_LV,-,,f_LV*CL_up_brain*(1.0 - fBBB)*Vol_brain_ES * (AB42_O1_LV/V_LV)
AB42_O1_PVS,-,,k0_Antibody * (AB42_O1_PVS/V_PVS) * (Antibody_PVS/V_PVS) * V_PVS
AB42_O1_PVS,-,,(1.0 - sigma_PVS_central_Abeta) * Q_PVS * (AB42_O1_PVS/V_PVS)
AB42_O1_PVS,+,,(1.0 - sigma_ISF_PVS_O1) * Q_PVS * (AB42_O1_ISF/V_ISF)
AB42_O1_SAS,-,,k0_Antibody * (AB42_O1_SAS/V_SAS) * (Antibody_SAS/V_SAS) * V_SAS
AB42_O1_SAS,+,,(Q_CSF + Qglymph) * (AB42_O1_CM/V_CM)
AB42_O1_SAS,-,,Qglymph * (AB42_O1_SAS/V_SAS)
AB42_O1_SAS,-,,(1 - sigma_SAS_central_Abeta)*Q_CSF * (AB42_O1_SAS/V_SAS)
AB42_O1_TFV,-,,k0_Antibody * (AB42_O1_TFV/V_TFV) * (Antibody_TFV/V_TFV) * V_TFV
AB42_O1_TFV,+,,(1.0 - f_LV) * Qglymph * (AB42_O1_ISF/V_ISF)
AB42_O1_TFV,+,,(1.0 - f_LV)*(1.0 - sigma_BCSFB)*Q_CSF * (AB42_O1_BrainPlasma/V_BrainPlasma)
AB42_O1_TFV,+,,f_LV*(Q_CSF + Qglymph) * (AB42_O1_LV/V_LV)
AB42_O1_TFV,-,,(Q_CSF + Qglymph) * (AB42_O1_TFV/V_TFV)
AB42_O1_TFV,-,,(1.0 - f_LV)*CL_up_brain*(1.0 - fBBB)*Vol_brain_ES * (AB42_O1_TFV/V_TFV)
AB42_O1__Antibody_BBB,+,,k0_Antibody * (AB42_O1_BBB/V_BBB) * (Antibody_BBB/V_BBB) * V_BBB
AB42_O1__Antibody_BBB,-,,kdeg * (AB42_O1__Antibody_BBB/V_BBB) * V_BBB
AB42_O1__Antibody_BBB,+,,CL_up_brain*fBBB*Vol_brain_ES * (AB42_O1__Antibody_ISF/V_ISF)
AB42_O1__Antibody_BBB,+,,CL_up_brain*fBBB*Vol_brain_ES * (AB42_O1__Antibody_BrainPlasma/V_BrainPlasma)
AB42_O1__Antibody_BBB,-,,kon_FCRn * (AB42_O1__Antibody_BBB/V_BBB) * (FCRn_BBB/V_BBB) * V_BBB
AB42_O1__Antibody_BBB,+,,koff_FCRn * (AB42_O1__Antibody__FCRn_BBB/V_BBB) * V_BBB
AB42_O1__Antibody_BCSFB,+,,k0_Antibody * (AB42_O1_BCSFB/V_BCSFB) * (Antibody_BCSFB/V_BCSFB) * V_BCSFB
AB42_O1__Antibody_BCSFB,-,,kdeg * (AB42_O1__Antibody_BCSFB/V_BCSFB) * V_BCSFB
AB42_O1__Antibody_BCSFB,+,,CL_up_brain*(1.0 - fBBB)*Vol_brain_ES * (AB42_O1__Antibody_BrainPlasma/V_BrainPlasma)
AB42_O1__Antibody_BCSFB,+,,(1.0 - f_LV)*CL_up_brain*(1.0 - fBBB)*Vol_brain_ES * (AB42_O1__Antibody_TFV/V_TFV)
AB42_O1__Antibody_BCSFB,+,,f_LV*CL_up_brain*(1.0 - fBBB)*Vol_brain_ES * (AB42_O1__Antibody_LV/V_LV)
AB42_O1__Antibody_BCSFB,-,,kon_FCRn * (AB42_O1__Antibody_BCSFB/V_BCSFB) * (FCRn_BCSFB/V_BCSFB) * V_BCSFB
AB42_O1__Antibody_BCSFB,+,,koff_FCRn * (AB42_O1__Antibody__FCRn_BCSFB/V_BCSFB) * V_BCSFB
AB42_O1__Antibody_BrainPlasma,+,,k0_Antibody * (AB42_O1_BrainPlasma/V_BrainPlasma) * (Antibody_BrainPlasma/V_BrainPlasma) * V_BrainPlasma
AB42_O1__Antibody_BrainPlasma,-,,(1.0 - sigma_BBB)*Qbrain_ISF * (AB42_O1__Antibody_BrainPlasma/V_BrainPlasma)
AB42_O1__Antibody_BrainPlasma,-,,f_LV*(1.0 - sigma_BCSFB)*Q_CSF * (AB42_O1__Antibody_BrainPlasma/V_BrainPlasma)
AB42_O1__Antibody_BrainPlasma,-,,(1.0 - f_LV)*(1.0 - sigma_BCSFB)*Q_CSF * (AB42_O1__Antibody_BrainPlasma/V_BrainPlasma)
AB42_O1__Antibody_BrainPlasma,-,,(Qbrain_plasma - Q_ CSF - Qbrain_ISF) * (AB42_O1__Antibody_BrainPlasma/V_BrainPlasma)
AB42_O1__Antibody_BrainPlasma,+,,Qbrain_plasma * (AB42_O1__Antibody_central/V_central)
AB42_O1__Antibody_BrainPlasma,-,,CL_up_brain*fBBB*Vol_brain_ES * (AB42_O1__Antibody_BrainPlasma/V_BrainPlasma)
AB42_O1__Antibody_BrainPlasma,-,,CL_up_brain*(1.0 - fBBB)*Vol_brain_ES * (AB42_O1__Antibody_BrainPlasma/V_BrainPlasma)
AB42_O1__Antibody_BrainPlasma,+,,CL_up_brain*fBBB*FR*Vol_brain_ES * (AB42_O1__Antibody__FCRn_BBB/V_BBB)
AB42_O1__Antibody_BrainPlasma,+,,CL_up_brain*(1.0 - fBBB)*FR*Vol_brain_ES * (AB42_O1__Antibody__FCRn_BCSFB/V_BCSFB)
AB42_O1__Antibody_CM,+,,k0_Antibody * (AB42_O1_CM/V_CM) * (Antibody_CM/V_CM) * V_CM
AB42_O1__Antibody_CM,+,,(Q_CSF + Qglymph) * (AB42_O1__Antibody_TFV/V_TFV)
AB42_O1__Antibody_CM,-,,(Q_CSF + Qglymph) * (AB42_O1__Antibody_CM/V_CM)
AB42_O1__Antibody_ISF,+,,k0_Antibody * (AB42_O1_ISF/V_ISF) * (Antibody_ISF/V_ISF) * V_ISF
AB42_O1__Antibody_ISF,-,,Microglia*(Microglia_high_frac*Microglia_high_rate_mAb + (1.0 - Microglia_high_frac)*Microglia_low_rate_mAb) * (AB42_O1__Antibody_ISF/V_ISF) * V_ISF
AB42_O1__Antibody_ISF,-,,(1.0 - sigma_ISF_central_Antibody) * (Qbrain_ISF - Q_PVS) * (AB42_O1__Antibody_ISF/V_ISF)
AB42_O1__Antibody_ISF,-,,f_LV*Qglymph * (AB42_O1__Antibody_ISF/V_ISF)
AB42_O1__Antibody_ISF,-,,(1.0 - f_LV) * Qglymph * (AB42_O1__Antibody_ISF/V_ISF)
AB42_O1__Antibody_ISF,+,,(1.0 - sigma_BBB)*Qbrain_ISF * (AB42_O1__Antibody_BrainPlasma/V_BrainPlasma)
AB42_O1__Antibody_ISF,+,,Qglymph * (AB42_O1__Antibody_SAS/V_SAS)
AB42_O1__Antibody_ISF,-,,CL_up_brain*fBBB*Vol_brain_ES * (AB42_O1__Antibody_ISF/V_ISF)
AB42_O1__Antibody_ISF,+,,CL_up_brain*fBBB*(1.0 - FR)*Vol_brain_ES * (AB42_O1__Antibody__FCRn_BBB/V_BBB)
AB42_O1__Antibody_LV,+,,k0_Antibody * (AB42_O1_LV/V_LV) * (Antibody_LV/V_LV) * V_LV
AB42_O1__Antibody_LV,+,,f_LV*Qglymph * (AB42_O1__Antibody_ISF/V_ISF)
AB42_O1__Antibody_LV,+,,f_LV*(1.0 - sigma_BCSFB)*Q_CSF * (AB42_O1__Antibody_BrainPlasma/V_BrainPlasma)
AB42_O1__Antibody_LV,-,,f_LV*(Q_CSF + Qglymph) * (AB42_O1__Antibody_LV/V_LV)
AB42_O1__Antibody_LV,-,,f_LV*CL_up_brain*(1.0 - fBBB)*Vol_brain_ES * (AB42_O1__Antibody_LV/V_LV)
AB42_O1__Antibody_LV,+,,f_LV*CL_up_brain*(1.0 - fBBB)*(1.0 - FR)*Vol_brain_ES * (AB42_O1__Antibody__FCRn_BCSFB/V_BCSFB)
AB42_O1__Antibody_PVS,+,,k0_Antibody * (AB42_O1_PVS/V_PVS) * (Antibody_PVS/V_PVS) * V_PVS
AB42_O1__Antibody_PVS,-,,(1.0 - sigma_PVS_central_Abeta) * Q_PVS * (AB42_O1__Antibody_PVS/V_PVS)
AB42_O1__Antibody_SAS,+,,k0_Antibody * (AB42_O1_SAS/V_SAS) * (Antibody_SAS/V_SAS) * V_SAS
AB42_O1__Antibody_SAS,+,,(Q_CSF + Qglymph) * (AB42_O1__Antibody_CM/V_CM)
AB42_O1__Antibody_SAS,-,,Qglymph * (AB42_O1__Antibody_SAS/V_SAS)
AB42_O1__Antibody_SAS,-,,(1 - sigma_SAS_central_Antibody)*Q_CSF * (AB42_O1__Antibody_SAS/V_SAS)
AB42_O1__Antibody_TFV,+,,k0_Antibody * (AB42_O1_TFV/V_TFV) * (Antibody_TFV/V_TFV) * V_TFV
AB42_O1__Antibody_TFV,+,,(1.0 - f_LV) * Qglymph * (AB42_O1__Antibody_ISF/V_ISF)
AB42_O1__Antibody_TFV,+,,(1.0 - f_LV)*(1.0 - sigma_BCSFB)*Q_CSF * (AB42_O1__Antibody_BrainPlasma/V_BrainPlasma)
AB42_O1__Antibody_TFV,+,,f_LV*(Q_CSF + Qglymph) * (AB42_O1__Antibody_LV/V_LV)
AB42_O1__Antibody_TFV,-,,(Q_CSF + Qglymph) * (AB42_O1__Antibody_TFV/V_TFV)
AB42_O1__Antibody_TFV,-,,(1.0 - f_LV)*CL_up_brain*(1.0 - fBBB)*Vol_brain_ES * (AB42_O1__Antibody_TFV/V_TFV)
AB42_O1__Antibody_TFV,+,,(1.0 - f_LV)*CL_up_brain*(1.0 - fBBB)*(1.0 - FR)*Vol_brain_ES * (AB42_O1__Antibody__FCRn_BCSFB/V_BCSFB)
AB42_O1__Antibody__FCRn_BBB,-,,CL_up_brain*fBBB*(1.0 - FR)*Vol_brain_ES * (AB42_O1__Antibody__FCRn_BBB/V_BBB)
AB42_O1__Antibody__FCRn_BBB,-,,CL_up_brain*fBBB*FR*Vol_brain_ES * (AB42_O1__Antibody__FCRn_BBB/V_BBB)
AB42_O1__Antibody__FCRn_BBB,+,,kon_FCRn * (AB42_O1__Antibody_BBB/V_BBB) * (FCRn_BBB/V_BBB) * V_BBB
AB42_O1__Antibody__FCRn_BBB,-,,koff_FCRn * (AB42_O1__Antibody__FCRn_BBB/V_BBB) * V_BBB
AB42_O1__Antibody__FCRn_BCSFB,-,,f_LV*CL_up_brain*(1.0 - fBBB)*(1.0 - FR)*Vol_brain_ES * (AB42_O1__Antibody__FCRn_BCSFB/V_BCSFB)
AB42_O1__Antibody__FCRn_BCSFB,-,,(1.0 - f_LV)*CL_up_brain*(1.0 - fBBB)*(1.0 - FR)*Vol_brain_ES * (AB42_O1__Antibody__FCRn_BCSFB/V_BCSFB)
AB42_O1__Antibody__FCRn_BCSFB,-,,CL_up_brain*(1.0 - fBBB)*FR*Vol_brain_ES * (AB42_O1__Antibody__FCRn_BCSFB/V_BCSFB)
AB42_O1__Antibody__FCRn_BCSFB,+,,kon_FCRn * (AB42_O1__Antibody_BCSFB/V_BCSFB) * (FCRn_BCSFB/V_BCSFB) * V_BCSFB
AB42_O1__Antibody__FCRn_BCSFB,-,,koff_FCRn * (AB42_O1__Antibody__FCRn_BCSFB/V_BCSFB) * V_BCSFB
AB42_O1__Antibody_central,+,,k0_Antibody * (AB42_O1_central/V_central) * (Antibody_central/V_central) * V_central
AB42_O1__Antibody_central,+,,(1.0 - sigma_PVS_central_Abeta) * Q_PVS * (AB42_O1__Antibody_PVS/V_PVS)
AB42_O1__Antibody_central,+,,(1.0 - sigma_ISF_central_Antibody) * (Qbrain_ISF - Q_PVS) * (AB42_O1__Antibody_ISF/V_ISF)
AB42_O1__Antibody_central,+,,(1 - sigma_SAS_central_Antibody)*Q_CSF * (AB42_O1__Antibody_SAS/V_SAS)
AB42_O1__Antibody_central,+,,(Qbrain_plasma - Q_ CSF - Qbrain_ISF) * (AB42_O1__Antibody_BrainPlasma/V_BrainPlasma)
AB42_O1__Antibody_central,-,,Qbrain_plasma * (AB42_O1__Antibody_central/V_central)
AB42_O1__Antibody_central,-,,Antibody_CL * (AB42_O1__Antibody_central/V_central)
AB42_O1__Antibody_central,-,,Antibody_CLd2 * (AB42_O1__Antibody_central/V_central)
AB42_O1__Antibody_central,+,,Antibody_CLd2 * (AB42_O1__Antibody_peripheral/V_peripheral)
AB42_O1__Antibody_peripheral,+,,Antibody_CLd2 * (AB42_O1__Antibody_central/V_central)
AB42_O1__Antibody_peripheral,-,,Antibody_CLd2 * (AB42_O1__Antibody_peripheral/V_peripheral)
AB42_O1_central,-,,k0_Antibody * (AB42_O1_central/V_central) * (Antibody_central/V_central) * V_central
AB42_O1_central,+,,AB42_systemic_synthesis_rate * V_central
AB42_O1_central,+,,(1.0 - sigma_PVS_central_Abeta) * Q_PVS * (AB42_O1_PVS/V_PVS)
AB42_O1_central,+,,(1.0 - sigma_ISF_central_Abeta) * (Qbrain_ISF - Q_PVS) * (AB42_O1_ISF/V_ISF)
AB42_O1_central,+,,(1 - sigma_SAS_central_Abeta)*Q_CSF * (AB42_O1_SAS/V_SAS)
AB42_O1_central,+,,(Qbrain_plasma - Q_ CSF - Qbrain_ISF) * (AB42_O1_BrainPlasma/V_BrainPlasma)
AB42_O1_central,-,,Qbrain_plasma * (AB42_O1_central/V_central)
AB42_O1_central,-,,Abeta_O1_CL * (AB42_O1_central/V_central)
AB42_O1_central,-,,Abeta_O1_CLd2 * (AB42_O1_central/V_central)
AB42_O1_central,+,,Abeta_O1_CLd2 * (AB42_O1_peripheral/V_peripheral)
AB42_O1_peripheral,+,,Abeta_O1_CLd2 * (AB42_O1_central/V_central)
AB42_O1_peripheral,-,,Abeta_O1_CLd2 * (AB42_O1_peripheral/V_peripheral)
AB42_O20_ISF,+,,k_O19_O20_AB42_ISF * (AB42_O1_ISF/V_ISF) * (AB42_O19_ISF/V_ISF) * V_ISF
AB42_O20_ISF,-,,k_O20_O19_AB42_ISF * (AB42_O20_ISF/V_ISF) * V_ISF
AB42_O20_ISF,-,,k_O20_O21_AB42_ISF * (AB42_O1_ISF/V_ISF) * (AB42_O20_ISF/V_ISF) * V_ISF
AB42_O20_ISF,+,,k_O21_O20_AB42_ISF * (AB42_O21_ISF/V_ISF) * V_ISF
AB42_O20_ISF,-,,k2_Antibody * (AB42_O20_ISF/V_ISF) * (Antibody_ISF/V_ISF) * V_ISF
AB42_O20_ISF,-,,Microglia*(Hi_lo_ratio*Microglia_high_frac*Microglia_Vmax_AB42/(Microglia_EC50_AB42 + (AB42_O20_ISF/V_ISF)) + (1.0 - Microglia_high_frac)*Microglia_Vmax_AB42/(Microglia_EC50_AB42 + (AB42_O20_ISF/V_ISF))) * (AB42_O20_ISF/V_ISF) * V_ISF
AB42_O20_ISF,-,,(1.0 - sigma_ISF_PVS_proto) * Q_PVS * (AB42_O20_ISF/V_ISF)
AB42_O20_PVS,-,,k2_Antibody * (AB42_O20_PVS/V_PVS) * (Antibody_PVS/V_PVS) * V_PVS
AB42_O20_PVS,+,,(1.0 - sigma_ISF_PVS_proto) * Q_PVS * (AB42_O20_ISF/V_ISF)
AB42_O20_PVS,-,,(1.0 - sigma_PVS_central_Abeta) * Q_PVS * (AB42_O20_PVS/V_PVS)
AB42_O20__Antibody_ISF,+,,k2_Antibody * (AB42_O20_ISF/V_ISF) * (Antibody_ISF/V_ISF) * V_ISF
AB42_O20__Antibody_ISF,-,,Microglia*(Microglia_high_frac*Microglia_high_rate_mAb + (1.0 - Microglia_high_frac)*Microglia_low_rate_mAb) * (AB42_O20__Antibody_ISF/V_ISF) * V_ISF
AB42_O20__Antibody_PVS,+,,k2_Antibody * (AB42_O20_PVS/V_PVS) * (Antibody_PVS/V_PVS) * V_PVS
AB42_O20__Antibody_PVS,-,,(1.0 - sigma_PVS_central_Antibody) * Q_PVS * (AB42_O20__Antibody_PVS/V_PVS)
AB42_O21_ISF,+,,k_O20_O21_AB42_ISF * (AB42_O1_ISF/V_ISF) * (AB42_O20_ISF/V_ISF) * V_ISF
AB42_O21_ISF,-,,k_O21_O20_AB42_ISF * (AB42_O21_ISF/V_ISF) * V_ISF
AB42_O21_ISF,-,,k_O21_O22_AB42_ISF * (AB42_O1_ISF/V_ISF) * (AB42_O21_ISF/V_ISF) * V_ISF
AB42_O21_ISF,+,,k_O22_O21_AB42_ISF * (AB42_O22_ISF/V_ISF) * V_ISF
AB42_O21_ISF,-,,k2_Antibody * (AB42_O21_ISF/V_ISF) * (Antibody_ISF/V_ISF) * V_ISF
AB42_O21_ISF,-,,Microglia*(Hi_lo_ratio*Microglia_high_frac*Microglia_Vmax_AB42/(Microglia_EC50_AB42 + (AB42_O21_ISF/V_ISF)) + (1.0 - Microglia_high_frac)*Microglia_Vmax_AB42/(Microglia_EC50_AB42 + (AB42_O21_ISF/V_ISF))) * (AB42_O21_ISF/V_ISF) * V_ISF
AB42_O21_ISF,-,,(1.0 - sigma_ISF_PVS_proto) * Q_PVS * (AB42_O21_ISF/V_ISF)
AB42_O21_PVS,-,,k2_Antibody * (AB42_O21_PVS/V_PVS) * (Antibody_PVS/V_PVS) * V_PVS
AB42_O21_PVS,+,,(1.0 - sigma_ISF_PVS_proto) * Q_PVS * (AB42_O21_ISF/V_ISF)
AB42_O21_PVS,-,,(1.0 - sigma_PVS_central_Abeta) * Q_PVS * (AB42_O21_PVS/V_PVS)
AB42_O21__Antibody_ISF,+,,k2_Antibody * (AB42_O21_ISF/V_ISF) * (Antibody_ISF/V_ISF) * V_ISF
AB42_O21__Antibody_ISF,-,,Microglia*(Microglia_high_frac*Microglia_high_rate_mAb + (1.0 - Microglia_high_frac)*Microglia_low_rate_mAb) * (AB42_O21__Antibody_ISF/V_ISF) * V_ISF
AB42_O21__Antibody_PVS,+,,k2_Antibody * (AB42_O21_PVS/V_PVS) * (Antibody_PVS/V_PVS) * V_PVS
AB42_O21__Antibody_PVS,-,,(1.0 - sigma_PVS_central_Antibody) * Q_PVS * (AB42_O21__Antibody_PVS/V_PVS)
AB42_O22_ISF,+,,k_O21_O22_AB42_ISF * (AB42_O1_ISF/V_ISF) * (AB42_O21_ISF/V_ISF) * V_ISF
AB42_O22_ISF,-,,k_O22_O21_AB42_ISF * (AB42_O22_ISF/V_ISF) * V_ISF
AB42_O22_ISF,-,,k_O22_O23_AB42_ISF * (AB42_O1_ISF/V_ISF) * (AB42_O22_ISF/V_ISF) * V_ISF
AB42_O22_ISF,+,,k_O23_O22_AB42_ISF * (AB42_O23_ISF/V_ISF) * V_ISF
AB42_O22_ISF,-,,k2_Antibody * (AB42_O22_ISF/V_ISF) * (Antibody_ISF/V_ISF) * V_ISF
AB42_O22_ISF,-,,Microglia*(Hi_lo_ratio*Microglia_high_frac*Microglia_Vmax_AB42/(Microglia_EC50_AB42 + (AB42_O22_ISF/V_ISF)) + (1.0 - Microglia_high_frac)*Microglia_Vmax_AB42/(Microglia_EC50_AB42 + (AB42_O22_ISF/V_ISF))) * (AB42_O22_ISF/V_ISF) * V_ISF
AB42_O22_ISF,-,,(1.0 - sigma_ISF_PVS_proto) * Q_PVS * (AB42_O22_ISF/V_ISF)
AB42_O22_PVS,-,,k2_Antibody * (AB42_O22_PVS/V_PVS) * (Antibody_PVS/V_PVS) * V_PVS
AB42_O22_PVS,+,,(1.0 - sigma_ISF_PVS_proto) * Q_PVS * (AB42_O22_ISF/V_ISF)
AB42_O22_PVS,-,,(1.0 - sigma_PVS_central_Abeta) * Q_PVS * (AB42_O22_PVS/V_PVS)
AB42_O22__Antibody_ISF,+,,k2_Antibody * (AB42_O22_ISF/V_ISF) * (Antibody_ISF/V_ISF) * V_ISF
AB42_O22__Antibody_ISF,-,,Microglia*(Microglia_high_frac*Microglia_high_rate_mAb + (1.0 - Microglia_high_frac)*Microglia_low_rate_mAb) * (AB42_O22__Antibody_ISF/V_ISF) * V_ISF
AB42_O22__Antibody_PVS,+,,k2_Antibody * (AB42_O22_PVS/V_PVS) * (Antibody_PVS/V_PVS) * V_PVS
AB42_O22__Antibody_PVS,-,,(1.0 - sigma_PVS_central_Antibody) * Q_PVS * (AB42_O22__Antibody_PVS/V_PVS)
AB42_O23_ISF,+,,k_O22_O23_AB42_ISF * (AB42_O1_ISF/V_ISF) * (AB42_O22_ISF/V_ISF) * V_ISF
AB42_O23_ISF,-,,k_O23_O22_AB42_ISF * (AB42_O23_ISF/V_ISF) * V_ISF
AB42_O23_ISF,-,,k_O23_O24_AB42_ISF * (AB42_O1_ISF/V_ISF) * (AB42_O23_ISF/V_ISF) * V_ISF
AB42_O23_ISF,+,,k_O24_O23_AB42_ISF * (AB42_O24_ISF/V_ISF) * V_ISF
AB42_O23_ISF,-,,k2_Antibody * (AB42_O23_ISF/V_ISF) * (Antibody_ISF/V_ISF) * V_ISF
AB42_O23_ISF,-,,Microglia*(Hi_lo_ratio*Microglia_high_frac*Microglia_Vmax_AB42/(Microglia_EC50_AB42 + (AB42_O23_ISF/V_ISF)) + (1.0 - Microglia_high_frac)*Microglia_Vmax_AB42/(Microglia_EC50_AB42 + (AB42_O23_ISF/V_ISF))) * (AB42_O23_ISF/V_ISF) * V_ISF
AB42_O23_ISF,-,,(1.0 - sigma_ISF_PVS_proto) * Q_PVS * (AB42_O23_ISF/V_ISF)
AB42_O23_PVS,-,,k2_Antibody * (AB42_O23_PVS/V_PVS) * (Antibody_PVS/V_PVS) * V_PVS
AB42_O23_PVS,+,,(1.0 - sigma_ISF_PVS_proto) * Q_PVS * (AB42_O23_ISF/V_ISF)
AB42_O23_PVS,-,,(1.0 - sigma_PVS_central_Abeta) * Q_PVS * (AB42_O23_PVS/V_PVS)
AB42_O23__Antibody_ISF,+,,k2_Antibody * (AB42_O23_ISF/V_ISF) * (Antibody_ISF/V_ISF) * V_ISF
AB42_O23__Antibody_ISF,-,,Microglia*(Microglia_high_frac*Microglia_high_rate_mAb + (1.0 - Microglia_high_frac)*Microglia_low_rate_mAb) * (AB42_O23__Antibody_ISF/V_ISF) * V_ISF
AB42_O23__Antibody_PVS,+,,k2_Antibody * (AB42_O23_PVS/V_PVS) * (Antibody_PVS/V_PVS) * V_PVS
AB42_O23__Antibody_PVS,-,,(1.0 - sigma_PVS_central_Antibody) * Q_PVS * (AB42_O23__Antibody_PVS/V_PVS)
AB42_O24_ISF,+,,k_O23_O24_AB42_ISF * (AB42_O1_ISF/V_ISF) * (AB42_O23_ISF/V_ISF) * V_ISF
AB42_O24_ISF,-,,k_O24_O23_AB42_ISF * (AB42_O24_ISF/V_ISF) * V_ISF
AB42_O24_ISF,-,,k2_Antibody * (AB42_O24_ISF/V_ISF) * (Antibody_ISF/V_ISF) * V_ISF
AB42_O24_ISF,-,,Microglia*(Hi_lo_ratio*Microglia_high_frac*Microglia_Vmax_AB42/(Microglia_EC50_AB42 + (AB42_O24_ISF/V_ISF)) + (1.0 - Microglia_high_frac)*Microglia_Vmax_AB42/(Microglia_EC50_AB42 + (AB42_O24_ISF/V_ISF))) * (AB42_O24_ISF/V_ISF) * V_ISF
AB42_O24_ISF,-,,k_O24_O12_AB42_ISF*k_O24_O23_AB42_ISF * (AB42_O24_ISF/V_ISF) * V_ISF
AB42_O24_ISF,-,,(1.0 - sigma_ISF_PVS_proto) * Q_PVS * (AB42_O24_ISF/V_ISF)
AB42_O24_PVS,-,,k2_Antibody * (AB42_O24_PVS/V_PVS) * (Antibody_PVS/V_PVS) * V_PVS
AB42_O24_PVS,+,,(1.0 - sigma_ISF_PVS_proto) * Q_PVS * (AB42_O24_ISF/V_ISF)
AB42_O24_PVS,-,,(1.0 - sigma_PVS_central_Abeta) * Q_PVS * (AB42_O24_PVS/V_PVS)
AB42_O24__Antibody_ISF,+,,k2_Antibody * (AB42_O24_ISF/V_ISF) * (Antibody_ISF/V_ISF) * V_ISF
AB42_O24__Antibody_ISF,-,,Microglia*(Microglia_high_frac*Microglia_high_rate_mAb + (1.0 - Microglia_high_frac)*Microglia_low_rate_mAb) * (AB42_O24__Antibody_ISF/V_ISF) * V_ISF
AB42_O24__Antibody_PVS,+,,k2_Antibody * (AB42_O24_PVS/V_PVS) * (Antibody_PVS/V_PVS) * V_PVS
AB42_O24__Antibody_PVS,-,,(1.0 - sigma_PVS_central_Antibody) * Q_PVS * (AB42_O24__Antibody_PVS/V_PVS)
AB42_O25_ISF,-,,k3_Antibody * (AB42_O25_ISF/V_ISF) * (Antibody_ISF/V_ISF) * V_ISF
AB42_O25_ISF,+,,Baseline_AB42_O_P*k_O13_O14_AB42_ISF * (AB42_O1_ISF/V_ISF) * (AB42_O13_ISF/V_ISF) * V_ISF
AB42_O25_ISF,+,,Baseline_AB42_O_P*k_O14_O15_AB42_ISF * (AB42_O1_ISF/V_ISF) * (AB42_O14_ISF/V_ISF) * V_ISF
AB42_O25_ISF,+,,Baseline_AB42_O_P*k_O15_O16_AB42_ISF * (AB42_O1_ISF/V_ISF) * (AB42_O15_ISF/V_ISF) * V_ISF
AB42_O25_ISF,+,,Baseline_AB42_O_P*k_O16_O17_AB42_ISF * (AB42_O1_ISF/V_ISF) * (AB42_O16_ISF/V_ISF) * V_ISF
AB42_O25_ISF,+,,Baseline_AB42_O_P*k_O17_O18_AB42_ISF * (AB42_O1_ISF/V_ISF) * (AB42_O17_ISF/V_ISF) * V_ISF
AB42_O25_ISF,+,,Baseline_AB42_O_P*k_O18_O19_AB42_ISF * (AB42_O1_ISF/V_ISF) * (AB42_O18_ISF/V_ISF) * V_ISF
AB42_O25_ISF,-,,0.5*Microglia*(Microglia_high_frac*Microglia_high_rate_AB42 + (1.0 - Microglia_high_frac)*Microglia_low_rate_AB42) * (AB42_O25_ISF/V_ISF) * V_ISF
AB42_O25_PVS,-,,k3_Antibody * (AB42_O25_PVS/V_PVS) * (Antibody_PVS/V_PVS) * V_PVS
AB42_O25__Antibody_ISF,+,,k3_Antibody * (AB42_O25_ISF/V_ISF) * (Antibody_ISF/V_ISF) * V_ISF
AB42_O25__Antibody_ISF,-,,Microglia*(Microglia_high_frac*Microglia_high_rate_mAb + (1.0 - Microglia_high_frac)*Microglia_low_rate_mAb) * (AB42_O25__Antibody_ISF/V_ISF) * V_ISF
AB42_O25__Antibody_PVS,+,,k3_Antibody * (AB42_O25_PVS/V_PVS) * (Antibody_PVS/V_PVS) * V_PVS
AB42_O2_ISF,+,,k_O1_O2_AB42_ISF * (AB42_O1_ISF/V_ISF) * (AB42_O1_ISF/V_ISF) * V_ISF
AB42_O2_ISF,-,,k_O2_O1_AB42_ISF * (AB42_O2_ISF/V_ISF) * V_ISF
AB42_O2_ISF,-,,k_O2_O3_AB42_ISF * (AB42_O1_ISF/V_ISF) * (AB42_O2_ISF/V_ISF) * V_ISF
AB42_O2_ISF,+,,k_O3_O2_AB42_ISF * (AB42_O3_ISF/V_ISF) * V_ISF
AB42_O2_ISF,+,,k_O1_O2_AB42_ISF*AB42_PDMA_Vmax_ISF*((AB42_O25_ISF/V_ISF) / ((AB42_O25_ISF/V_ISF) + AB42_PDMA_EC50_ISF)) * (AB42_O1_ISF/V_ISF) * (AB42_O1_ISF/V_ISF) * V_ISF
AB42_O2_ISF,-,,k_O2_O3_AB42_ISF*AB42_PDMA_Vmax_ISF*((AB42_O25_ISF/V_ISF) / ((AB42_O25_ISF/V_ISF) + AB42_PDMA_EC50_ISF)) * (AB42_O1_ISF/V_ISF) * (AB42_O2_ISF/V_ISF) * V_ISF
AB42_O2_ISF,-,,k1_Antibody * (AB42_O2_ISF/V_ISF) * (Antibody_ISF/V_ISF) * V_ISF
AB42_O2_ISF,-,,Microglia*(Hi_lo_ratio*Microglia_high_frac*Microglia_Vmax_AB42/(Microglia_EC50_AB42 + (AB42_O2_ISF/V_ISF)) + (1.0 - Microglia_high_frac)*Microglia_Vmax_AB42/(Microglia_EC50_AB42 + (AB42_O2_ISF/V_ISF))) * (AB42_O2_ISF/V_ISF) * V_ISF
AB42_O2_ISF,-,,(1.0 - sigma_ISF_PVS_oligomer1) * Q_PVS * (AB42_O2_ISF/V_ISF)
AB42_O2_PVS,-,,k1_Antibody * (AB42_O2_PVS/V_PVS) * (Antibody_PVS/V_PVS) * V_PVS
AB42_O2_PVS,+,,(1.0 - sigma_ISF_PVS_oligomer1) * Q_PVS * (AB42_O2_ISF/V_ISF)
AB42_O2_PVS,-,,(1.0 - sigma_PVS_central_Abeta) * Q_PVS * (AB42_O2_PVS/V_PVS)
AB42_O2__Antibody_ISF,+,,k1_Antibody * (AB42_O2_ISF/V_ISF) * (Antibody_ISF/V_ISF) * V_ISF
AB42_O2__Antibody_ISF,-,,Microglia*(Microglia_high_frac*Microglia_high_rate_mAb + (1.0 - Microglia_high_frac)*Microglia_low_rate_mAb) * (AB42_O2__Antibody_ISF/V_ISF) * V_ISF
AB42_O2__Antibody_PVS,+,,k1_Antibody * (AB42_O2_PVS/V_PVS) * (Antibody_PVS/V_PVS) * V_PVS
AB42_O2__Antibody_PVS,-,,(1.0 - sigma_PVS_central_Antibody) * Q_PVS * (AB42_O2__Antibody_PVS/V_PVS)
AB42_O3_ISF,+,,k_O2_O3_AB42_ISF * (AB42_O1_ISF/V_ISF) * (AB42_O2_ISF/V_ISF) * V_ISF
AB42_O3_ISF,-,,k_O3_O2_AB42_ISF * (AB42_O3_ISF/V_ISF) * V_ISF
AB42_O3_ISF,-,,k_O3_O4_AB42_ISF * (AB42_O1_ISF/V_ISF) * (AB42_O3_ISF/V_ISF) * V_ISF
AB42_O3_ISF,+,,k_O4_O3_AB42_ISF * (AB42_O4_ISF/V_ISF) * V_ISF
AB42_O3_ISF,+,,k_O2_O3_AB42_ISF*AB42_PDMA_Vmax_ISF*((AB42_O25_ISF/V_ISF) / ((AB42_O25_ISF/V_ISF) + AB42_PDMA_EC50_ISF)) * (AB42_O1_ISF/V_ISF) * (AB42_O2_ISF/V_ISF) * V_ISF
AB42_O3_ISF,-,,k_O3_O4_AB42_ISF*AB42_PDMA_Vmax_ISF*((AB42_O25_ISF/V_ISF) / ((AB42_O25_ISF/V_ISF) + AB42_PDMA_EC50_ISF)) * (AB42_O1_ISF/V_ISF) * (AB42_O3_ISF/V_ISF) * V_ISF
AB42_O3_ISF,-,,k1_Antibody * (AB42_O3_ISF/V_ISF) * (Antibody_ISF/V_ISF) * V_ISF
AB42_O3_ISF,-,,Microglia*(Hi_lo_ratio*Microglia_high_frac*Microglia_Vmax_AB42/(Microglia_EC50_AB42 + (AB42_O3_ISF/V_ISF)) + (1.0 - Microglia_high_frac)*Microglia_Vmax_AB42/(Microglia_EC50_AB42 + (AB42_O3_ISF/V_ISF))) * (AB42_O3_ISF/V_ISF) * V_ISF
AB42_O3_ISF,-,,(1.0 - sigma_ISF_PVS_oligomer1) * Q_PVS * (AB42_O3_ISF/V_ISF)
AB42_O3_PVS,-,,k1_Antibody * (AB42_O3_PVS/V_PVS) * (Antibody_PVS/V_PVS) * V_PVS
AB42_O3_PVS,+,,(1.0 - sigma_ISF_PVS_oligomer1) * Q_PVS * (AB42_O3_ISF/V_ISF)
AB42_O3_PVS,-,,(1.0 - sigma_PVS_central_Abeta) * Q_PVS * (AB42_O3_PVS/V_PVS)
AB42_O3__Antibody_ISF,+,,k1_Antibody * (AB42_O3_ISF/V_ISF) * (Antibody_ISF/V_ISF) * V_ISF
AB42_O3__Antibody_ISF,-,,Microglia*(Microglia_high_frac*Microglia_high_rate_mAb + (1.0 - Microglia_high_frac)*Microglia_low_rate_mAb) * (AB42_O3__Antibody_ISF/V_ISF) * V_ISF
AB42_O3__Antibody_PVS,+,,k1_Antibody * (AB42_O3_PVS/V_PVS) * (Antibody_PVS/V_PVS) * V_PVS
AB42_O3__Antibody_PVS,-,,(1.0 - sigma_PVS_central_Antibody) * Q_PVS * (AB42_O3__Antibody_PVS/V_PVS)
AB42_O4_ISF,+,,k_O3_O4_AB42_ISF * (AB42_O1_ISF/V_ISF) * (AB42_O3_ISF/V_ISF) * V_ISF
AB42_O4_ISF,-,,k_O4_O3_AB42_ISF * (AB42_O4_ISF/V_ISF) * V_ISF
AB42_O4_ISF,-,,k_O4_O5_AB42_ISF * (AB42_O1_ISF/V_ISF) * (AB42_O4_ISF/V_ISF) * V_ISF
AB42_O4_ISF,+,,k_O5_O4_AB42_ISF * (AB42_O5_ISF/V_ISF) * V_ISF
AB42_O4_ISF,+,,k_O3_O4_AB42_ISF*AB42_PDMA_Vmax_ISF*((AB42_O25_ISF/V_ISF) / ((AB42_O25_ISF/V_ISF) + AB42_PDMA_EC50_ISF)) * (AB42_O1_ISF/V_ISF) * (AB42_O3_ISF/V_ISF) * V_ISF
AB42_O4_ISF,-,,k_O4_O5_AB42_ISF*AB42_PDMA_Vmax_ISF*((AB42_O25_ISF/V_ISF) / ((AB42_O25_ISF/V_ISF) + AB42_PDMA_EC50_ISF)) * (AB42_O1_ISF/V_ISF) * (AB42_O4_ISF/V_ISF) * V_ISF
AB42_O4_ISF,-,,k1_Antibody * (AB42_O4_ISF/V_ISF) * (Antibody_ISF/V_ISF) * V_ISF
AB42_O4_ISF,-,,Microglia*(Hi_lo_ratio*Microglia_high_frac*Microglia_Vmax_AB42/(Microglia_EC50_AB42 + (AB42_O4_ISF/V_ISF)) + (1.0 - Microglia_high_frac)*Microglia_Vmax_AB42/(Microglia_EC50_AB42 + (AB42_O4_ISF/V_ISF))) * (AB42_O4_ISF/V_ISF) * V_ISF
AB42_O4_ISF,-,,(1.0 - sigma_ISF_PVS_oligomer1) * Q_PVS * (AB42_O4_ISF/V_ISF)
AB42_O4_PVS,-,,k1_Antibody * (AB42_O4_PVS/V_PVS) * (Antibody_PVS/V_PVS) * V_PVS
AB42_O4_PVS,+,,(1.0 - sigma_ISF_PVS_oligomer1) * Q_PVS * (AB42_O4_ISF/V_ISF)
AB42_O4_PVS,-,,(1.0 - sigma_PVS_central_Abeta) * Q_PVS * (AB42_O4_PVS/V_PVS)
AB42_O4__Antibody_ISF,+,,k1_Antibody * (AB42_O4_ISF/V_ISF) * (Antibody_ISF/V_ISF) * V_ISF
AB42_O4__Antibody_ISF,-,,Microglia*(Microglia_high_frac*Microglia_high_rate_mAb + (1.0 - Microglia_high_frac)*Microglia_low_rate_mAb) * (AB42_O4__Antibody_ISF/V_ISF) * V_ISF
AB42_O4__Antibody_PVS,+,,k1_Antibody * (AB42_O4_PVS/V_PVS) * (Antibody_PVS/V_PVS) * V_PVS
AB42_O4__Antibody_PVS,-,,(1.0 - sigma_PVS_central_Antibody) * Q_PVS * (AB42_O4__Antibody_PVS/V_PVS)
AB42_O5_ISF,+,,k_O4_O5_AB42_ISF * (AB42_O1_ISF/V_ISF) * (AB42_O4_ISF/V_ISF) * V_ISF
AB42_O5_ISF,-,,k_O5_O4_AB42_ISF * (AB42_O5_ISF/V_ISF) * V_ISF
AB42_O5_ISF,-,,k_O5_O6_AB42_ISF * (AB42_O1_ISF/V_ISF) * (AB42_O5_ISF/V_ISF) * V_ISF
AB42_O5_ISF,+,,k_O6_O5_AB42_ISF * (AB42_O6_ISF/V_ISF) * V_ISF
AB42_O5_ISF,+,,k_O4_O5_AB42_ISF*AB42_PDMA_Vmax_ISF*((AB42_O25_ISF/V_ISF) / ((AB42_O25_ISF/V_ISF) + AB42_PDMA_EC50_ISF)) * (AB42_O1_ISF/V_ISF) * (AB42_O4_ISF/V_ISF) * V_ISF
AB42_O5_ISF,-,,k_O5_O6_AB42_ISF*AB42_PDMA_Vmax_ISF*((AB42_O25_ISF/V_ISF) / ((AB42_O25_ISF/V_ISF) + AB42_PDMA_EC50_ISF)) * (AB42_O1_ISF/V_ISF) * (AB42_O5_ISF/V_ISF) * V_ISF
AB42_O5_ISF,-,,k1_Antibody * (AB42_O5_ISF/V_ISF) * (Antibody_ISF/V_ISF) * V_ISF
AB42_O5_ISF,-,,Microglia*(Hi_lo_ratio*Microglia_high_frac*Microglia_Vmax_AB42/(Microglia_EC50_AB42 + (AB42_O5_ISF/V_ISF)) + (1.0 - Microglia_high_frac)*Microglia_Vmax_AB42/(Microglia_EC50_AB42 + (AB42_O5_ISF/V_ISF))) * (AB42_O5_ISF/V_ISF) * V_ISF
AB42_O5_ISF,-,,(1.0 - sigma_ISF_PVS_oligomer1) * Q_PVS * (AB42_O5_ISF/V_ISF)
AB42_O5_PVS,-,,k1_Antibody * (AB42_O5_PVS/V_PVS) * (Antibody_PVS/V_PVS) * V_PVS
AB42_O5_PVS,+,,(1.0 - sigma_ISF_PVS_oligomer1) * Q_PVS * (AB42_O5_ISF/V_ISF)
AB42_O5_PVS,-,,(1.0 - sigma_PVS_central_Abeta) * Q_PVS * (AB42_O5_PVS/V_PVS)
AB42_O5__Antibody_ISF,+,,k1_Antibody * (AB42_O5_ISF/V_ISF) * (Antibody_ISF/V_ISF) * V_ISF
AB42_O5__Antibody_ISF,-,,Microglia*(Microglia_high_frac*Microglia_high_rate_mAb + (1.0 - Microglia_high_frac)*Microglia_low_rate_mAb) * (AB42_O5__Antibody_ISF/V_ISF) * V_ISF
AB42_O5__Antibody_PVS,+,,k1_Antibody * (AB42_O5_PVS/V_PVS) * (Antibody_PVS/V_PVS) * V_PVS
AB42_O5__Antibody_PVS,-,,(1.0 - sigma_PVS_central_Antibody) * Q_PVS * (AB42_O5__Antibody_PVS/V_PVS)
AB42_O6_ISF,+,,k_O5_O6_AB42_ISF * (AB42_O1_ISF/V_ISF) * (AB42_O5_ISF/V_ISF) * V_ISF
AB42_O6_ISF,-,,k_O6_O5_AB42_ISF * (AB42_O6_ISF/V_ISF) * V_ISF
AB42_O6_ISF,-,,k_O6_O7_AB42_ISF * (AB42_O1_ISF/V_ISF) * (AB42_O6_ISF/V_ISF) * V_ISF
AB42_O6_ISF,+,,k_O7_O6_AB42_ISF * (AB42_O7_ISF/V_ISF) * V_ISF
AB42_O6_ISF,+,,k_O5_O6_AB42_ISF*AB42_PDMA_Vmax_ISF*((AB42_O25_ISF/V_ISF) / ((AB42_O25_ISF/V_ISF) + AB42_PDMA_EC50_ISF)) * (AB42_O1_ISF/V_ISF) * (AB42_O5_ISF/V_ISF) * V_ISF
AB42_O6_ISF,-,,k_O6_O7_AB42_ISF*AB42_PDMA_Vmax_ISF*((AB42_O25_ISF/V_ISF) / ((AB42_O25_ISF/V_ISF) + AB42_PDMA_EC50_ISF)) * (AB42_O1_ISF/V_ISF) * (AB42_O6_ISF/V_ISF) * V_ISF
AB42_O6_ISF,-,,k1_Antibody * (AB42_O6_ISF/V_ISF) * (Antibody_ISF/V_ISF) * V_ISF
AB42_O6_ISF,-,,Microglia*(Hi_lo_ratio*Microglia_high_frac*Microglia_Vmax_AB42/(Microglia_EC50_AB42 + (AB42_O6_ISF/V_ISF)) + (1.0 - Microglia_high_frac)*Microglia_Vmax_AB42/(Microglia_EC50_AB42 + (AB42_O6_ISF/V_ISF))) * (AB42_O6_ISF/V_ISF) * V_ISF
AB42_O6_ISF,-,,(1.0 - sigma_ISF_PVS_oligomer1) * Q_PVS * (AB42_O6_ISF/V_ISF)
AB42_O6_PVS,-,,k1_Antibody * (AB42_O6_PVS/V_PVS) * (Antibody_PVS/V_PVS) * V_PVS
AB42_O6_PVS,+,,(1.0 - sigma_ISF_PVS_oligomer1) * Q_PVS * (AB42_O6_ISF/V_ISF)
AB42_O6_PVS,-,,(1.0 - sigma_PVS_central_Abeta) * Q_PVS * (AB42_O6_PVS/V_PVS)
AB42_O6__Antibody_ISF,+,,k1_Antibody * (AB42_O6_ISF/V_ISF) * (Antibody_ISF/V_ISF) * V_ISF
AB42_O6__Antibody_ISF,-,,Microglia*(Microglia_high_frac*Microglia_high_rate_mAb + (1.0 - Microglia_high_frac)*Microglia_low_rate_mAb) * (AB42_O6__Antibody_ISF/V_ISF) * V_ISF
AB42_O6__Antibody_PVS,+,,k1_Antibody * (AB42_O6_PVS/V_PVS) * (Antibody_PVS/V_PVS) * V_PVS
AB42_O6__Antibody_PVS,-,,(1.0 - sigma_PVS_central_Antibody) * Q_PVS * (AB42_O6__Antibody_PVS/V_PVS)
AB42_O7_ISF,+,,k_O6_O7_AB42_ISF * (AB42_O1_ISF/V_ISF) * (AB42_O6_ISF/V_ISF) * V_ISF
AB42_O7_ISF,-,,k_O7_O6_AB42_ISF * (AB42_O7_ISF/V_ISF) * V_ISF
AB42_O7_ISF,-,,k_O7_O8_AB42_ISF * (AB42_O1_ISF/V_ISF) * (AB42_O7_ISF/V_ISF) * V_ISF
AB42_O7_ISF,+,,k_O8_O7_AB42_ISF * (AB42_O8_ISF/V_ISF) * V_ISF
AB42_O7_ISF,+,,k_O6_O7_AB42_ISF*AB42_PDMA_Vmax_ISF*((AB42_O25_ISF/V_ISF) / ((AB42_O25_ISF/V_ISF) + AB42_PDMA_EC50_ISF)) * (AB42_O1_ISF/V_ISF) * (AB42_O6_ISF/V_ISF) * V_ISF
AB42_O7_ISF,-,,k_O7_O8_AB42_ISF*AB42_PDMA_Vmax_ISF*((AB42_O25_ISF/V_ISF) / ((AB42_O25_ISF/V_ISF) + AB42_PDMA_EC50_ISF)) * (AB42_O1_ISF/V_ISF) * (AB42_O7_ISF/V_ISF) * V_ISF
AB42_O7_ISF,-,,k1_Antibody * (AB42_O7_ISF/V_ISF) * (Antibody_ISF/V_ISF) * V_ISF
AB42_O7_ISF,-,,Microglia*(Hi_lo_ratio*Microglia_high_frac*Microglia_Vmax_AB42/(Microglia_EC50_AB42 + (AB42_O7_ISF/V_ISF)) + (1.0 - Microglia_high_frac)*Microglia_Vmax_AB42/(Microglia_EC50_AB42 + (AB42_O7_ISF/V_ISF))) * (AB42_O7_ISF/V_ISF) * V_ISF
AB42_O7_ISF,-,,(1.0 - sigma_ISF_PVS_oligomer1) * Q_PVS * (AB42_O7_ISF/V_ISF)
AB42_O7_PVS,-,,k1_Antibody * (AB42_O7_PVS/V_PVS) * (Antibody_PVS/V_PVS) * V_PVS
AB42_O7_PVS,+,,(1.0 - sigma_ISF_PVS_oligomer1) * Q_PVS * (AB42_O7_ISF/V_ISF)
AB42_O7_PVS,-,,(1.0 - sigma_PVS_central_Abeta) * Q_PVS * (AB42_O7_PVS/V_PVS)
AB42_O7__Antibody_ISF,+,,k1_Antibody * (AB42_O7_ISF/V_ISF) * (Antibody_ISF/V_ISF) * V_ISF
AB42_O7__Antibody_ISF,-,,Microglia*(Microglia_high_frac*Microglia_high_rate_mAb + (1.0 - Microglia_high_frac)*Microglia_low_rate_mAb) * (AB42_O7__Antibody_ISF/V_ISF) * V_ISF
AB42_O7__Antibody_PVS,+,,k1_Antibody * (AB42_O7_PVS/V_PVS) * (Antibody_PVS/V_PVS) * V_PVS
AB42_O7__Antibody_PVS,-,,(1.0 - sigma_PVS_central_Antibody) * Q_PVS * (AB42_O7__Antibody_PVS/V_PVS)
AB42_O8_ISF,+,,k_O7_O8_AB42_ISF * (AB42_O1_ISF/V_ISF) * (AB42_O7_ISF/V_ISF) * V_ISF
AB42_O8_ISF,-,,k_O8_O7_AB42_ISF * (AB42_O8_ISF/V_ISF) * V_ISF
AB42_O8_ISF,-,,k_O8_O9_AB42_ISF * (AB42_O1_ISF/V_ISF) * (AB42_O8_ISF/V_ISF) * V_ISF
AB42_O8_ISF,+,,k_O9_O8_AB42_ISF * (AB42_O9_ISF/V_ISF) * V_ISF
AB42_O8_ISF,+,,k_O7_O8_AB42_ISF*AB42_PDMA_Vmax_ISF*((AB42_O25_ISF/V_ISF) / ((AB42_O25_ISF/V_ISF) + AB42_PDMA_EC50_ISF)) * (AB42_O1_ISF/V_ISF) * (AB42_O7_ISF/V_ISF) * V_ISF
AB42_O8_ISF,-,,k_O8_O9_AB42_ISF*AB42_PDMA_Vmax_ISF*((AB42_O25_ISF/V_ISF) / ((AB42_O25_ISF/V_ISF) + AB42_PDMA_EC50_ISF)) * (AB42_O1_ISF/V_ISF) * (AB42_O8_ISF/V_ISF) * V_ISF
AB42_O8_ISF,-,,k1_Antibody * (AB42_O8_ISF/V_ISF) * (Antibody_ISF/V_ISF) * V_ISF
AB42_O8_ISF,-,,Microglia*(Hi_lo_ratio*Microglia_high_frac*Microglia_Vmax_AB42/(Microglia_EC50_AB42 + (AB42_O8_ISF/V_ISF)) + (1.0 - Microglia_high_frac)*Microglia_Vmax_AB42/(Microglia_EC50_AB42 + (AB42_O8_ISF/V_ISF))) * (AB42_O8_ISF/V_ISF) * V_ISF
AB42_O8_ISF,-,,(1.0 - sigma_ISF_PVS_oligomer1) * Q_PVS * (AB42_O8_ISF/V_ISF)
AB42_O8_PVS,-,,k1_Antibody * (AB42_O8_PVS/V_PVS) * (Antibody_PVS/V_PVS) * V_PVS
AB42_O8_PVS,+,,(1.0 - sigma_ISF_PVS_oligomer1) * Q_PVS * (AB42_O8_ISF/V_ISF)
AB42_O8_PVS,-,,(1.0 - sigma_PVS_central_Abeta) * Q_PVS * (AB42_O8_PVS/V_PVS)
AB42_O8__Antibody_ISF,+,,k1_Antibody * (AB42_O8_ISF/V_ISF) * (Antibody_ISF/V_ISF) * V_ISF
AB42_O8__Antibody_ISF,-,,Microglia*(Microglia_high_frac*Microglia_high_rate_mAb + (1.0 - Microglia_high_frac)*Microglia_low_rate_mAb) * (AB42_O8__Antibody_ISF/V_ISF) * V_ISF
AB42_O8__Antibody_PVS,+,,k1_Antibody * (AB42_O8_PVS/V_PVS) * (Antibody_PVS/V_PVS) * V_PVS
AB42_O8__Antibody_PVS,-,,(1.0 - sigma_PVS_central_Antibody) * Q_PVS * (AB42_O8__Antibody_PVS/V_PVS)
AB42_O9_ISF,+,,k_O8_O9_AB42_ISF * (AB42_O1_ISF/V_ISF) * (AB42_O8_ISF/V_ISF) * V_ISF
AB42_O9_ISF,-,,k_O9_O8_AB42_ISF * (AB42_O9_ISF/V_ISF) * V_ISF
AB42_O9_ISF,-,,k_O9_O10_AB42_ISF * (AB42_O1_ISF/V_ISF) * (AB42_O9_ISF/V_ISF) * V_ISF
AB42_O9_ISF,+,,k_O10_O9_AB42_ISF * (AB42_O10_ISF/V_ISF) * V_ISF
AB42_O9_ISF,+,,k_O8_O9_AB42_ISF*AB42_PDMA_Vmax_ISF*((AB42_O25_ISF/V_ISF) / ((AB42_O25_ISF/V_ISF) + AB42_PDMA_EC50_ISF)) * (AB42_O1_ISF/V_ISF) * (AB42_O8_ISF/V_ISF) * V_ISF
AB42_O9_ISF,-,,k_O9_O10_AB42_ISF*AB42_PDMA_Vmax_ISF*((AB42_O25_ISF/V_ISF) / ((AB42_O25_ISF/V_ISF) + AB42_PDMA_EC50_ISF)) * (AB42_O1_ISF/V_ISF) * (AB42_O9_ISF/V_ISF) * V_ISF
AB42_O9_ISF,-,,k1_Antibody * (AB42_O9_ISF/V_ISF) * (Antibody_ISF/V_ISF) * V_ISF
AB42_O9_ISF,-,,Microglia*(Hi_lo_ratio*Microglia_high_frac*Microglia_Vmax_AB42/(Microglia_EC50_AB42 + (AB42_O9_ISF/V_ISF)) + (1.0 - Microglia_high_frac)*Microglia_Vmax_AB42/(Microglia_EC50_AB42 + (AB42_O9_ISF/V_ISF))) * (AB42_O9_ISF/V_ISF) * V_ISF
AB42_O9_ISF,-,,(1.0 - sigma_ISF_PVS_oligomer1) * Q_PVS * (AB42_O9_ISF/V_ISF)
AB42_O9_PVS,-,,k1_Antibody * (AB42_O9_PVS/V_PVS) * (Antibody_PVS/V_PVS) * V_PVS
AB42_O9_PVS,+,,(1.0 - sigma_ISF_PVS_oligomer1) * Q_PVS * (AB42_O9_ISF/V_ISF)
AB42_O9_PVS,-,,(1.0 - sigma_PVS_central_Abeta) * Q_PVS * (AB42_O9_PVS/V_PVS)
AB42_O9__Antibody_ISF,+,,k1_Antibody * (AB42_O9_ISF/V_ISF) * (Antibody_ISF/V_ISF) * V_ISF
AB42_O9__Antibody_ISF,-,,Microglia*(Microglia_high_frac*Microglia_high_rate_mAb + (1.0 - Microglia_high_frac)*Microglia_low_rate_mAb) * (AB42_O9__Antibody_ISF/V_ISF) * V_ISF
AB42_O9__Antibody_PVS,+,,k1_Antibody * (AB42_O9_PVS/V_PVS) * (Antibody_PVS/V_PVS) * V_PVS
AB42_O9__Antibody_PVS,-,,(1.0 - sigma_PVS_central_Antibody) * Q_PVS * (AB42_O9__Antibody_PVS/V_PVS)
APP_ISF,+,,k_APP_production * V_ISF
APP_ISF,-,,k_C99 * (APP_ISF/V_ISF) * V_ISF
Antibody_BBB,-,,k0_Antibody * (AB40_O1_BBB/V_BBB) * (Antibody_BBB/V_BBB) * V_BBB
Antibody_BBB,-,,k0_Antibody * (AB42_O1_BBB/V_BBB) * (Antibody_BBB/V_BBB) * V_BBB
Antibody_BBB,-,,kdeg * (Antibody_BBB/V_BBB) * V_BBB
Antibody_BBB,+,,CL_up_brain*fBBB*Vol_brain_ES * (Antibody_ISF/V_ISF)
Antibody_BBB,+,,CL_up_brain*fBBB*Vol_brain_ES * (Antibody_BrainPlasma/V_BrainPlasma)
Antibody_BBB,-,,kon_FCRn * (Antibody_BBB/V_BBB) * (FCRn_BBB/V_BBB) * V_BBB
Antibody_BBB,+,,koff_FCRn * (Antibody__FCRn_BBB/V_BBB) * V_BBB
Antibody_BCSFB,-,,k0_Antibody * (AB40_O1_BCSFB/V_BCSFB) * (Antibody_BCSFB/V_BCSFB) * V_BCSFB
Antibody_BCSFB,-,,k0_Antibody * (AB42_O1_BCSFB/V_BCSFB) * (Antibody_BCSFB/V_BCSFB) * V_BCSFB
Antibody_BCSFB,-,,kdeg * (Antibody_BCSFB/V_BCSFB) * V_BCSFB
Antibody_BCSFB,+,,CL_up_brain*(1.0 - fBBB)*Vol_brain_ES * (Antibody_BrainPlasma/V_BrainPlasma)
Antibody_BCSFB,+,,(1.0 - f_LV)*CL_up_brain*(1.0 - fBBB)*Vol_brain_ES * (Antibody_TFV/V_TFV)
Antibody_BCSFB,+,,f_LV*CL_up_brain*(1.0 - fBBB)*Vol_brain_ES * (Antibody_LV/V_LV)
Antibody_BCSFB,-,,kon_FCRn * (Antibody_BCSFB/V_BCSFB) * (FCRn_BCSFB/V_BCSFB) * V_BCSFB
Antibody_BCSFB,+,,koff_FCRn * (Antibody__FCRn_BCSFB/V_BCSFB) * V_BCSFB
Antibody_BrainPlasma,-,,k0_Antibody * (AB40_O1_BrainPlasma/V_BrainPlasma) * (Antibody_BrainPlasma/V_BrainPlasma) * V_BrainPlasma
Antibody_BrainPlasma,-,,k0_Antibody * (AB42_O1_BrainPlasma/V_BrainPlasma) * (Antibody_BrainPlasma/V_BrainPlasma) * V_BrainPlasma
Antibody_BrainPlasma,-,,(1.0 - sigma_BBB)*Qbrain_ISF * (Antibody_BrainPlasma/V_BrainPlasma)
Antibody_BrainPlasma,-,,f_LV*(1.0 - sigma_BCSFB)*Q_CSF * (Antibody_BrainPlasma/V_BrainPlasma)
Antibody_BrainPlasma,-,,(1.0 - f_LV)*(1.0 - sigma_BCSFB)*Q_CSF * (Antibody_BrainPlasma/V_BrainPlasma)
Antibody_BrainPlasma,-,,(Qbrain_plasma - Q_ CSF - Qbrain_ISF) * (Antibody_BrainPlasma/V_BrainPlasma)
Antibody_BrainPlasma,+,,Qbrain_plasma * (Antibody_central/V_central)
Antibody_BrainPlasma,-,,CL_up_brain*fBBB*Vol_brain_ES * (Antibody_BrainPlasma/V_BrainPlasma)
Antibody_BrainPlasma,-,,CL_up_brain*(1.0 - fBBB)*Vol_brain_ES * (Antibody_BrainPlasma/V_BrainPlasma)
Antibody_BrainPlasma,+,,CL_up_brain*fBBB*FR*Vol_brain_ES * (Antibody__FCRn_BBB/V_BBB)
Antibody_BrainPlasma,+,,CL_up_brain*(1.0 - fBBB)*FR*Vol_brain_ES * (Antibody__FCRn_BCSFB/V_BCSFB)
Antibody_CM,-,,k0_Antibody * (AB40_O1_CM/V_CM) * (Antibody_CM/V_CM) * V_CM
Antibody_CM,-,,k0_Antibody * (AB42_O1_CM/V_CM) * (Antibody_CM/V_CM) * V_CM
Antibody_CM,+,,(Q_CSF + Qglymph) * (Antibody_TFV/V_TFV)
Antibody_CM,-,,(Q_CSF + Qglymph) * (Antibody_CM/V_CM)
Antibody_ISF,-,,k0_Antibody * (AB40_O1_ISF/V_ISF) * (Antibody_ISF/V_ISF) * V_ISF
Antibody_ISF,-,,k0_Antibody * (AB42_O1_ISF/V_ISF) * (Antibody_ISF/V_ISF) * V_ISF
Antibody_ISF,-,,k1_Antibody * (AB40_O2_ISF/V_ISF) * (Antibody_ISF/V_ISF) * V_ISF
Antibody_ISF,-,,k1_Antibody * (AB40_O3_ISF/V_ISF) * (Antibody_ISF/V_ISF) * V_ISF
Antibody_ISF,-,,k1_Antibody * (AB40_O4_ISF/V_ISF) * (Antibody_ISF/V_ISF) * V_ISF
Antibody_ISF,-,,k1_Antibody * (AB40_O5_ISF/V_ISF) * (Antibody_ISF/V_ISF) * V_ISF
Antibody_ISF,-,,k1_Antibody * (AB40_O6_ISF/V_ISF) * (Antibody_ISF/V_ISF) * V_ISF
Antibody_ISF,-,,k1_Antibody * (AB40_O7_ISF/V_ISF) * (Antibody_ISF/V_ISF) * V_ISF
Antibody_ISF,-,,k1_Antibody * (AB40_O8_ISF/V_ISF) * (Antibody_ISF/V_ISF) * V_ISF
Antibody_ISF,-,,k1_Antibody * (AB40_O9_ISF/V_ISF) * (Antibody_ISF/V_ISF) * V_ISF
Antibody_ISF,-,,k1_Antibody * (AB40_O10_ISF/V_ISF) * (Antibody_ISF/V_ISF) * V_ISF
Antibody_ISF,-,,k1_Antibody * (AB40_O11_ISF/V_ISF) * (Antibody_ISF/V_ISF) * V_ISF
Antibody_ISF,-,,k1_Antibody * (AB40_O12_ISF/V_ISF) * (Antibody_ISF/V_ISF) * V_ISF
Antibody_ISF,-,,k1_Antibody * (AB40_O13_ISF/V_ISF) * (Antibody_ISF/V_ISF) * V_ISF
Antibody_ISF,-,,k1_Antibody * (AB40_O14_ISF/V_ISF) * (Antibody_ISF/V_ISF) * V_ISF
Antibody_ISF,-,,k1_Antibody * (AB40_O15_ISF/V_ISF) * (Antibody_ISF/V_ISF) * V_ISF
Antibody_ISF,-,,k1_Antibody * (AB40_O16_ISF/V_ISF) * (Antibody_ISF/V_ISF) * V_ISF
Antibody_ISF,-,,k1_Antibody * (AB40_O17_ISF/V_ISF) * (Antibody_ISF/V_ISF) * V_ISF
Antibody_ISF,-,,k1_Antibody * (AB42_O2_ISF/V_ISF) * (Antibody_ISF/V_ISF) * V_ISF
Antibody_ISF,-,,k1_Antibody * (AB42_O3_ISF/V_ISF) * (Antibody_ISF/V_ISF) * V_ISF
Antibody_ISF,-,,k1_Antibody * (AB42_O4_ISF/V_ISF) * (Antibody_ISF/V_ISF) * V_ISF
Antibody_ISF,-,,k1_Antibody * (AB42_O5_ISF/V_ISF) * (Antibody_ISF/V_ISF) * V_ISF
Antibody_ISF,-,,k1_Antibody * (AB42_O6_ISF/V_ISF) * (Antibody_ISF/V_ISF) * V_ISF
Antibody_ISF,-,,k1_Antibody * (AB42_O7_ISF/V_ISF) * (Antibody_ISF/V_ISF) * V_ISF
Antibody_ISF,-,,k1_Antibody * (AB42_O8_ISF/V_ISF) * (Antibody_ISF/V_ISF) * V_ISF
Antibody_ISF,-,,k1_Antibody * (AB42_O9_ISF/V_ISF) * (Antibody_ISF/V_ISF) * V_ISF
Antibody_ISF,-,,k1_Antibody * (AB42_O10_ISF/V_ISF) * (Antibody_ISF/V_ISF) * V_ISF
Antibody_ISF,-,,k1_Antibody * (AB42_O11_ISF/V_ISF) * (Antibody_ISF/V_ISF) * V_ISF
Antibody_ISF,-,,k1_Antibody * (AB42_O12_ISF/V_ISF) * (Antibody_ISF/V_ISF) * V_ISF
Antibody_ISF,-,,k1_Antibody * (AB42_O13_ISF/V_ISF) * (Antibody_ISF/V_ISF) * V_ISF
Antibody_ISF,-,,k1_Antibody * (AB42_O14_ISF/V_ISF) * (Antibody_ISF/V_ISF) * V_ISF
Antibody_ISF,-,,k1_Antibody * (AB42_O15_ISF/V_ISF) * (Antibody_ISF/V_ISF) * V_ISF
Antibody_ISF,-,,k1_Antibody * (AB42_O16_ISF/V_ISF) * (Antibody_ISF/V_ISF) * V_ISF
Antibody_ISF,-,,k1_Antibody * (AB42_O17_ISF/V_ISF) * (Antibody_ISF/V_ISF) * V_ISF
Antibody_ISF,-,,k2_Antibody * (AB40_O18_ISF/V_ISF) * (Antibody_ISF/V_ISF) * V_ISF
Antibody_ISF,-,,k2_Antibody * (AB40_O19_ISF/V_ISF) * (Antibody_ISF/V_ISF) * V_ISF
Antibody_ISF,-,,k2_Antibody * (AB40_O20_ISF/V_ISF) * (Antibody_ISF/V_ISF) * V_ISF
Antibody_ISF,-,,k2_Antibody * (AB40_O21_ISF/V_ISF) * (Antibody_ISF/V_ISF) * V_ISF
Antibody_ISF,-,,k2_Antibody * (AB40_O22_ISF/V_ISF) * (Antibody_ISF/V_ISF) * V_ISF
Antibody_ISF,-,,k2_Antibody * (AB40_O23_ISF/V_ISF) * (Antibody_ISF/V_ISF) * V_ISF
Antibody_ISF,-,,k2_Antibody * (AB40_O24_ISF/V_ISF) * (Antibody_ISF/V_ISF) * V_ISF
Antibody_ISF,-,,k2_Antibody * (AB42_O18_ISF/V_ISF) * (Antibody_ISF/V_ISF) * V_ISF
Antibody_ISF,-,,k2_Antibody * (AB42_O19_ISF/V_ISF) * (Antibody_ISF/V_ISF) * V_ISF
Antibody_ISF,-,,k2_Antibody * (AB42_O20_ISF/V_ISF) * (Antibody_ISF/V_ISF) * V_ISF
Antibody_ISF,-,,k2_Antibody * (AB42_O21_ISF/V_ISF) * (Antibody_ISF/V_ISF) * V_ISF
Antibody_ISF,-,,k2_Antibody * (AB42_O22_ISF/V_ISF) * (Antibody_ISF/V_ISF) * V_ISF
Antibody_ISF,-,,k2_Antibody * (AB42_O23_ISF/V_ISF) * (Antibody_ISF/V_ISF) * V_ISF
Antibody_ISF,-,,k2_Antibody * (AB42_O24_ISF/V_ISF) * (Antibody_ISF/V_ISF) * V_ISF
Antibody_ISF,-,,k3_Antibody * (AB40_O25_ISF/V_ISF) * (Antibody_ISF/V_ISF) * V_ISF
Antibody_ISF,-,,k3_Antibody * (AB42_O25_ISF/V_ISF) * (Antibody_ISF/V_ISF) * V_ISF
Antibody_ISF,-,,(1.0 - sigma_ISF_central_Antibody) * (Qbrain_ISF - Q_PVS) * (Antibody_ISF/V_ISF)
Antibody_ISF,-,,f_LV*Qglymph * (Antibody_ISF/V_ISF)
Antibody_ISF,-,,(1.0 - f_LV) * Qglymph * (Antibody_ISF/V_ISF)
Antibody_ISF,+,,(1.0 - sigma_BBB)*Qbrain_ISF * (Antibody_BrainPlasma/V_BrainPlasma)
Antibody_ISF,+,,Qglymph * (Antibody_SAS/V_SAS)
Antibody_ISF,-,,(1.0 - sigma_ISF_PVS_Antibody) * Q_PVS * (Antibody_ISF/V_ISF)
Antibody_ISF,-,,CL_up_brain*fBBB*Vol_brain_ES * (Antibody_ISF/V_ISF)
Antibody_ISF,+,,CL_up_brain*fBBB*(1.0 - FR)*Vol_brain_ES * (Antibody__FCRn_BBB/V_BBB)
Antibody_LV,-,,k0_Antibody * (AB40_O1_LV/V_LV) * (Antibody_LV/V_LV) * V_LV
Antibody_LV,-,,k0_Antibody * (AB42_O1_LV/V_LV) * (Antibody_LV/V_LV) * V_LV
Antibody_LV,+,,f_LV*Qglymph * (Antibody_ISF/V_ISF)
Antibody_LV,+,,f_LV*(1.0 - sigma_BCSFB)*Q_CSF * (Antibody_BrainPlasma/V_BrainPlasma)
Antibody_LV,-,,f_LV*(Q_CSF + Qglymph) * (Antibody_LV/V_LV)
Antibody_LV,-,,f_LV*CL_up_brain*(1.0 - fBBB)*Vol_brain_ES * (Antibody_LV/V_LV)
Antibody_LV,+,,f_LV*CL_up_brain*(1.0 - fBBB)*(1.0 - FR)*Vol_brain_ES * (Antibody__FCRn_BCSFB/V_BCSFB)
Antibody_PVS,-,,k0_Antibody * (AB40_O1_PVS/V_PVS) * (Antibody_PVS/V_PVS) * V_PVS
Antibody_PVS,-,,k0_Antibody * (AB42_O1_PVS/V_PVS) * (Antibody_PVS/V_PVS) * V_PVS
Antibody_PVS,-,,k1_Antibody * (AB40_O2_PVS/V_PVS) * (Antibody_PVS/V_PVS) * V_PVS
Antibody_PVS,-,,k1_Antibody * (AB40_O3_PVS/V_PVS) * (Antibody_PVS/V_PVS) * V_PVS
Antibody_PVS,-,,k1_Antibody * (AB40_O4_PVS/V_PVS) * (Antibody_PVS/V_PVS) * V_PVS
Antibody_PVS,-,,k1_Antibody * (AB40_O5_PVS/V_PVS) * (Antibody_PVS/V_PVS) * V_PVS
Antibody_PVS,-,,k1_Antibody * (AB40_O6_PVS/V_PVS) * (Antibody_PVS/V_PVS) * V_PVS
Antibody_PVS,-,,k1_Antibody * (AB40_O7_PVS/V_PVS) * (Antibody_PVS/V_PVS) * V_PVS
Antibody_PVS,-,,k1_Antibody * (AB40_O8_PVS/V_PVS) * (Antibody_PVS/V_PVS) * V_PVS
Antibody_PVS,-,,k1_Antibody * (AB40_O9_PVS/V_PVS) * (Antibody_PVS/V_PVS) * V_PVS
Antibody_PVS,-,,k1_Antibody * (AB40_O10_PVS/V_PVS) * (Antibody_PVS/V_PVS) * V_PVS
Antibody_PVS,-,,k1_Antibody * (AB40_O11_PVS/V_PVS) * (Antibody_PVS/V_PVS) * V_PVS
Antibody_PVS,-,,k1_Antibody * (AB40_O12_PVS/V_PVS) * (Antibody_PVS/V_PVS) * V_PVS
Antibody_PVS,-,,k1_Antibody * (AB40_O13_PVS/V_PVS) * (Antibody_PVS/V_PVS) * V_PVS
Antibody_PVS,-,,k1_Antibody * (AB40_O14_PVS/V_PVS) * (Antibody_PVS/V_PVS) * V_PVS
Antibody_PVS,-,,k1_Antibody * (AB40_O15_PVS/V_PVS) * (Antibody_PVS/V_PVS) * V_PVS
Antibody_PVS,-,,k1_Antibody * (AB40_O16_PVS/V_PVS) * (Antibody_PVS/V_PVS) * V_PVS
Antibody_PVS,-,,k1_Antibody * (AB40_O17_PVS/V_PVS) * (Antibody_PVS/V_PVS) * V_PVS
Antibody_PVS,-,,k1_Antibody * (AB42_O2_PVS/V_PVS) * (Antibody_PVS/V_PVS) * V_PVS
Antibody_PVS,-,,k1_Antibody * (AB42_O3_PVS/V_PVS) * (Antibody_PVS/V_PVS) * V_PVS
Antibody_PVS,-,,k1_Antibody * (AB42_O4_PVS/V_PVS) * (Antibody_PVS/V_PVS) * V_PVS
Antibody_PVS,-,,k1_Antibody * (AB42_O5_PVS/V_PVS) * (Antibody_PVS/V_PVS) * V_PVS
Antibody_PVS,-,,k1_Antibody * (AB42_O6_PVS/V_PVS) * (Antibody_PVS/V_PVS) * V_PVS
Antibody_PVS,-,,k1_Antibody * (AB42_O7_PVS/V_PVS) * (Antibody_PVS/V_PVS) * V_PVS
Antibody_PVS,-,,k1_Antibody * (AB42_O8_PVS/V_PVS) * (Antibody_PVS/V_PVS) * V_PVS
Antibody_PVS,-,,k1_Antibody * (AB42_O9_PVS/V_PVS) * (Antibody_PVS/V_PVS) * V_PVS
Antibody_PVS,-,,k1_Antibody * (AB42_O10_PVS/V_PVS) * (Antibody_PVS/V_PVS) * V_PVS
Antibody_PVS,-,,k1_Antibody * (AB42_O11_PVS/V_PVS) * (Antibody_PVS/V_PVS) * V_PVS
Antibody_PVS,-,,k1_Antibody * (AB42_O12_PVS/V_PVS) * (Antibody_PVS/V_PVS) * V_PVS
Antibody_PVS,-,,k1_Antibody * (AB42_O13_PVS/V_PVS) * (Antibody_PVS/V_PVS) * V_PVS
Antibody_PVS,-,,k1_Antibody * (AB42_O14_PVS/V_PVS) * (Antibody_PVS/V_PVS) * V_PVS
Antibody_PVS,-,,k1_Antibody * (AB42_O15_PVS/V_PVS) * (Antibody_PVS/V_PVS) * V_PVS
Antibody_PVS,-,,k1_Antibody * (AB42_O16_PVS/V_PVS) * (Antibody_PVS/V_PVS) * V_PVS
Antibody_PVS,-,,k1_Antibody * (AB42_O17_PVS/V_PVS) * (Antibody_PVS/V_PVS) * V_PVS
Antibody_PVS,-,,k2_Antibody * (AB40_O18_PVS/V_PVS) * (Antibody_PVS/V_PVS) * V_PVS
Antibody_PVS,-,,k2_Antibody * (AB40_O19_PVS/V_PVS) * (Antibody_PVS/V_PVS) * V_PVS
Antibody_PVS,-,,k2_Antibody * (AB40_O20_PVS/V_PVS) * (Antibody_PVS/V_PVS) * V_PVS
Antibody_PVS,-,,k2_Antibody * (AB40_O21_PVS/V_PVS) * (Antibody_PVS/V_PVS) * V_PVS
Antibody_PVS,-,,k2_Antibody * (AB40_O22_PVS/V_PVS) * (Antibody_PVS/V_PVS) * V_PVS
Antibody_PVS,-,,k2_Antibody * (AB40_O23_PVS/V_PVS) * (Antibody_PVS/V_PVS) * V_PVS
Antibody_PVS,-,,k2_Antibody * (AB40_O24_PVS/V_PVS) * (Antibody_PVS/V_PVS) * V_PVS
Antibody_PVS,-,,k2_Antibody * (AB42_O18_PVS/V_PVS) * (Antibody_PVS/V_PVS) * V_PVS
Antibody_PVS,-,,k2_Antibody * (AB42_O19_PVS/V_PVS) * (Antibody_PVS/V_PVS) * V_PVS
Antibody_PVS,-,,k2_Antibody * (AB42_O20_PVS/V_PVS) * (Antibody_PVS/V_PVS) * V_PVS
Antibody_PVS,-,,k2_Antibody * (AB42_O21_PVS/V_PVS) * (Antibody_PVS/V_PVS) * V_PVS
Antibody_PVS,-,,k2_Antibody * (AB42_O22_PVS/V_PVS) * (Antibody_PVS/V_PVS) * V_PVS
Antibody_PVS,-,,k2_Antibody * (AB42_O23_PVS/V_PVS) * (Antibody_PVS/V_PVS) * V_PVS
Antibody_PVS,-,,k2_Antibody * (AB42_O24_PVS/V_PVS) * (Antibody_PVS/V_PVS) * V_PVS
Antibody_PVS,-,,k3_Antibody * (AB40_O25_PVS/V_PVS) * (Antibody_PVS/V_PVS) * V_PVS
Antibody_PVS,-,,k3_Antibody * (AB42_O25_PVS/V_PVS) * (Antibody_PVS/V_PVS) * V_PVS
Antibody_PVS,-,,(1.0 - sigma_PVS_central_Antibody) * Q_PVS * (Antibody_PVS/V_PVS)
Antibody_PVS,+,,(1.0 - sigma_ISF_PVS_Antibody) * Q_PVS * (Antibody_ISF/V_ISF)
Antibody_SAS,-,,k0_Antibody * (AB40_O1_SAS/V_SAS) * (Antibody_SAS/V_SAS) * V_SAS
Antibody_SAS,-,,k0_Antibody * (AB42_O1_SAS/V_SAS) * (Antibody_SAS/V_SAS) * V_SAS
Antibody_SAS,+,,(Q_CSF + Qglymph) * (Antibody_CM/V_CM)
Antibody_SAS,-,,Qglymph * (Antibody_SAS/V_SAS)
Antibody_SAS,-,,(1 - sigma_SAS_central_Antibody)*Q_CSF * (Antibody_SAS/V_SAS)
Antibody_TFV,-,,k0_Antibody * (AB40_O1_TFV/V_TFV) * (Antibody_TFV/V_TFV) * V_TFV
Antibody_TFV,-,,k0_Antibody * (AB42_O1_TFV/V_TFV) * (Antibody_TFV/V_TFV) * V_TFV
Antibody_TFV,+,,(1.0 - f_LV) * Qglymph * (Antibody_ISF/V_ISF)
Antibody_TFV,+,,(1.0 - f_LV)*(1.0 - sigma_BCSFB)*Q_CSF * (Antibody_BrainPlasma/V_BrainPlasma)
Antibody_TFV,+,,f_LV*(Q_CSF + Qglymph) * (Antibody_LV/V_LV)
Antibody_TFV,-,,(Q_CSF + Qglymph) * (Antibody_TFV/V_TFV)
Antibody_TFV,-,,(1.0 - f_LV)*CL_up_brain*(1.0 - fBBB)*Vol_brain_ES * (Antibody_TFV/V_TFV)
Antibody_TFV,+,,(1.0 - f_LV)*CL_up_brain*(1.0 - fBBB)*(1.0 - FR)*Vol_brain_ES * (Antibody__FCRn_BCSFB/V_BCSFB)
Antibody__FCRn_BBB,-,,CL_up_brain*fBBB*(1.0 - FR)*Vol_brain_ES * (Antibody__FCRn_BBB/V_BBB)
Antibody__FCRn_BBB,-,,CL_up_brain*fBBB*FR*Vol_brain_ES * (Antibody__FCRn_BBB/V_BBB)
Antibody__FCRn_BBB,+,,kon_FCRn * (Antibody_BBB/V_BBB) * (FCRn_BBB/V_BBB) * V_BBB
Antibody__FCRn_BBB,-,,koff_FCRn * (Antibody__FCRn_BBB/V_BBB) * V_BBB
Antibody__FCRn_BCSFB,-,,f_LV*CL_up_brain*(1.0 - fBBB)*(1.0 - FR)*Vol_brain_ES * (Antibody__FCRn_BCSFB/V_BCSFB)
Antibody__FCRn_BCSFB,-,,(1.0 - f_LV)*CL_up_brain*(1.0 - fBBB)*(1.0 - FR)*Vol_brain_ES * (Antibody__FCRn_BCSFB/V_BCSFB)
Antibody__FCRn_BCSFB,-,,CL_up_brain*(1.0 - fBBB)*FR*Vol_brain_ES * (Antibody__FCRn_BCSFB/V_BCSFB)
Antibody__FCRn_BCSFB,+,,kon_FCRn * (Antibody_BCSFB/V_BCSFB) * (FCRn_BCSFB/V_BCSFB) * V_BCSFB
Antibody__FCRn_BCSFB,-,,koff_FCRn * (Antibody__FCRn_BCSFB/V_BCSFB) * V_BCSFB
Antibody_central,-,,k0_Antibody * (AB40_O1_central/V_central) * (Antibody_central/V_central) * V_central
Antibody_central,-,,k0_Antibody * (AB42_O1_central/V_central) * (Antibody_central/V_central) * V_central
Antibody_central,+,,(1.0 - sigma_PVS_central_Antibody) * Q_PVS * (Antibody_PVS/V_PVS)
Antibody_central,+,,(1.0 - sigma_ISF_central_Antibody) * (Qbrain_ISF - Q_PVS) * (Antibody_ISF/V_ISF)
Antibody_central,+,,(1 - sigma_SAS_central_Antibody)*Q_CSF * (Antibody_SAS/V_SAS)
Antibody_central,+,,(Qbrain_plasma - Q_ CSF - Qbrain_ISF) * (Antibody_BrainPlasma/V_BrainPlasma)
Antibody_central,-,,Qbrain_plasma * (Antibody_central/V_central)
Antibody_central,-,,Antibody_CL * (Antibody_central/V_central)
Antibody_central,-,,Antibody_CLd2 * (Antibody_central/V_central)
Antibody_central,+,,Antibody_CLd2 * (Antibody_peripheral/V_peripheral)
Antibody_peripheral,+,,Antibody_CLd2 * (Antibody_central/V_central)
Antibody_peripheral,-,,Antibody_CLd2 * (Antibody_peripheral/V_peripheral)
C99_ISF,+,,k_C99 * (APP_ISF/V_ISF) * V_ISF
C99_ISF,-,,v_C99 * (C99_ISF/V_ISF) * V_ISF
C99_ISF,-,,k_AB40 * (C99_ISF/V_ISF) * V_ISF
C99_ISF,-,,k_AB42 * (C99_ISF/V_ISF) * V_ISF
FCRn_BBB,+,,CL_up_brain*fBBB*(1.0 - FR)*Vol_brain_ES * (AB40_O1__Antibody__FCRn_BBB/V_BBB)
FCRn_BBB,+,,CL_up_brain*fBBB*FR*Vol_brain_ES * (AB40_O1__Antibody__FCRn_BBB/V_BBB)
FCRn_BBB,+,,CL_up_brain*fBBB*(1.0 - FR)*Vol_brain_ES * (AB42_O1__Antibody__FCRn_BBB/V_BBB)
FCRn_BBB,+,,CL_up_brain*fBBB*FR*Vol_brain_ES * (AB42_O1__Antibody__FCRn_BBB/V_BBB)
FCRn_BBB,+,,CL_up_brain*fBBB*(1.0 - FR)*Vol_brain_ES * (Antibody__FCRn_BBB/V_BBB)
FCRn_BBB,+,,CL_up_brain*fBBB*FR*Vol_brain_ES * (Antibody__FCRn_BBB/V_BBB)
FCRn_BBB,-,,kon_FCRn * (AB40_O1__Antibody_BBB/V_BBB) * (FCRn_BBB/V_BBB) * V_BBB
FCRn_BBB,+,,koff_FCRn * (AB40_O1__Antibody__FCRn_BBB/V_BBB) * V_BBB
FCRn_BBB,-,,kon_FCRn * (AB42_O1__Antibody_BBB/V_BBB) * (FCRn_BBB/V_BBB) * V_BBB
FCRn_BBB,+,,koff_FCRn * (AB42_O1__Antibody__FCRn_BBB/V_BBB) * V_BBB
FCRn_BBB,-,,kon_FCRn * (Antibody_BBB/V_BBB) * (FCRn_BBB/V_BBB) * V_BBB
FCRn_BBB,+,,koff_FCRn * (Antibody__FCRn_BBB/V_BBB) * V_BBB
FCRn_BCSFB,+,,f_LV*CL_up_brain*(1.0 - fBBB)*(1.0 - FR)*Vol_brain_ES * (AB40_O1__Antibody__FCRn_BCSFB/V_BCSFB)
FCRn_BCSFB,+,,(1.0 - f_LV)*CL_up_brain*(1.0 - fBBB)*(1.0 - FR)*Vol_brain_ES * (AB40_O1__Antibody__FCRn_BCSFB/V_BCSFB)
FCRn_BCSFB,+,,CL_up_brain*(1.0 - fBBB)*FR*Vol_brain_ES * (AB40_O1__Antibody__FCRn_BCSFB/V_BCSFB)
FCRn_BCSFB,+,,f_LV*CL_up_brain*(1.0 - fBBB)*(1.0 - FR)*Vol_brain_ES * (AB42_O1__Antibody__FCRn_BCSFB/V_BCSFB)
FCRn_BCSFB,+,,(1.0 - f_LV)*CL_up_brain*(1.0 - fBBB)*(1.0 - FR)*Vol_brain_ES * (AB42_O1__Antibody__FCRn_BCSFB/V_BCSFB)
FCRn_BCSFB,+,,CL_up_brain*(1.0 - fBBB)*FR*Vol_brain_ES * (AB42_O1__Antibody__FCRn_BCSFB/V_BCSFB)
FCRn_BCSFB,+,,f_LV*CL_up_brain*(1.0 - fBBB)*(1.0 - FR)*Vol_brain_ES * (Antibody__FCRn_BCSFB/V_BCSFB)
FCRn_BCSFB,+,,(1.0 - f_LV)*CL_up_brain*(1.0 - fBBB)*(1.0 - FR)*Vol_brain_ES * (Antibody__FCRn_BCSFB/V_BCSFB)
FCRn_BCSFB,+,,CL_up_brain*(1.0 - fBBB)*FR*Vol_brain_ES * (Antibody__FCRn_BCSFB/V_BCSFB)
FCRn_BCSFB,-,,kon_FCRn * (AB40_O1__Antibody_BCSFB/V_BCSFB) * (FCRn_BCSFB/V_BCSFB) * V_BCSFB
FCRn_BCSFB,+,,koff_FCRn * (AB40_O1__Antibody__FCRn_BCSFB/V_BCSFB) * V_BCSFB
FCRn_BCSFB,-,,kon_FCRn * (AB42_O1__Antibody_BCSFB/V_BCSFB) * (FCRn_BCSFB/V_BCSFB) * V_BCSFB
FCRn_BCSFB,+,,koff_FCRn * (AB42_O1__Antibody__FCRn_BCSFB/V_BCSFB) * V_BCSFB
FCRn_BCSFB,-,,kon_FCRn * (Antibody_BCSFB/V_BCSFB) * (FCRn_BCSFB/V_BCSFB) * V_BCSFB
FCRn_BCSFB,+,,koff_FCRn * (Antibody__FCRn_BCSFB/V_BCSFB) * V_BCSFB
