time,[AB42_O1_ISF],[AB42_O25_ISF],[IDE_activity_ISF],[AB42_O2_ISF],[AB42_O3_ISF],[AB42_O4_ISF],[AB42_O5_ISF],[AB42_O6_ISF],[AB42_O7_ISF],[AB42_O8_ISF],[AB42_O9_ISF],[AB42_O10_ISF],[AB42_O11_ISF],[AB42_O12_ISF],[AB42_O13_ISF],[AB42_O14_ISF],[AB42_O15_ISF],[AB42_O16_ISF],[AB42_O17_ISF],[AB42_O18_ISF],[AB42_O19_ISF],[AB42_O20_ISF],[AB42_O21_ISF],[AB42_O22_ISF],[AB42_O23_ISF],[AB42_O24_ISF]
0.0,0.0,0.0,260.0,0.0,0.0,0.0,0.0,0.0,0.0,0.0,0.0,0.0,0.0,0.0,0.0,0.0,0.0,0.0,0.0,0.0,0.0,0.0,0.0,0.0,0.0,0.0
2929.7658862876256,22.615195817430678,0.2705007872388255,257.7974820328115,0.003959993362129703,0.005398765208598421,0.019498207679174227,0.019273473471726407,0.16965560238035216,0.1493665371494822,0.13151814218369368,0.11584603718720653,0.11432197468578832,0.11290765540905423,0.15035774232058047,0.13162889675306197,0.11583928135664393,0.10251221475170058,0.09111104409117417,0.0820070414737955,0.0735886544121471,0.06916515474554266,0.0640434623571877,0.058107938967887594,0.05143131761634001,0.044352568322905066,0.07807990670095766
5859.531772575251,22.504367479476457,1.390442520390084,255.6136220863761,0.003921365204788472,0.005346073271729745,0.019307460978297563,0.019084637598507256,0.16795865787667033,0.1478410923776929,0.13014582943754033,0.11461013110717772,0.11311916452810325,0.112397475887883,0.35903193775976927,0.3227868761670121,0.2900246396420775,0.26047490853585337,0.2338751012783892,0.21262296551583654,0.1929302275039787,0.18507688147539683,0.17743677694586318,0.16994547116221856,0.16254498602744819,0.15598140021669432,0.408870967399402
8789.297658862877,22.34868054089441,3.6536234411317565,253.4482621044399,0.00386740189487561,0.005272467635715425,0.01904108072421132,0.018820965093759794,0.16559574592054138,0.145724411243591,0.12825049654978787,0.11291338821020835,0.11147116439942908,0.11167412618234962,0.6359571501195111,0.5769086987800939,0.5231800446161097,0.4743089589858902,0.42988547619218587,0.3955323798594728,0.36215038287311324,0.3507461074893095,0.33959333964688776,0.3286836643835208,0.3180153256842125,0.3092944289897626,0.8465074267336377
11719.063545150502,22.133719444749822,7.453612458929945,251.30124536967932,0.0037934983964393546,0.005171668033265444,0.018676348551211613,0.018459987623771556,0.16236585680569152,0.14283556286925114,0.12566780284643259,0.1106050762971538,0.10922897217910295,0.11070228519641526,1.0137618766558234,0.9232342683317242,0.840662388874321,0.7653600923877769,0.696725555639891,0.6465326379848509,0.5945606995345828,0.5785892990799626,0.5629453704572901,0.5476173273468742,0.5326113770992201,0.5208962989119426,1.4389804618880226
14648.829431438127,21.840915077986864,13.310165177144512,249.1724164923578,0.0036939842777416578,0.005035930610097632,0.01818510889518582,0.017973725361200774,0.1580088657247527,0.1389339412436968,0.12217611777256344,0.10748170430622095,0.1061943623727759,0.10941756455669768,1.5281262496231305,1.3948345861426545,1.2730500730245498,1.1617955657545709,1.0602306931055623,0.9914943305993696,0.9138425389487703,0.8914845759643324,0.869589484752336,0.8481381481605411,0.8271398796338734,0.8112674616021952,2.234565560584387
17578.595317725754,21.44864640052498,21.891139232895398,247.06162139907997,0.0035627578848628086,0.004856918171969788,0.017536987354421496,0.01733193838629552,0.15223862235552493,0.13375053802220854,0.11752397458770826,0.10330935402307281,0.10213769218889687,0.10777586182538107,2.2256648310338725,2.034458041192665,1.8595651071598889,1.6996138801435472,1.5534551166044517,1.4639649094839695,1.3510030313591355,1.3197559891743496,1.2891634867230997,1.259197554764008,1.229872834810252,1.2081588098333464,3.290323378275998
20508.361204013378,20.93407219033639,34.02873853432604,244.96870732164066,0.0033942423983210047,0.004627007645346656,0.016704170997452975,0.016506898659887442,0.14478978903630418,0.12703356428604531,0.11147411501636327,0.09786579104563085,0.09683903727100164,0.10582001685366535,3.1663679516980285,2.896939986625899,2.6503402383019496,2.42465799976153,2.2183422653934772,2.1064008729564887,1.9452621372108236,1.9017597442331549,1.859178153952212,1.8174773913836295,1.7766796572163235,1.7468115234239314,4.667545650395224
23438.127090301005,20.277067762858096,50.71497438048106,242.89352278596806,0.003185040421597676,0.004341551993068,0.01566966640504067,0.01548162267065926,0.13549742079489308,0.11862491044094085,0.10387655306728802,0.091009933413818,0.09015628845852655,0.10377655487395741,4.423819139329546,4.049323049673611,3.706467108210841,3.3926052841905427,3.105662426347522,2.969880090530154,2.7437942559085995,2.6836210186459057,2.6247331620211742,2.5670744419461635,2.5106774650091075,2.4695614967149435,6.42144787280581
26367.89297658863,19.46623250617218,73.05968556303256,240.83591760116107,0.002936033868235601,0.004001749873695524,0.014437761529170303,0.014260291055062144,0.12439650344017743,0.10855480132652612,0.09475820857072026,0.08276640014607874,0.0821087230888119,0.10216998070612654,6.082148778538422,5.567927098638705,5.097187718851751,4.666283843993024,4.272456854651048,4.111406515026317,3.7992556735994847,3.7168322780413168,3.6361817810332524,3.5572264656568553,3.4800133261835975,3.423637514595891,8.58544979584531
29297.658862876255,18.5056364438664,102.19883564035013,238.79574284861908,0.0026541263368151623,0.003617025652174459,0.013042685786177401,0.012876863570266803,0.11180284935960025,0.0971174799659892,0.08439346670299319,0.07339108180440078,0.07294305899043559,0.10191322968116054,8.22806537181856,7.530926873778941,6.892983749120875,6.30924081568414,5.776055962754378,5.587984294642695,5.1643480606459535,5.052974084376167,4.9440032715079925,4.837330655192502,4.7330231919750085,4.65639792685006,11.153103526385816
32227.42474916388,17.41937176108788,139.15714364316105,236.7728508712644,0.002352423132531653,0.0032052747237323203,0.01154949075310937,0.011395952692154097,0.09831987895737401,0.08487607029268009,0.07330723092900975,0.0633725351785147,0.06313768569948537,0.10431471764382792,10.937588708491237,10.006153596139626,9.154361930430493,8.375433564069821,7.664605526025387,7.4474002299705955,6.883379692419093,6.735538360786885,6.590878206386331,6.44926153539948,6.310782980409011,6.208034379205914,14.065179166620982
35157.19063545151,16.25053712374909,184.69500048216534,234.76709526285512,0.0020480344720703258,0.0027898616686630657,0.010043108042593006,0.009901937180555064,0.08473492124358115,0.07256380954941186,0.062180837953501815,0.05334242585622713,0.05331791888749459,0.1109550288475328,14.259741791888105,13.036261459261503,11.918362218753492,10.89695728273973,9.96590280057223,9.717408126338796,8.98237467257459,8.790357959075472,8.602427314839922,8.418408391320597,8.238433779721028,8.103111214538636,17.21098954747233
38086.956521739135,15.053502431219709,239.18950262187676,232.77833085738877,0.0017580645428966646,0.0023941428591500937,0.008608433671704826,0.008479178773725227,0.07183238503445961,0.06090787523795072,0.05168632630786403,0.043920002089488756,0.04410510543253127,0.1234429870801762,18.202435096949465,16.626055471594825,15.187188120711843,13.873852049858316,12.678261435658573,12.396870121921614,11.460961771859406,11.217750648662689,10.97960487471845,10.746312263646686,10.518055658684807,10.343648662947741,20.44775626192513
41016.722408026755,13.88227123109856,302.5935826603788,230.80641371859758,0.0014956746129747608,0.0020360886397744363,0.00731075122242585,0.007192542181605133,0.06021161823629899,0.050459382607623976,0.04232803250434442,0.03556481481895317,0.03597062336590475,0.14313111476519805,22.726449015423643,20.737362753270848,18.923854447728417,17.270425797142845,15.767415646363322,15.452712470414559,14.289532003313477,13.98971504521224,13.695939105939427,13.407956183689555,13.126012054622045,12.906572770498967,23.631233197835147
43946.48829431438,12.780209484061686,374.4836674920535,228.85120112952944,0.0012680618379399494,0.0017255260851461482,0.0061857118661108055,0.0060774132538918765,0.050194537926523945,0.04150815567378875,0.03436456299857842,0.028505790312750738,0.02916221840218164,0.17089541866343466,27.75042255988662,25.293949422837542,23.057004224429956,21.019951086710478,19.17107343341518,18.82427888745506,17.41311022821783,17.05357074885648,16.70095780692183,16.354992235894247,16.015992918359405,15.746698892985734,26.643754262148967
46876.25418060201,11.77496103478645,454.1681341709206,226.91255158221938,0.0010767617368982914,0.001464546014957022,0.005240846136072606,0.005141261933161091,0.041841057892368985,0.03409925457426812,0.027826527753156267,0.02276016592242859,0.023717898086942503,0.20704204611746818,33.164492709780006,30.194237842481684,27.492762926262902,25.035708440631563,22.809188125065944,22.433250934065477,20.760300717983913,20.340487579684705,19.92832280599554,19.52350158006078,19.126419825490864,18.803935882566265,29.408845481425914
49806.020066889636,10.87883518519318,540.8122081443306,224.99032476744785,0.0009193636649783745,0.0012498505108056474,0.004464097597156913,0.004372085187412536,0.0350302952624451,0.028110594724978854,0.022590735974005096,0.018204372441772573,0.019532092286580646,0.2513366747712323,38.84697144062723,35.32665447018168,32.128848538399346,29.22394897255873,26.59586088840068,26.195214424421756,24.253785995574578,23.775559791775336,23.305491790042403,22.84325745237789,22.389325810349316,22.011912133668574,31.89097219322204
52735.78595317726,10.092435733090364,633.5441955671921,223.08438156458658,0.0007914469283372222,0.0010754018928259953,0.0038334459444010075,0.0037479531962429217,0.029551079632170747,0.023338467052797848,0.018461018481120993,0.014650268059241696,0.01642917446398269,0.30311107270471094,44.67878915626206,40.58278492961094,36.86655558573574,33.494814249407796,30.449285305810132,30.029392443405232,27.819216886028357,27.286393480126012,26.762011488257563,26.245730142207115,25.738077169837172,25.305481785849917,34.086180058682345
55665.55183946488,9.409050545925144,731.5280588100962,221.19458403152834,0.0006880418493394089,0.000934409960181566,0.003324172388156482,0.0032442789148758268,0.025169723145187915,0.019561113959638422,0.015227555945370615,0.011900201656936298,0.014217683749207176,0.36139766461407635,50.55312575941522,45.866043411810004,41.61855636832811,37.769350098905385,34.2980534000191,33.864895886421074,31.390994938107895,30.808759775178014,30.235033901653022,29.669462025185496,29.1126068624351,28.625825771711153,36.01040086653816
58595.31772575251,8.818318574723069,834.003434945651,219.32079539470442,0.0006044714575040894,0.0008204871509588737,0.0029130362754021025,0.0028379504527763014,0.021668670455668455,0.016574338632933457,0.012699475780622261,0.00977666168186955,0.01272044591356418,0.4250584645535081,56.380180385041186,51.09585435788912,46.3125602256425,41.98270575843047,38.08395247440503,37.643571506198754,34.914973028905074,34.28930202513489,33.672022932406065,33.06276560379478,32.4620962580141,31.923081435125326,37.68959073455861
61525.083612040136,8.308721714654713,940.301561964381,217.46288003918565,0.00053671358123541,0.0007281400093114629,0.0025800643242120825,0.002509110150786954,0.018862572215745894,0.01420584636080037,0.01071744656046113,0.008133134296204377,0.011786481810715073,0.4928917460889992,62.08830910319137,56.208510946212705,50.891935699625705,46.08455557654544,41.76222277750962,41.320364953578505,38.34888946828525,37.686057643651544,37.031354892698815,36.384394286289876,35.745708597981896,35.15708294488303,39.15302235155931
64454.84949832776,7.869038358019625,1049.846247506411,215.6207034988668,0.00048147950909459487,0.0006528776958976595,0.002308940210525918,0.0022415607561008253,0.016601287730446206,0.012317354528662595,0.009154899815686384,0.006854475437711598,0.011292601972969605,0.5637123163368619,67.62297074584421,61.156050225364226,55.31453966715722,50.03790203622876,45.300354793752504,44.862235251972564,41.66146195781889,40.96766951759265,40.28163977094547,39.60296608602464,38.93210806366785,38.2969167623574,40.42937780249248
67384.61538461539,7.489056924943685,1162.1470057258975,213.79413244673427,0.0004361551268256924,0.0005911321093072269,0.002086705642662903,0.0020224158892092805,0.014766547861592908,0.010800940834421482,0.007914058337911596,0.005852663231023729,0.01114032749188831,0.6364063366199136,72.94461286298737,65.90419718484428,59.55072571471609,53.81715399810284,48.676246551775584,48.24641409958264,44.83085870726901,44.1119725416662,43.400418445882,42.695766770035064,41.998363841975014,41.31987458727397,41.544845474685616
70314.38127090302,7.1598366479249345,1276.7889256737865,211.98303468521974,0.00039869271175595807,0.0005401077693994266,0.0019032183900396524,0.001841613354147506,0.013266606854637573,0.009573661682044762,0.006920540105570716,0.0050614237827942814,0.011251537541734389,0.7099656056568319,78.02622280506058,70.43003517755027,63.58113516546996,57.40603812041376,51.876235853309886,51.45851904500109,47.84301352005152,47.10440664411056,46.37267069642573,45.64734978713684,44.928638577786344,44.210188986629696,42.52240786130756
73244.14715719064,6.873723474860922,1393.4218767072628,210.1872791366287,0.0003674984344246765,0.0004976294174047037,0.0017505909725971393,0.0016913269848115016,0.012030739394243362,0.00857217803947287,0.006118123532324938,0.0044311666429662465,0.011564241626396576,0.7835053051653386,82.85094599226512,74.71977212239207,67.39460409055204,60.79563924535578,54.893270261880275,54.4907796439558,50.69002498773642,49.93649229677147,49.189366086238536,48.44816140968413,47.71288607969918,46.95777375214734,43.381796064142826
76173.91304347827,6.624252207394436,1511.7503571480831,208.40673583365577,0.00034133389611470493,0.00046200732831345163,0.001622701629369726,0.0015654863613991292,0.011004515168930364,0.007748193813430558,0.005464372847544547,0.003924825335383269,0.012029074547849529,0.8562703487095136,87.409961110075,78.76676372039121,70.98632840729489,63.98269950466255,57.7253325158734,57.340500200022355,53.36875825065327,52.60448750092643,51.84617605003546,51.093307586384704,50.34567215046546,49.55707858072479,44.13974036792928
79103.67892976588,6.405996034573684,1631.524523288574,206.6412759099757,0.0003192340454353637,0.0004319245832783798,0.0015147827803363087,0.00145936842270217,0.01014594858987838,0.007064791788455799,0.004927168648275073,0.003514607267273207,0.012606532879569723,0.9276333106506885,91.70066926943544,82.56984827697119,74.35632805517206,66.9682029594578,60.37413979531731,60.00878185999967,55.87967525463535,55.108256031326775,54.34238049200103,53.58149949000534,52.82515923358828,52.006100819784415,44.81034768686383
82033.44481605351,6.214410476661733,1752.5325373003184,204.8907715909196,0.000300442929972179,0.00040635109361619997,0.0014231033566497744,0.0013692749245350355,0.009422463345021248,0.0064936105903716755,0.004482091339057379,0.0031795746671985266,0.01326488207724963,0.9970868077835591,95.72518789575176,86.13197285685779,77.5082006174585,69.75624171367947,62.84410900909507,62.49949595921841,58.225886757940735,57.450343494785756,56.679969029180135,55.91418058278407,55.15225967859028,54.3055590451993,45.405497599657316
84963.21070234114,6.045697303524645,1874.5941673306306,203.1550961845908,0.0002843663822608809,0.0003844745765985577,0.0013447347049178925,0.0012923080538842788,0.008808689437914444,0.006012753080234727,0.004110453355988793,0.0029038422998543386,0.013978573190926538,1.0642336831732768,99.48915301555184,89.45910617853089,80.44812743459693,72.35311264326731,65.141540191581,64.81847309051155,60.41240037953771,59.63523921658393,58.86291784782845,58.09481961353063,57.32994542573069,56.45821720893214,45.93519313062368
87892.97658862876,5.896669667543253,1997.5554606426442,201.4341240715457,0.00027053259449213974,0.0003656533200339854,0.0012773526564655393,0.0012261690510600599,0.008284698703004008,0.005605165878620027,0.0037978488595322517,0.0026752685373091496,0.01472703181637302,1.128774486825667,103.00073922676096,92.55935820543009,83.18409081025656,74.76661801852198,67.27398835446111,66.972871578111,62.44553032507299,61.66879317185523,60.89661426185561,60.128343480852415,59.3626901133681,58.468337588185534,46.40788771040015
90822.74247491639,5.764651772796254,2121.284407962771,199.72773069665377,0.00025856536883550407,0.0003493739696289569,0.0012191057923998363,0.0011690271722385492,0.007834737628433348,0.005257492327007835,0.0035330941715190065,0.002484503098291784,0.015493741733248871,1.1904953469791122,106.26989710058051,95.44230629143848,85.72527263120313,77.0055298031484,69.24978743543191,68.97069665959702,64.33244418807357,63.55776423703972,62.78740789228718,62.020692438844996,61.256028877189394,60.34124772510238,46.83074504968184
93752.50836120402,5.647387698637529,2245.667368367641,198.0357925604766,0.00024816218872463055,0.00033522417295475757,0.0011685066517108905,0.0011194126945986765,0.0074462558416073495,0.004959178715565565,0.0033074314202372395,0.0023242820673399457,0.01626551029691004,1.2492556562096366,109.3077558376326,98.11846520881441,88.08158729193583,79.07917886863905,71.07768878042661,70.82043290858563,66.0808149751797,65.30947146344526,64.54226147308131,63.77847089266727,63.01620973397321,62.08299649800176,47.20986425931313
96682.27424749164,5.542967658914253,2370.606114189488,196.35818720947216,0.00023907789856287355,0.00032286985531509467,0.001124351018297364,0.001076136535014386,0.0071091820757745216,0.00470182630804363,0.0031139509282390445,0.002188919280468797,0.01703189225332244,1.3049765714529231,112.12615377069757,100.5988803637695,90.26332873433896,80.997148762758,72.76659494315818,72.53077045051502,67.69855862083035,66.93152779845897,66.16848160427159,65.4086760193654,64.64992078545937,63.700084394698756,47.550460282181064
99612.04013377927,5.449771006630464,2496.015421396443,194.6947932274205,0.00023111288590912867,0.0003120389496134898,0.0010856590784455904,0.0010382319475854538,0.0068153732698843315,0.004478697702653191,0.0029471563872864003,0.00207392712542276,0.017784717276126488,1.357630504583127,114.73728343360844,102.89481902848551,92.28090429311649,82.76904706496168,74.32536348775302,74.1104020074652,69.193638357323,68.43164046537068,67.67351546254197,66.91849109481407,66.16408047232979,65.19925519197393,47.85701208129962
102541.8060200669,5.366413163724229,2621.8210810924656,193.0454902270077,0.00022410283599402116,0.00030250772069195315,0.0010516253279875282,0.0010049039593902956,0.006558202134407952,0.004284352805610711,0.0028026444841991282,0.0019757388616309744,0.018517706106567132,1.4072316707591832,117.1534147568902,105.01753831445673,94.14463800383828,84.40433937975745,75.76266691945098,75.56787562849138,70.57392081257171,69.81746216860626,69.06479754096576,68.31512820873654,67.565676693905,66.58733590298807,48.133384718762755
105471.57190635453,5.2917095445073805,2747.958254559465,191.4101588415276,0.00021791214892051208,0.0002940913770947818,0.0010215850648299394,0.0009754978929659769,0.006332235394738825,0.004114363254635961,0.002676859072029917,0.0018914975440584977,0.019226144005175094,1.4538277593750426,119.3866939616586,106.97811302267762,95.86462687997492,85.91223020834595,77.08689423207706,76.91149011696449,71.84707242465365,71.09648249766953,70.34963628135806,69.60571040103132,68.86164477622685,67.87111480138302,48.38292763131342
108401.33779264215,5.224640848347796,2874.3700726691873,189.78868071163663,0.00021242791351703137,0.0002866361745130603,0.0009949856134847726,0.0009494690589572655,0.006132985535993728,0.003965099622552462,0.002566907309521985,0.0018188984195729894,0.019906607696539253,1.4974926703429714,121.44899173894338,108.78731261480793,97.45064106126445,87.3015825911514,78.30608664154337,78.14922492066506,73.02048862786565,72.27595230352784,71.53513376151314,70.79718679001158,70.05877822580415,69.05725159763175,48.608556599733404
111331.10367892977,5.164327121704839,3001.0065518909964,188.18093848377777,0.00020755562571335198,0.0002800134266331635,0.0009713647080079707,0.0009263623663052072,0.005956729408865148,0.0038335709436894297,0.0024704223731363485,0.0017560725794460148,0.020556744246269423,1.538320434276116,123.3517920529937,110.45551074528116,98.91205111534667,88.5808608654927,79.427893040153,79.28869068798487,74.10124311095001,73.3628287883419,72.62812677051136,71.89626976586845,71.16366220091237,70.15221045288867,48.812818639427576
114260.86956521739,5.1100056913105805,3127.823611241402,186.58681579875633,0.0002032157113946616,0.000274114794705775,0.0009503333834271425,0.0009057950468513051,0.005800353838456175,0.003717292582594725,0.002385451343657312,0.0017014919184330185,0.021175067090939935,1.5764197953123653,125.10611864154082,111.99262780166195,100.25778433790282,89.7580986525272,80.45954766190316,80.33710246915999,75.096058321228,74.36374146299258,73.63514831463165,72.90939224726657,72.18262676871738,71.16221243837744,48.99794839251565
117190.63545150502,5.0610131666369735,3254.7822730833204,185.00619728238743,0.00019934080570547952,0.0002688485772905818,0.0009315626207324257,0.0008874435123705551,0.00566124328542772,0.003614190726133287,0.0023103752079808018,0.0016539019251628536,0.02176079898058316,1.611909935974256,126.72248361213114,113.40809299027454,101.49629855402189,90.84088230688373,81.40786071205258,81.30126652641816,76.01128960580864,75.28497291438586,74.56240505320692,73.84268163790931,73.12171726527879,72.0932046918299,49.16591219578017
120120.40133779265,5.016770421152902,3381.847989267121,183.43896853788334,0.0001958735676554681,0.00026413672856540375,0.0009147725494563492,0.000871032642783293,0.005537186935999638,0.003522523241694138,0.0022438424007310644,0.001612265783407477,0.02231372985033359,1.6449167721404645,128.210859015736,114.71082509364368,102.63556981461568,91.83634431815669,82.27921680186533,82.18757587115385,76.85291836621893,76.13244883335963,75.4157639986669,74.70194331297192,73.98667482203966,72.9508403232803,49.318446898810514
123050.16722408027,4.976770304715734,3508.9900631530254,181.88501613748798,0.0001927649603308157,0.0002599125152275564,0.0008997240052862434,0.0008563274537244781,0.005426306596295285,0.0034408185809826548,0.002184718199011047,0.0015757222766005273,0.02283410041738997,1.6755699775842705,129.58066157474374,115.90922465404728,103.68309142442499,92.75116808806439,83.07958347345514,83.00201545245689,77.6265534564579,76.91173620258566,76.2007479566126,75.49265335305132,74.78292625594098,73.7404672471641,49.457090657460974
125979.9331103679,4.940567321995019,3636.181166682856,180.3442276143356,0.0001899728554608609,0.00025611861181336007,0.0008862116387203065,0.0008431262756186567,0.005326999234739849,0.0033678280785882234,0.0021320453534081005,0.0015435528638947495,0.02332250494194781,1.704000577061016,130.84074996980596,117.01117632210335,104.64587988627571,93.59159652770236,83.81452221184082,83.75017178464844,78.33743898847523,77.62804902149904,76.92253848055412,76.2199586111077,75.51558151884382,74.46712477183507,49.58320949049584
128909.69899665553,4.907768922313261,3763.396922037556,178.8164914542779,0.00018746089159151703,0.00025270554752250725,0.0008740583418565536,0.000831255263279376,0.005237889825206756,0.0033024862044835563,0.002085011508568293,0.0015151548379034453,0.023779807901895014,1.7303390026220065,131.9994318496902,118.02405892398662,105.53048766774808,94.3634471660068,84.48920475524429,84.43724652740067,78.99046431146905,78.28625608695286,77.58598216974188,76.88868153390554,76.18943662857443,75.13554562565949,49.69801994533728
131839.46488294314,4.878027887533961,3890.6155454378854,177.30169708784317,0.00018519749617655718,0.000249630375194627,0.0008631104689477188,0.0008205636985701191,0.005157793401000535,0.003243880078361963,0.0020429245579220807,0.0014900208018910086,0.024207076398413362,1.7547135730176908,133.06447559188774,118.95476020775267,106.34301973522271,95.0721294767356,85.10843090567505,85.06807327053149,79.5901787848006,78.89089382758013,78.19560086594933,77.50332781989441,76.80897939915603,75.75016127642814,49.80260812525589
134769.23076923078,4.851037113376592,4017.817542649291,175.79973488223231,0.0001831552783346271,0.00024685584145184324,0.0008532347919355213,0.0008109209019037276,0.00508568337985911,0.0031912208914311093,0.0020051890692610254,0.0014677196404571796,0.024605517994044906,1.7772492808903158,134.04313080330857,119.80969576926438,107.08915223791834,95.7226642655932,85.67664836283276,85.6471360382,80.1408072814721,79.44618024798005,78.75560458692094,78.06809813402441,77.37839929338915,76.31511047987144,49.89794525227989
137698.9966555184,4.826523981666948,4144.985435662799,174.31049613335682,0.00018131033803185973,0.0002443494293288004,0.0008443149390392898,0.0008022127011064835,0.005020671100253616,0.0031438323368742633,0.001971298062805574,0.001447888978064507,0.024976449408234836,1.7980670893416755,134.9421428648347,120.5948278467789,107.77415335380424,96.31970397058355,86.19797145909587,86.17858669508345,80.64626622197424,79.95603041230649,79.26990587339951,78.5869012484518,77.90159972128896,76.83425140573192,49.98490163082449
140628.76254180603,4.804245916040165,4272.103537108575,172.83387305794847,0.00017964174473353637,0.00024208267388845143,0.0008362492052421559,0.0007943394692414749,0.004961983695072452,0.0031011252766969676,0.0019408096626658468,0.0014302163338940886,0.025321243123231127,1.8172832289170124,135.767785536998,121.31569354422525,108.40290636484005,96.86755344580561,86.6762017188325,86.66626565123856,81.11018177362871,80.4240725991576,79.74213416347901,79.06336693267176,78.38220949081824,77.311172454333,50.06425780908632
143558.52842809365,4.783984646388921,4399.157752242475,171.36975878583627,0.00017813079660236635,0.0002400301683972875,0.0008289469340521569,0.0007872124674434709,0.004908937192844741,0.0030625822258418035,0.0019133398725027578,0.0014144351890053946,0.02564129684260347,1.8350084005504677,136.52587599651824,121.97742035688998,108.97992932382165,97.37019270789168,87.11485033545459,87.11372194660919,81.53590677003254,80.85366435554492,80.17565148323187,79.50086106633194,78.8235970249869,77.74920592801817,50.13671884754495
146488.2943143813,4.765548434647081,4526.135401101893,169.91804735214888,0.00017676153896854598,0.00023817014548888765,0.0008223303509511274,0.0007807556852174901,0.004860939002725801,0.0030277554191027764,0.0018885567393823793,0.001400316782437815,0.025938021276776045,1.8513481558052416,137.22180742027095,122.58475610016053,109.50940061834882,97.83129614867111,87.51715357384079,87.52423001323712,81.92653827085032,81.2479104887219,80.57356949886915,79.90250138927786,79.22888502599118,78.15144185431176,50.20291581557642
149418.0602006689,4.748763476525455,4653.025065618361,168.47863368967643,0.0001755195231475389,0.0002364830724220962,0.000816329918114924,0.0007749008351601995,0.00481746393579469,0.0029962518564158012,0.0018661700388228775,0.0013876642883577498,0.026212813382366057,1.86640228995113,137.86056877536643,123.14208923165592,109.99517778378714,98.25425273094771,87.886093830919,87.90080938600934,82.28493386212415,81.60967767536464,80.93876363478118,80.27117166301485,79.60096459788548,78.52074228810854,50.26342009099178
152347.82608695654,4.733473921104959,4779.816456405538,167.05141362205794,0.00017439195099751463,0.00023495149224065327,0.0008108830049139346,0.0007695864246229586,0.004778048756462683,0.002967724747471556,0.0018459244860783842,0.0013763070120472215,0.026467039641326608,1.88026487653321,138.4467715733266,123.65347307317734,110.44082035947024,98.64218645933937,88.22441740227113,88.24624201423444,82.61372782723112,81.94161038616433,81.27388835337251,80.60953603472103,79.94250870587508,78.85975421237538,50.318748021641895
155277.59197324415,4.719540319048816,4906.500295191456,165.63628385612822,0.00017336753740130557,0.0002335600626583407,0.0008059350913657417,0.0007647594632549529,0.004742284313980512,0.0029418680750828447,0.00182759598387997,0.0013660968112932023,0.026702027612053838,1.8930244241931224,138.98467547129252,124.12264725395204,110.84960983582432,98.99797473191816,88.53465153671816,88.56308973633469,82.91534752463873,82.24614687941009,81.58139257346201,80.92005383575327,80.25598636399955,79.17092316656885,50.36936508818773
158207.35785953177,4.706837078630478,5033.068211896446,164.23314197727007,0.00017243620691307393,0.00023229509626069515,0.000801437324777301,0.0007603720456199467,0.004709807175387136,0.002918411576081761,0.0018109869775806463,0.0013569049578809572,0.026919057142313182,1.9047638745598985,139.4782090280942,124.55305849033985,111.22456788375595,99.3242648197525,88.8191195278887,88.85370896943081,83.19202700446591,82.52553272256063,81.86353323118568,81.20499315680922,80.5436760903003,79.45650655119974,50.415693122645585
161137.1237458194,4.695250879530335,5159.51263136043,162.84188641842402,0.00017158895530846924,0.0002311443551959798,0.0007973460801586994,0.0007563815157800664,0.004680293335765108,0.002897115011546931,0.001795922490487835,0.0013486188284865183,0.027119356499663575,1.915560963327206,139.9310016665484,124.94788881067139,111.56848219908707,99.62349705272074,89.07996125976726,89.12027100759329,83.44582571978523,82.78183906507554,82.1223931182367,81.46644831201498,80.80768310669,79.71859063376574,50.45811492972395
164066.88963210702,4.684679689612168,5285.826729427612,161.4624164920994,0.00017081774481922824,0.0002300969158104085,0.0007936224242227906,0.0007527498128481438,0.004653454800469059,0.0028777654688939133,0.0017822479257181383,0.0013411401967447553,0.027304094894126264,1.9254881084700826,140.34639006266363,125.31006189708955,111.88391249479692,99.89791060393429,89.31913888965305,89.36476778592395,83.67863386901375,83.0169677263023,82.35988565356227,81.7063442826743,81.04994345099625,79.95909444679218,50.49697681878873
166996.65551839466,4.675031359268773,5412.004339566414,160.09463236402368,0.00017011537445536627,0.00022914299240968928,0.0007902314896738241,0.0007494428593582485,0.004629034164340426,0.002860172979649284,0.0017698256701259457,0.0013343826957435327,0.027474380439462064,1.9346127532798705,140.72744691515013,125.64226836953154,112.17321289657396,100.14956353961591,89.53845480060623,89.58902981020762,83.89218915866923,83.23266789800626,82.57777153009137,81.92645322428652,81.27224026049083,80.17978575686023,50.53259311238426
169926.42140468227,4.666222527766394,5538.039883056119,158.7384350401593,0.0001694753787669048,0.00022827379926208994,0.0007871419777414466,0.0007464300700555986,0.004606800968453739,0.002844167942125749,0.0017585331795208073,0.0013282702930099443,0.027631261581188588,1.9429976782460865,141.0770019625065,125.94698491807858,112.43854921208171,100.38034810375021,89.73956513207052,89.79473974051301,84.08808958297038,83.43054879699369,82.77767121985482,82.12840687925551,81.47621613155279,80.38229328348221,50.56524941623916
172856.18729096992,4.6581777821960495,5663.9283209094765,157.3937263657865,0.00016889194863484882,0.0002274814429998699,0.0007843257764927133,0.0007436839816966929,0.004586548734343136,0.0028295987299865005,0.0017482611823795716,0.0013227360270945637,0.0277757257055661,1.9507011581532132,141.39765695822297,126.22648749688211,112.68191064903112,100.59200134633882,89.92398939929629,89.98344194927799,84.26780228655878,83.61208844420818,82.96107368586868,82.31370518012875,81.66338159556624,80.56811505886111,50.59520518306677
175785.95317725753,4.650828836565735,5789.665098742549,156.060409018241,0.00016835985830421238,0.00022675882306908449,0.0007817575998179361,0.0007411798932176677,0.004568092042748482,0.002816329437849936,0.0017389119253339146,0.001317720632820213,0.027908699668653125,1.9577772248194352,141.69180386271992,126.4828676301171,112.90512434415173,100.78611796463451,90.09312191570184,90.15655405143661,84.43267440410526,83.77864439410065,83.12934699599465,82.48372677110946,81.83512554724096,80.73862868665688,50.62269630338441
178715.71906354517,4.644113765842589,5915.246100016127,154.73838649932367,0.00016787439555787423,0.0002260995372847652,0.0007794146562904525,0.0007388955474723182,0.00455126417701354,0.002804238121048586,0.001730397883958303,0.0013131716122109709,0.02803105176405979,1.9642759259578206,141.96164081647325,126.7180466557189,113.10986810451276,100.96416168234751,90.2482418931105,90.31537703497854,84.58394260971562,83.93146328396757,83.28374783461884,82.63973845347817,81.99272462165645,80.89510058035985,50.64793734974737
181645.48494983278,4.6379763793613495,6040.66760339871,153.42756312786517,0.00016743130803815347,0.00022549780824519214,0.0007772763795484008,0.0007368108611418412,0.004535914928380554,0.0027932151067526557,0.001722640498556427,0.001309042337091451,0.02814359356320935,1.970243572394484,142.20918771146313,126.93378939509196,113.29768243490355,101.12747590526347,90.39052294818305,90.4611048508317,84.72274212556694,84.07168981813685,83.4254304889458,82.78290416913394,82.13735215201582,81.03869481360464,50.671123723472924
184575.25083612042,4.632365687690147,6165.926248786492,152.1278440334523,0.00016702675684834243,0.00022494842057514235,0.0007753242077677987,0.0007349077116797408,0.004521908951248205,0.0027831617278907053,0.0017155692132174165,0.001305291339657802,0.028247081794883697,1.9757229583021136,142.43629903861512,127.1317155978705,113.46998065792994,101.27729260859802,90.52104091654718,90.5948322777946,84.85011413656316,84.20037415515377,83.55545420161292,82.91429233555333,82.27008550093137,81.17048038205589,50.69243329794998
187505.01672240804,4.627235332041392,6291.019000014013,150.83913514889247,0.00016665726696635724,0.0002244466534494665,0.0007735413421329393,0.0007331697005354736,0.004509123975502743,0.0027739889932558545,0.001709120495505049,0.0013018816217969177,0.028342221116033267,1.9807536168927107,142.6446780982687,127.31331256449089,113.62806015381483,101.41474233272578,90.64078270936066,90.7175638263366,84.96701416586859,84.31848026950435,83.67479150974683,83.03488414822928,82.3919143260227,81.2914393613186,50.71202819579706
190434.78260869565,4.622543204597311,6415.943118403133,149.56134320417968,0.00016631969651960125,0.00022398823870364517,0.0007719125958451328,0.0007315820037753042,0.004497449597638711,0.0027656166629794953,0.001703237152975942,0.0012987801839693632,0.02842966639055587,1.9853720145579508,142.83588754430528,127.47994437341634,113.77311046581013,101.54086134626907,90.75065268711388,90.83022022463653,85.0743182152284,84.42689209937093,83.78433439971221,83.14557973592909,82.50374672090544,81.40247295977643,50.73005606724
193364.5484949833,4.618250997372317,6540.69613681457,148.29437572006353,0.00016601119625050479,0.00022356930604698077,0.000770424202350014,0.0007301311879709019,0.004486785949455761,0.0027579722660039403,0.0016978676103936525,0.0012959575174321025,0.02851002470140365,1.989611739513591,143.01136003738858,127.6328613213744,113.90622159607264,101.65659890995282,90.85147904471685,90.93364485973198,85.1728288682986,84.52641967418089,83.88490045294611,83.24720432593273,82.60641539638391,81.50440764470042,50.74665149846198
196294.3143812709,4.614323876906817,6665.275831283728,147.03814100055737,0.00016572918669892462,0.0002231863512586809,0.0007690636931041531,0.0007288050828079316,0.004477042559283915,0.002750990201958345,0.0016929652327894232,0.0012933871371053794,0.02858385857043489,1.9935037433694849,143.17241026562945,127.77321043481342,114.02839325327501,101.76282540072275,90.94402093317412,91.0286109527128,85.2632820525593,84.61780588906875,83.97723963831362,83.3405150532803,82.70068450925811,81.59800190932022,50.76193726195112
199224.08026755854,4.610730145061652,6789.680197156248,145.79254812593015,0.00016547132936583874,0.00022283619790645565,0.0007678197704932115,0.00072759266424745,0.004468137568226688,0.002744611168099858,0.0016884879027968373,0.001291045312539988,0.028651689708042688,1.997076569219844,143.3202450236508,127.90204436612638,114.14054267197817,101.86033919185415,91.02897452287073,91.11582773494519,85.34635288550557,84.70173235633865,84.06204017147112,83.4262068306075,82.78725554271283,81.6839520803867,50.77602526071491
202153.84615384616,4.607440788452694,6913.907430665151,144.55750694638192,0.00016523548535526047,0.0002225159412197065,0.0007666821099074847,0.0007264838646302163,0.004459996468461647,0.002738781311010563,0.0016843974411444832,0.0012889106833077198,0.028714000417687104,2.000356474934514,143.45597100979765,128.020328466658,114.24351093908896,101.94987227042668,91.10697799251743,91.19594544566112,85.4226604042013,84.7788241464298,84.13993326148359,83.5049171008223,82.86677206385055,81.7628970408646,50.78901788942076
205083.6120401338,4.60442952858915,7037.955912393675,143.33292807589845,0.00016501973015025872,0.00022222296631413147,0.0007656414036830225,0.0007254695961603264,0.004452551805606068,0.0027334518579345663,0.00168065929520432,0.0012869640504893417,0.028771236223209238,2.0033676147697355,143.5806029412561,128.1289474288433,114.33806863404088,102.03209510689267,91.178615784863,91.26955973838513,85.49277178408711,84.84965406258785,84.2114974248904,83.5772301767816,82.93982407979942,81.83542252563687,50.8010084316269
208013.3779264214,4.601672265616598,7161.824191482971,142.1187228859227,0.0001648222932562218,0.00022195486912846105,0.0007646891106520785,0.0007245415324921534,0.004445742050721683,0.002728578412177618,0.0016772420556257592,0.001285188053021991,0.028823807684953368,2.006132176501836,143.69507050131202,128.2287117924019,114.42492161818795,102.10762171705485,91.24442300515096,91.33721604294782,85.55720642748729,84.91474673973862,84.27726261786212,83.64368141122128,83.0069522425169,81.90206531058388,50.81208218442297
210943.14381270905,4.599147222172619,7285.510969634363,140.91480349881905,0.00016464159220376198,0.00022170949984174138,0.0007638175820926544,0.0007236922083563535,0.004439511834009321,0.0027241209505321196,0.0016741173839026646,0.0012835671290925728,0.028872094497035754,2.0086705808607945,143.80022574569696,128.32036428393607,114.50471656596142,102.17701449379105,91.30488964045553,91.39941389699614,85.6164400822428,84.97458277019189,84.33771437327411,83.70476135856885,83.06865204263495,81.96331735600874,50.82231671617812
213872.90969899666,4.59683432096772,7409.015087036609,139.72108278133473,0.00016447615584743935,0.00022148486083122727,0.0007630197221110579,0.0007229147090258619,0.00443381027486672,0.0027200428848758135,0.0016712594597500633,0.0012820871796419184,0.028916445988371047,2.0110015595715334,143.89684924208433,128.40458540310567,114.57804604484267,102.24078879969287,91.36046468696047,91.45661105738544,85.67090870102318,85.02960254759404,84.39329762435442,83.7609195838924,83.12537761581977,82.019629603452,50.83178318710308
216802.6755852843,4.594715425194739,7532.33550957741,138.53747433823833,0.0001643246716275635,0.00022127916881456634,0.0007622891841463786,0.0007222028379856292,0.004428591446774064,0.0027163110938438024,0.0016686448972949913,0.0012807355107350483,0.028957184324735333,2.013142336235332,143.9856567171127,128.48199875288827,114.6454528935159,102.29941667590782,91.41155938603225,91.50922696308297,85.72101182904021,85.08020974165119,84.4444202285799,83.81256820417087,83.17754528238544,82.07141543139822,50.84054636348401
219732.44147157192,4.59277386991526,7655.471318254397,137.3638925061272,0.00016418592748767847,0.00022109077794430464,0.0007616201204752927,0.0007215508941799167,0.004423813260647596,0.002712895269553251,0.0016662523188184317,0.0012795005534162178,0.028994605552754415,2.015108713636132,144.0673039839019,128.5531757428407,114.7074344039096,102.35333044957629,91.45855031757654,91.55764576681983,85.76711546484202,85.12677420794171,84.4914559443206,83.86008492341284,83.2255366203869,82.11905371877575,50.84866559899208
222662.20735785953,4.590994395128674,7778.421699451527,136.2002523473328,0.00016405881163334877,0.00022091817877107681,0.0007610071722534685,0.000720953658350996,0.004419437355908106,0.002709767830768629,0.0016640622690535923,0.0012783718095625892,0.029028982217840445,2.0169151991010668,144.14239172213388,128.61863988658496,114.76444616293657,102.40292607034102,91.50178223191033,91.60221911324909,85.80955463556658,85.16963455641447,84.53474704067192,83.90381571586404,83.26970122798274,82.16289162074786,50.8561951957862
225591.97324414717,4.589363344516313,7901.185935020812,135.04646964375206,0.00016394235109364207,0.00022076004890012044,0.0007604456282591616,0.0007204065265954064,0.004415429586755193,0.0027069041533039203,0.0016620573549245067,0.00127733997504062,0.029060566451889223,2.018575143920988,144.21147047339807,128.67887073822624,114.81690552356459,102.44856628236714,91.54157091813775,91.64326911997163,85.84863617011817,85.20910083697045,84.57460690806408,83.94407741594546,83.31035935013652,82.20324720523655,50.86318433648298
228521.73913043478,4.5878678444454195,8023.763394889052,133.9024608906934,0.00016383559968095494,0.00022061510208336519,0.0007599309051528419,0.0007199050214019343,0.0044117569774906615,0.0027042806951036264,0.001660221131581867,0.0012763962606134004,0.029089586815978275,2.0201007002313687,144.27504393328513,128.73430709580742,114.86519444509868,102.49058328838876,91.5782058483487,91.68109117063236,85.8846414145404,85.2454572359082,84.61132262185684,83.98116008368086,83.34780406179726,82.2404115728703,50.86967878693257
231451.50501672243,4.58649638010834,8146.153528155138,132.76814329083777,0.0001637377298633788,0.00022048221872972398,0.0007594590706799782,0.0007194453477209577,0.004408391973116261,0.002701877445603011,0.001658539288418894,0.0012755329913141584,0.02911625686174047,2.0215031330076187,144.33357364688163,128.7853512439383,114.90966273699885,102.52928080939064,91.61195131091719,91.71595519879163,85.9178278587815,85.27896424046368,84.64515759634358,84.01532997604038,83.38230432216332,82.274651630139,50.875719256748226
234381.27090301004,4.585238465308121,8268.35585644459,131.64343474826742,0.00016364799151262198,0.0002203603781877172,0.0007590264606549089,0.000719023890219466,0.004405307176796642,0.0026996749419402216,0.0016569984195515825,0.0012747431827229113,0.029140770517365664,2.0227926798596845,144.38748285596068,128.83237121050342,114.95063069757133,102.56493740029808,91.64304985906303,91.7481085336058,85.94843094127997,85.30985975812388,84.67635244871812,84.04683057465424,83.4141064465164,82.30621216889021,50.88134419417514
237311.03678929768,4.584084401418412,8390.369967902498,130.5282538625161,0.00016356568334751446,0.00022024862518026445,0.0007586296756702894,0.0007186373526106984,0.00440247915641826,0.002697656194385054,0.0016555862723681251,0.0012740201888059262,0.029163306819321964,2.02397879560342,144.43715890848267,128.87570512981011,114.98839232316341,102.59780817978786,91.67172345920973,91.77777793173344,85.9766668696056,85.33836224393006,84.70512777944201,84.07588467322387,83.4434355086567,82.33531674477791,50.88658775507721
240240.8026755853,4.583025371455772,8512.195511360944,129.42251992267785,0.00016349017116210778,0.00022014610122049819,0.0007582656822795098,0.0007182827770889787,0.004399885538003703,0.002695805237333805,0.0016542918695508565,0.0012733583607998282,0.029184029688167846,2.025070089868949,144.48295584098406,128.91566074022603,115.02321561175778,102.62812650354319,91.69817548323687,91.80517096554911,86.0027333553071,85.36467163324564,84.7316858975993,84.10269693517954,83.4704983403372,82.3621706037156,50.891481707316395
243170.56856187293,4.582053309371088,8633.832190623434,128.32615290156818,0.00016342087526609482,0.00022005201865051905,0.0007579316753200595,0.0007179574264481253,0.004397506444422022,0.0026941078184706505,0.0016531050879194798,0.0012727522885673177,0.02920308991756886,2.0260745012220087,144.52519903906858,128.9525216919789,115.0553470560624,102.65610607197556,91.72259163606927,91.83047727525829,86.02681128187943,85.38897087832109,84.7562117609304,84.1274543544897,83.49548402373532,82.38696166857041,50.89605501976922
246100.33444816055,4.581160844885248,8755.279760115473,127.23907344993013,0.00016335726651455344,0.0002199656587917526,0.0007576251012844404,0.0007176588130415126,0.004395323535838556,0.0026925507625953455,0.0016520166662917348,0.0012721971161059344,0.02922062568176571,2.0269992837818793,144.5641857723442,128.98654679531722,115.08501179580338,102.6819426314259,91.74514248453447,91.8538711428215,86.04906663082731,85.41142758980281,84.77887473300095,84.1503281865107,83.5185657141178,82.40986192573709,50.90033410985023
249030.1003344482,4.580341240302396,8876.53802030226,126.16120289069208,0.0001632988615507562,0.00021988636516156725,0.0007573436277803453,0.0007173846616664437,0.004393320090718991,0.0026911220770338765,0.0016510182063813582,0.0012716884657464028,0.02923676381319358,2.0278510881569836,144.6001882548971,129.017973088661,115.11241607028676,102.70581539451626,91.76598395232061,91.87551176559332,86.0696511580905,85.4321953093358,84.79983014147246,84.17147548041926,83.53990209932046,82.43102891451296,50.90434314483826
251959.8662207358,4.579588334142579,8997.606813652796,125.09246321327338,0.00016324521863766723,0.00021981353790674147,0.0007570851234123785,0.0007171328952443559,0.004391480835591911,0.002689810822966473,0.0016501020227395516,0.00127122230938139,0.029251620624153225,2.0286360111077353,144.63345596316066,129.0470177800331,115.1377487344671,102.72788835710703,91.78525875154001,91.8955449781072,86.08870387665519,85.45141456790851,84.81922006860003,84.19103992880815,83.55963848426465,82.45060698604544,50.90810430360735
254889.6321070234,4.5788964920128326,9118.48602103421,124.03277706793834,0.00016319593409904224,0.00021974662883713752,0.0007568476404308742,0.0007169016150730276,0.00438979181722913,0.0026886070029376223,0.0016492610982658475,0.0012707949846794784,0.029265302805398047,2.0293596386306096,144.6642172355159,129.0738797110306,115.16118273689342,102.7483117570438,91.8030976248489,91.91410436123557,86.10635208853647,85.46921405912644,84.83717463624544,84.20915311425037,83.57790789727409,82.46872827097215,50.911637829160085
257819.39799331105,4.578260561417556,9239.17555837479,122.98206776019825,0.00016315063900620492,0.00021968513695283653,0.0007566293988028033,0.0007166890860058122,0.004388240286937335,0.002687501484501562,0.0016484890246200447,0.0012704031526141614,0.02927790816915871,2.0300270877471456,144.69268111776154,129.09874089520156,115.1828763708033,102.767223094802,91.81962023655613,91.93131222133778,86.12271237692941,85.48571165842753,84.85381303380396,84.2259355617765,83.59483218130805,82.48551377928914,50.91496224681831
260749.16387959867,4.577675829766708,9359.675373592328,121.94025924526042,0.00016310899611492858,0.00021962860428389802,0.0007564287714200099,0.0007164937220006469,0.004386814594078207,0.0026864859236501205,0.0016477799481060445,0.0012700437680009603,0.02928952639183281,2.030643046704826,144.71903905213193,129.12176800837375,115.20297457667813,102.78474825682123,91.83493612939797,91.94728052931828,86.13789147138779,85.50101528390945,84.86924439398875,84.24149764144596,83.61052292654182,82.5010743457894,50.91809452116409
263678.9297658863,4.577137986390768,9479.985443820013,120.90727612252466,0.0001630706970997566,0.00021957661213368472,0.0007562442707394475,0.0007163140730869836,0.004385504089568569,0.002685552695183633,0.0016471285204416588,0.0012697140526467762,0.029300239683210563,2.0312118104784327,144.74346632398746,129.14311366544612,115.2216100713261,102.80100251352457,91.84914560651504,91.96211182611935,86.1519871083724,85.51522375453253,84.88356864311957,84.25594041060684,83.6250823094052,82.51551145897425,50.92105017197919
266608.69565217395,4.576643088082905,9600.105772870857,119.8830436301259,0.00016303546004959202,0.00021952877767749654,0.0007560745366921314,0.0007161488135739482,0.004384299038786848,0.0026846948299540335,0.001646529854430792,0.0012694114712167002,0.029310123392005408,2.031737313126576,144.7661234102802,129.1629175842376,115.23890435479952,102.81609139379907,91.86234049651657,91.97590001098135,86.1650887921596,85.52842756877334,84.8968772943204,84.2693564166923,83.63860389950814,82.52891805457826,50.92384340025628
269538.46153846156,4.576187527829131,9720.036388938672,118.86748764035734,0.0001630030271987381,0.000219484750881075,0.0007559183257305789,0.0007159967313705084,0.004383190542821742,0.002683905958227709,0.0016459794840429666,0.0012691337096954365,0.029319246565437974,2.032223157775444,144.78715723351874,129.18130767601798,115.25496865465865,102.83011149969511,91.8746048569376,91.98873105276711,86.17727846975673,85.54070958721317,84.909254141092,84.28183040396092,83.65117337987189,82.54137923563654,50.926487206004225
272468.2274247492,4.575768006770728,9839.777342540157,117.86053465660223,0.0001629731628951371,0.0002194442117410745,0.0007557745010184851,0.0007158567184172121,0.004382170467841492,0.0026831802588571166,0.0016454733285798126,0.0012688786561128923,0.029327672454620562,2.032672643457301,144.80670226706374,129.1984010136826,115.26990477285925,102.84315124538415,91.88601561877415,92.00068364560302,86.18863115264645,85.55214565682411,84.92077588441624,84.29343994472221,83.66286918402687,82.55297290626989,50.928993484627554
275397.9933110368,4.575381503856322,9959.328704282798,116.86211179903529,0.00016294565141004345,0.00021940686731038647,0.0007556420218582268,0.0007157277603768275,0.004381231369075967,0.0026825124046125004,0.0016450076541542613,0.0012686443799777133,0.02933545906948174,2.0330887944432137,144.8248817419396,129.21430488175048,115.28380599948183,102.855291652476,91.89664328081086,92.01182991918809,86.19921559584125,85.56280529864817,84.9315128278901,84.30425614080858,83.67376320286743,82.56377047141497,50.931373134325064
278327.75919732446,4.57502525674821,10078.690563460817,115.87214681013734,0.00016292029555299624,0.00021937244981705997,0.000755519937004444,0.0007156089301143007,0.00438036644280813,0.002681897527720832,0.001644579049445947,0.0012684291192614475,0.0293426595209563,2.0334743784652973,144.8418084042202,129.22911743492335,115.2967576843259,102.86660684546112,91.9065523400361,92.02223587721724,86.20909471574404,85.5727521310741,84.94152930697877,84.31434405889462,83.68392122555701,82.5738372750535,50.93363612599406
281257.52508361207,4.574696731035815,10197.863025787276,114.89056802654608,0.00016289691446242456,0.00021934071366387767,0.0007554073740015316,0.0007154993773001648,0.004379569449687133,0.002681331164703057,0.0016441843868465129,0.0012682312598816957,0.029349322598695014,2.0338319371308464,144.85758576188283,129.24292878417336,115.30883818160136,102.87716487218323,91.91580200527814,92.031962124008,86.21832628214686,85.5820445687697,84.95088439524993,84.32376344460592,83.69340366186692,82.58323331838014,50.93579161339125
284187.2909698997,4.574393613955659,10316.846212936873,113.91730440858454,0.00016287534313582774,0.00021931143479009924,0.0007553035369147081,0.0007153983262003403,0.0043788346987117255,0.0026808092450391115,0.0016438208145509402,0.0012680493313367346,0.029355492870825395,2.0341637913239556,144.8723083129627,129.25582119737132,115.32011902597925,102.88702785784972,91.92444633189965,92.04106400182647,86.2269630483337,85.59073595358447,84.95963203613198,84.33256885513467,83.70226567568638,82.59201339217115,50.93784795465692
287117.0568561873,4.574113790851572,10435.640260799442,112.9522855245907,0.00016285543074606962,0.00021928440838524645,0.0007552076982056631,0.0007153050677507381,0.00437815698838561,0.0026803280486324957,0.0016434857265261447,0.0012678819907993254,0.029361211127022092,2.0344720645568635,144.88606250298812,129.26786993147454,115.33066565587148,102.89625263360617,91.9325347694907,92.0495921508451,86.23505328563787,85.59887509516007,84.96782158931853,84.34081021137455,83.71055774270312,82.60022763015807,50.93981279663697
290046.8227424749,4.573855322910814,10554.245317854109,111.99544153128062,0.0001628370390388325,0.00021925944671199354,0.0007551191909914536,0.0007152189520109618,0.004377531551654507,0.0026798841665681317,0.0016431767350076221,0.0012677280087243594,0.029366514796103152,2.034758704857842,144.89892762167898,129.27914401335482,115.34053809186501,102.90489132488551,91.9401126730366,92.05759302932697,86.24264127959935,85.60650677356257,84.97549833999415,84.34853331357476,83.7183261721048,82.60792202733906,50.94169315547739
292976.5886287626,4.57361643548395,10672.661544302782,111.04670317648036,0.00016282004149408585,0.0002192363779682452,0.0007550374050080072,0.0007151393842321382,0.004376954026715437,0.0026794744800415645,0.0016428916556952065,0.0012675862610761236,0.029371438164420827,2.035025496272373,144.9109762752923,129.28970665152366,115.3497912952708,102.91299166317553,91.94722157416471,92.06510918978067,86.2497675919351,85.61367200303899,84.9827037650852,84.35578011075327,83.7256133794722,82.61513871165977,50.94349545827931
295906.3545150502,4.573395504373766,10790.8891110607,110.10600179575721,0.00016280432234097366,0.00021921504494886275,0.0007549617818495352,0.0007150658202124395,0.004376420422972351,0.002679096135989906,0.0016426284905992562,0.0012674557202733915,0.029376012632629688,2.035274072335587,144.92227493686826,129.29961571597883,115.3584755861475,102.9205973498059,91.95389949842043,92.07217960337925,86.25646937025486,85.62040834495855,84.9894758488581,84.36258901881304,83.7324582075741,82.6219162622295,50.94522559133864
298836.1204013378,4.573191042648008,10908.928198784819,109.1732693061922,0.0001627897756120288,0.0002191953037613571,0.000754891810406693,0.0007149977618512689,0.00437592708827407,0.0026787465235870492,0.0016423854115621564,0.0012673354465834756,0.029380266964128023,2.0355059291009865,144.93288448035864,129.30892420214073,115.36663704611433,102.92774840554715,91.96018126944786,92.07883997047476,86.2627806446178,85.62675020864097,84.99584938805629,84.36899522959371,83.73889623868585,82.62829001898545,50.94688894802264
301765.8862876254,4.5730016890982625,11026.778997023332,108.24843820153257,0.00016277630431595872,0.00021917702270252365,0.0007548270228746038,0.00071493475325726,0.0043754706803392175,0.002678423253764434,0.0016421607458604554,0.0012672245805886307,0.02938422750366714,2.035722436610418,144.94286065058978,129.3176806400499,115.37431787374761,102.93448147865406,91.9660987764017,92.08512299274823,86.26873258640376,85.63272911276042,85.00185625635648,84.37503097894042,83.74496006650226,82.63429235356071,50.94849047078181
304695.6521739131,4.572826197459935,11144.441703422302,107.33144154743569,0.00016276381966530458,0.00021916008120958656,0.0007547669910260821,0.0007148763771153117,0.004375048140038817,0.0026781241400719463,0.0016419529627831595,0.001267122336192132,0.02938791838208014,2.0359248495947457,144.95225449908216,129.3259294748953,115.38155671645448,102.94083013374576,91.97168122556904,92.09105862978546,86.27435375248984,85.63837393159928,85.00752565259047,84.38072579699488,83.75067954879948,82.63995292032895,50.950034688938906
307625.4180602007,4.572663426332372,11261.916522982425,106.42221297643646,0.0001627522403549894,0.0002191443688804255,0.0007547113227298727,0.0007148222512919528,0.004374656666432182,0.0026778471807760358,0.0016417606610575084,0.001267027994061147,0.029391361707717677,2.0361143174763017,144.96111279211019,129.3337114215943,115.38838897868224,102.94682511984145,91.97695537422922,92.09667433856607,86.27967031429186,85.64371112720366,85.01288433576116,84.38610674571885,83.75608204700387,82.64529889352711,50.95152575472835
310555.1839464883,4.572512330767781,11379.203667439451,105.5206866833731,0.0001627414919603428,0.00021912978465617015,0.0007546596590472464,0.0007147720260059686,0.004374293696011969,0.0026775905440117875,0.0016415825584396326,0.0012669408962211258,0.029394577726958592,2.0362918927740177,144.9694783551874,129.34106376419732,115.39484708140368,102.95249459474982,91.98194572505572,92.10199527129953,86.28470624623527,85.6487649402715,85.01795681869545,84.39119861552817,83.7611926257981,82.650355166115,50.95296747442384
313484.9498327759,4.572371953865972,11496.303354645863,104.62679742054623,0.0001627315063358781,0.0002191162360046807,0.0007546116713302423,0.0007147253809991766,0.0043739568818930005,0.0026773525528661986,0.0016414174812480848,0.0012668604406186165,0.029397584984855233,2.0364585394884394,144.9773904141742,129.34802065378966,115.40096072199087,102.95786435133299,91.98667472319286,92.10704447624867,86.28948351660651,85.65355758237978,85.0227655617717,84.39602412078644,83.76603425065161,82.65514454614939,50.954363337841635
316414.71571906353,4.572241419277651,11613.215808018518,103.7404804929753,0.00016272222107948105,0.00021910363819294403,0.0007545670586366347,0.0007146820230166128,0.004373644075308122,0.0026771316721298224,0.0016412643550696496,0.001266786076298057,0.029400400468589525,2.0366151405803214,144.98488489976836,129.35461337315624,115.40675710422137,102.96295801739899,91.99116293053267,92.11184307623445,86.29402225830725,85.65810940907133,85.02733114806561,84.40060407674159,83.7706279663118,82.65968793358674,50.95571654513999
319344.4816053512,4.572119924351131,11729.941256034044,102.86167175370261,0.00016271357904265455,0.00021909191362199382,0.0007545255453670471,0.0007146416835033992,0.004373353308697133,0.002676926496190747,0.0016411221962720085,0.0012667172990078483,0.029403039738941587,2.036762504838394,144.99199472813353,129.36087058084124,115.41226115011663,102.96779723925292,91.99542918502074,92.11641043090115,86.29834092340745,85.66243907625511,85.03167244185185,84.40495756027128,83.77499305974214,82.6640044823943,50.957030031881295
322274.2474916388,4.5720067339303485,11846.479931772687,101.99030759919138,0.00016270552788748245,0.00021908099122527872,0.0007544868791274595,0.0007146041165212332,0.00437308278040595,0.0026767357380810632,0.0016409901043237477,0.0012666536472272795,0.02940551704953757,2.0369013730926104,144.9987500535277,129.36681853141621,115.41749569175126,102.97240184845707,91.99949074581887,92.12076428484282,86.30245642418227,85.66656368256265,85.0358067323022,84.4091020550247,83.77914720681943,82.6681117463346,50.95830649103095
325204.0133779264,4.571901174606388,11962.832072495274,101.12632496470428,0.0001626980196761714,0.00021907080591126904,0.0007544508287488489,0.0007145690968179662,0.004372830840510585,0.002676558219329132,0.001640867254679429,0.0012665946984873958,0.02940784545740508,2.037032423973573,145.0051785027135,129.3724812794187,115.42248164854395,102.97679001583926,92.00336342739288,92.12492090465219,86.30638426391076,85.67049890172864,85.0397498674076,84.41305358683478,83.78310660915078,82.67202581472715,50.95954839356789
328133.77926421404,4.571802629482657,12078.997919258154,100.26966131973944,0.0001626910104973705,0.0002190612980560124,0.0007544171824844023,0.0007145364180704272,0.004372595977918024,0.002676392860728595,0.0016407528923094625,0.0012665400660298927,0.029410036923842652,2.0371562791688618,145.01130538905613,129.3778808656431,115.42723818912543,102.98097839195243,92.00706172162639,92.12889520354909,86.31013865568697,85.67425910278997,85.04351637562834,84.416826846858,83.78688611867288,82.67576143626137,50.960758007387156
331063.5451505017,4.571710533385003,12194.977716561027,99.4202546635049,0.00016268446012435554,0.000219052413038961,0.0007543857463604462,0.0007145058912770353,0.004372376808566639,0.0026762386738946775,0.0016406463257822841,0.0012664893957540176,0.02941210240686085,2.037273508236013,145.01715390829,129.38303748761697,115.43178287959756,102.98498223583118,92.01059890982262,92.13270085570366,86.31373263135556,85.67785746019355,85.04711957721493,84.42043530415914,83.79049935151573,82.67933213213765,50.96193741446666
333993.3110367893,4.57162436848088,12310.77171202495,98.5780435204312,0.00016267833170248878,0.00021904410081855313,0.0007543563426686212,0.0007144773432881074,0.0043721720646382025,0.002676094753544875,0.001640546921854536,0.0012664423634271306,0.029414051945790713,2.037384633005558,145.0227453175461,129.38796965543645,115.43613181903609,102.98881553268127,92.01398716511858,92.13635040085661,86.31717814127346,85.68130605468983,85.0505716862392,84.42389130888893,83.79395879230727,82.68275029964796,50.96308852656709
336923.07692307694,4.571543660271255,12426.380156097814,97.74296693572207,0.00016267259146334287,0.00021903631554400754,0.0007543288085867443,0.0007144506154616255,0.0043719805846922635,0.0026759602704406354,0.0016404541005251689,0.0012663986721364248,0.02941589473877334,2.0374901316133327,145.02809909934805,129.3926943344868,115.44029976354403,102.99249110157723,92.01723764616293,92.13985533999524,86.32048614553631,85.68461596561181,85.05388390395044,84.42720618673351,83.7972758896953,82.68602730706021,50.964213099645846
339852.84280936455,4.5714679739231645,12541.803301784978,96.91496447094293,0.00016266720846318106,0.00021902901520019154,0.0007543029949171739,0.0007144255624335346,0.004371801304641844,0.002675834464931554,0.0016403673305122205,0.0012663580499601334,0.029417639213742727,2.037590442192911,145.0332331117178,129.39722707610764,115.44430023985059,102.99602069409521,92.02036058290776,92.14322622296869,86.32366669749524,85.68779735532807,85.05706650419111,84.43039032532002,83.80046114373721,82.68917358043888,50.965312747027305
342782.6086956522,4.571396910914331,12657.041404402902,96.0939761996467,0.0001626621543437407,0.00021902216128277837,0.0007542787649327916,0.0007144020509929503,0.004371633249499506,0.0026757166410510806,0.0016402861251163007,0.0012663202478390117,0.029419293093417294,2.0376859662550775,145.0381637255059,129.40158213713414,115.44814564924513,102.99941508456605,92.02336535512664,92.14647272870104,86.32672902023015,85.6908595465777,85.06012891160987,84.43345325332403,83.80352418589291,82.69219868310206,50.966388951439676
345712.37458193983,4.571330105963169,12772.094721353838,95.27994270303658,0.0001626574031134058,0.00021901571850109077,0.0007542559933213504,0.0007143799590532479,0.0043714755258277595,0.00267560616111651,0.0016402100384376966,0.001266285037630835,0.02942086345480664,2.0377770717815418,145.04290595010295,129.4057725893114,115.45184736269266,103.00268415266004,92.02626056425457,92.14960373859026,86.32968157653167,85.69381109325111,85.06307977325666,84.43640371289297,83.80647385226474,82.6951113883712,50.96744307604011
348642.14046822744,4.5712672242195,12886.963511919737,94.47280506566561,0.0001626529309469981,0.00021900965450622948,0.000754234565219662,0.0007143591747107238,0.0043713273148326005,0.0026755024407894316,0.001640138661916357,0.0012662522103319106,0.029422356783704102,2.037864096057345,145.04747354851162,129.4098104194525,115.45541580790473,103.00583695898517,92.02905409914673,92.15262740369563,86.33253213295464,85.69665984516902,85.06592702410518,84.43924972592833,83.80931825063155,82.69791974616177,50.9684763745025
351571.90635451506,4.571207958694029,13001.648037073748,93.6725048711727,0.00016264871600261526,0.00021900393964235126,0.0007542143753300246,0.000714339595383423,0.004371187866045561,0.0026754049445573435,0.001640071621167095,0.001266221574451085,0.02942377902457884,2.037947348263516,145.05187914265156,129.41370662109858,115.45886054902552,103.0088818142771,92.0317531962661,92.155551206243,86.33528781845546,85.69941300738317,85.06867794703133,84.44199865475588,83.8120648218033,82.7006311439303,50.96949000024337
354501.67224080267,4.571152027906103,13116.14855930781,92.8789841980549,0.0001626447382540466,0.00021899854671909969,0.0007541953271118047,0.0007143211270232181,0.004371056491543647,0.002675313181600259,0.0016400085730846562,0.001266192954523023,0.029425135626254886,2.0380271118503295,145.05613430974097,129.41747127840756,115.46219035955956,103.01182634271963,92.034364494765,92.15838201592122,86.33795517806549,85.70207719445955,85.07133922771877,84.44465725766574,83.81472039578858,82.70325236246647,50.970485014865474
357431.43812709034,4.571099173731129,13230.465342474932,92.09218561547506,0.00016264097933743615,0.00021899345080338503,0.0007541773320417638,0.0007143036833948995,0.004370932560661184,0.0026752267020093163,0.0016399492031954949,0.001266166189748733,0.029426431583733134,2.0381036467098332,145.06024967051505,129.4211136429379,115.46541328912132,103.01467753989954,92.03689408689796,92.16112614141198,86.34054022201916,85.70465848016433,85.0739170049154,84.44723173975072,83.81729124320775,82.70578962696517,50.971462395885155
360361.20401337795,4.571049159430728,13344.598651644957,91.3120521791056,0.0001626374224109795,0.0002189886290288621,0.0007541603089372559,0.0007142871854165452,0.004370815495151469,0.002675145093327242,0.0016398932232351087,0.001266141132752332,0.02942767147648055,2.038177191164513,145.06423496996572,129.42464220392336,115.4685367245281,103.01744182585041,92.0393475641626,92.1637893775598,86.34304847072507,85.70716244294483,85.0764169164355,84.44972779944061,83.81978312235388,82.70824865377391,50.97242304380253
363290.96989966556,4.5710017678499435,13458.548752972592,90.53852742700695,0.00016263405202653625,0.00021898406042158974,0.0007541441833369163,0.0007142715605559293,0.004370704764759808,0.0026750679773831654,0.00163984036893162,0.0012661176484440263,0.02942885950348354,2.0382479637876116,145.06809915123742,129.4280647525913,115.47156744571346,103.02012509359965,92.04173005952963,92.16637704855057,86.34548499593247,85.70959420756331,85.07884414127093,84.45215067110013,83.82220132227195,82.71063469318497,50.973367788571025
366220.7357859532,4.570956799767425,13572.315913576722,89.77155537554128,0.00016263085401214812,0.0002189797257404998,0.0007541288869339637,0.0007142567422782105,0.0043705998831728024,0.002674995007396587,0.0016397903979779604,0.0012660956129801537,0.029429999515338787,2.038316165069397,145.0718504232629,129.43138844103072,115.47451167690313,103.02273275360136,92.04404628609359,92.1688940474362,86.34785445841345,85.71195848320701,85.08120343813844,84.45450516402249,83.82455070219365,82.71295256860748,50.97429739551862
369150.50167224085,4.570914072385462,13685.900401429977,89.01108051532054,0.000162627815364526,0.000218975607331403,0.0007541143570575918,0.0007142426695404964,0.004370500404311718,0.0026749258653275,0.001639743088176499,0.0012660749128119363,0.02943109504363165,2.038381978942395,145.07549632266696,129.43461983607284,115.47737513345419,103.02526977440445,92.04630057244883,92.17134487231597,86.35016114245826,85.71425959837472,85.08349918076611,84.45679569812403,83.82683572763567,82.71520671242506,50.97521257076609
372080.26755852846,4.570873417947974,13799.302485257742,88.25704780718917,0.00016262492415065945,0.00021897168899338314,0.0007541005361983717,0.0007142292863293004,0.004370405918940629,0.0026748602594516813,0.0016396982357414157,0.0012660554438153203,0.029432149327830608,2.0384455741775067,145.07904377042547,129.4377649686054,115.48016306472586,103.02774071987484,92.04849689506813,92.17373365945797,86.35240898745266,85.71650153281259,85.08573539019562,84.45902633662006,83.82906050344481,82.71740119882054,50.976113966185835
375010.0334448161,4.570834682475653,13912.522434445747,87.50940267824052,0.00016262216941777163,0.00021896795585652415,0.000754087371573917,0.0007142165412372455,0.004370316051562443,0.0026747979221418824,0.0016396556537453227,0.0012660371104949498,0.02943316533990763,2.0385071056619477,145.08249912372352,129.44082937870922,115.48288029331769,103.03014978326364,92.0506389079377,92.17606421361904,86.35460161678476,85.718687946749,85.08791576435213,84.46120081593666,83.83122880404837,82.71953977382428,50.97700218394004
377939.7993311037,4.5707977246082265,14025.560518955557,86.76809101786722,0.00016261954111090852,0.00021896439427000278,0.0007540748147313696,0.0007142043870756562,0.004370230457578344,0.002674738607837423,0.0016396151706978288,0.0012660198252558966,0.02943414580687653,2.038566715569002,145.08586822342068,129.44381815697113,115.48553125098383,103.03250081838995,92.05272996968262,92.17834003580182,86.35674236430822,85.72082220765763,85.09004370511414,84.46332257309376,83.8333441011463,82.7216258828215,50.977877780634195
380869.5652173913,4.57076241454474,14138.417009247214,86.03305917384493,0.00016261702999751038,0.00021896099169966502,0.0007540628211835803,0.0007141927805199864,0.004370148820688092,0.0026746820911860334,0.0016395766292447713,0.001266003507737352,0.029435093231425548,2.0386245344287923,145.08915643749592,129.44673598229775,115.48812001150594,103.03479736818223,92.05477316839456,92.18056434866588,86.3588342985686,85.72290741475872,85.0921223430956,84.46539477077361,83.83540958906329,82.72366269573456,50.97874127111857
383799.33110367897,4.570728633073561,14251.092176208507,85.30425394844923,0.00016261462759837445,0.00021895773663427887,0.0007540513500761083,0.0007141816817852926,0.004370070850510775,0.0026746281653433675,0.0016395398849778648,0.001265988084202982,0.0294360099108048,2.0386806821083896,145.09236870081295,129.44958715652652,115.49065032078163,103.03704269080296,92.05677134435726,92.18274011979095,86.36088024498224,85.72494642144927,85.09415456033297,84.46742032027004,83.83742820795716,82.72565313007641,50.97959313196769
386729.0969899666,4.570696270684472,14363.586291090238,84.58162259460552,0.0001626123261244624,0.0002189546184997262,0.0007540403638824273,0.000714171054329194,0.004369996280407178,0.0026745766404166703,0.0016395048053453119,0.0012659734869830833,0.029436897954116376,2.038735268708984,145.09550955151812,129.452375636106,115.493125624365,103.0392397835607,92.05872711084763,92.18487008297522,86.36288280614129,85.7269418558383,85.09614301105566,84.4694019024987,83.8394026650664,82.72759987205555,50.98043380466498
389658.8628762542,4.570665226755857,14475.899625447011,83.86511281207144,0.00016261011841905848,0.00021895162758045958,0.0007540298281249364,0.0007141608645799837,0.004369924865486674,0.002674527342040399,0.0016394712686548134,0.0012659596539641232,0.029437759298142026,2.0387883953871144,145.098583164356,129.4551050610937,115.49554909267606,103.04139140479829,92.06064287317628,92.18695675773482,86.36484438040404,85.72889613954735,85.09809014070167,84.47134198723249,83.84133545416272,82.72950539589837,50.981263698517914
392588.6287625418,4.570635408810639,14588.032451083038,83.15467274365159,0.00016260799790482122,0.00021894875494760351,0.0007540197111195772,0.0007141510816877479,0.004369856380782855,0.002674480110072499,0.0016394391631610796,0.001265946528121614,0.0294385957218325,2.0388401551064264,145.10159338116551,129.45777878169955,115.49792364407561,103.04350009392807,92.06252084611651,92.1890024671568,86.36676717891531,85.7308115049238,85.09999820332791,84.47324285071268,83.8432288733607,82.73137198153904,50.98208319332646
395518.3946488295,4.5706067318351105,14699.985040002566,82.45025097144442,0.00016260595853531248,0.00021894599239313657,0.0007540099837420515,0.0007141416772965397,0.004369790619583634,0.0026744347974011176,0.0016394083862306616,0.0012659340570926143,0.02943940885957136,2.0388906333257975,145.10454373879398,129.46039988258255,115.50025196598777,103.04556818977187,92.0643630698586,92.19100935424555,86.3686532411904,85.73269001080098,85.1018692775503,84.47510659177289,83.84508504142391,82.7332017308161,50.98289264182564
398448.1605351171,4.570579117655314,14811.757664364512,81.75179651312101,0.00016260399475062547,0.00021894333236963969,0.0007540006192138135,0.0007141326253358218,0.004369727391902635,0.0026743912688523422,0.0016393788435775337,0.0012659221927844911,0.029440200213317228,2.038939908629261,145.10743749464976,129.4629712050918,115.50253653423522,103.04759784734908,92.0661714246142,92.19297939688953,86.37050444938357,85.73453355692803,85.10370528113877,84.47693514660239,83.8469059126942,82.73499658230158,50.98369237192185
401377.9264214047,4.570552494366114,14923.350596440961,81.05925881823495,0.0001626021014367627,0.00021894076793513623,0.0007539915929061443,0.0007141239018295342,0.004369666523079888,0.0026743494001903734,0.0016393504485633815,0.0012659108910168348,0.029440971163719337,2.038988053302645,145.11027765009217,129.46549536762527,115.5047796307385,103.0495910532451,92.06794764398602,92.19491442156621,86.3723225413536,85.73634389718295,85.10550798438094,84.47873030226351,83.8486932907616,82.73675832487834,50.98448268873974
404307.6923076923,4.570526795808529,15034.764108579186,80.37258776456468,0.00016260027388844875,0.000218938292702596,0.0007539828821608026,0.000714115484721323,0.004369607852501002,0.0026743090772024026,0.0016393231215572062,0.0012659001111937536,0.029441722980292025,2.0390351338613635,145.11306697184094,129.46797478426532,115.50698335971673,103.0515496396777,92.06969332720502,92.19681611588962,86.37410912262592,85.73812265166983,85.10727902231741,84.4804937090681,83.85044884097988,82.7384886101716,50.985263876496354
407237.4581939799,4.5705019610909385,15145.998473166848,79.69173365448408,0.0001625985077750668,0.00021893590079368147,0.0007539744661257367,0.000714107353714436,0.004369551232423942,0.002674270194860416,0.0016392967893487853,0.0012658898160037575,0.029442456830734032,2.0390812115338455,145.11580801158507,129.47041168184643,115.50914966252621,103.05347529738181,92.07140995033934,92.19868604010655,86.37586567735212,85.73987131780181,85.10901990595124,84.48222689191566,83.85217410193226,82.74018896393694,50.986036200217676
410167.2240802676,4.570477934150982,15257.05396260026,79.01664721136687,0.00016259679910949102,0.0002189335867964267,0.0007539663256047751,0.0007140994901252529,0.004369496526905745,0.0026742326565544236,0.0016392713846121298,0.0012658799711452397,0.029443173789453898,2.0391263427037662,145.11850312392093,129.4728081155694,115.51128033123508,103.05536958739611,92.0730988765489,92.20052563761696,86.37759357833914,85.7415912804435,85.11073203250562,84.48393126066904,83.8538704959236,82.74186079648175,50.98679990730921
413096.9899665552,4.5704546633542895,15367.930849255177,78.34727957602068,0.00016259514421953974,0.00021893134572647429,0.0007539584429199437,0.0007140918767491173,0.004369443610819499,0.0026741963733902386,0.001639246845414142,0.0012658705450750984,0.0294438748453773,2.0391705793150243,145.12115448277927,129.47516598329966,115.51337702105421,103.05723395185728,92.0747613654758,92.20233624461113,86.37929409623676,85.74328382120177,85.11241669482051,84.48560811965885,83.85553933859148,82.74350541221078,50.98755522899447
416026.7558528428,4.5704321011361255,15478.629405460017,77.68358230422675,0.00016259353972248252,0.00021892917299245928,0.0007539508017885303,0.0007140844977405407,0.004369392368976667,0.0026741612635625195,0.001639223114775944,0.001265861508784317,0.02944456090891711,2.0392139692332574,145.12376409608757,129.477487038332,115.51544126143521,103.05906972363687,92.07639858162875,92.20411909867644,86.38096840774121,85.74495012672098,85.11407508974189,84.48725867616896,83.85718184748696,82.74512401814904,50.98830238159825
418956.52173913043,4.570410203652297,15589.149903471425,77.02550736203322,0.0001625919825002072,0.00021892706436229064,0.0007539433872033193,0.0007140773384964956,0.004369342695272072,0.002674127251744058,0.0016392001402456152,0.0012658528355793807,0.029445232818760037,2.0392565565979037,145.12633382005316,129.4797729018209,115.51747446687777,103.06087813572606,92.07801160254917,92.20587534718749,86.38261760359539,85.7465912967737,85.11570832630403,84.48888404871174,83.8587991504415,82.74671773225116,50.9890415677994
421886.2876254181,4.570388930457026,15699.492615452622,76.3730071203754,0.00016259046967630612,0.00021892501593203647,0.0007539361853220905,0.0007140703855487398,0.0043692944918950274,0.002674094268522264,0.00163917787350391,0.0012658445008806138,0.029445891348137163,2.039298382147533,145.12886537236744,129.4820250742712,115.51947794691493,103.06266032990304,92.0796014263488,92.20760605504057,86.38424269596361,85.74820835172152,85.11731743327829,84.49048527466587,83.8603922932921,82.74828759107439,50.98977297779085
424816.0535117057,4.570368244219168,15809.65781345377,75.72603435058036,0.00016258899859588984,0.00021892302409851536,0.0007539291833702701,0.0007140636264689539,0.004369247668634471,0.002674062249902908,0.0016391562700171192,0.0012658364820446533,0.02944653721034046,2.039339483505931,145.13136034380693,129.48424494564182,115.52145291490295,103.06441736436807,92.08116897835369,92.20931221148227,86.38584462493694,85.74980223908815,85.11890336581733,84.49206331699554,83.86196224667614,82.74983455652897,50.990496790295424
427745.8193979933,4.570348110532229,15919.645769390505,75.08454223015161,0.00016258756681207192,0.0002189210855409447,0.0007539223695757739,0.0007140570498052661,0.004369202142414584,0.002674031136978622,0.0016391352888051498,0.0012658287582457616,0.02944717106240425,2.0393798953728037,145.13382020594702,129.4864338020716,115.52340049387433,103.06615021882962,92.08271511553207,92.21099473466403,86.38742426286716,85.75137383793898,85.12046700988202,84.49361906872515,83.86350991055352,82.75135952036713,50.99121317323048
430675.58528428094,4.57032849762102,16029.456755028126,74.44848433279961,0.00016258617206510426,0.0002189191971926095,0.0007539157330683704,0.0007140506449841745,0.004369157836575742,0.0026740008754152444,0.001639114892082299,0.0012658213102919983,0.029447793510794656,2.039419649819122,145.1362463231658,129.48859283630833,115.52532172560096,103.06785980237814,92.08424063335083,92.21265447871473,86.38898242112786,85.75292396572257,85.12200918915836,84.49515335993152,83.86503612127255,82.75286331119662,50.991922284772635
433605.3511705686,4.570309376116761,16139.091041966598,73.8178146236421,0.00016258481226638104,0.0002189173562191431,0.0007539092638025568,0.0007140444022354091,0.004369114680324785,0.002673971415059346,0.0016390950449826044,0.0012658141204848128,0.02944840511579427,2.039458776514824,145.1386399618978,129.4907231557641,115.52721757758225,103.06954695953463,92.0857462710229,92.21429223910813,86.39051985522411,85.75445338344956,85.12353067031259,84.49666696307307,83.86654165696746,82.75434669984556,50.992624274176094
436535.1170568562,4.570290718876888,16248.54890162557,73.19248745819094,0.00016258348548562173,0.00021891556000112373,0.0007539029524957549,0.0007140383125317062,0.004369072608293835,0.002673942709623232,0.0016390757153396495,0.0012658071725065475,0.029449006394996737,2.0394973029097243,145.14100229794872,129.49282578890276,115.52908894862303,103.07121247511338,92.08723271574584,92.21590875703156,86.39203726894024,85.75596279986031,85.1250321671845,84.49816059722232,83.8680272418402,82.75581040362242,50.99331928240277
439464.88294314384,4.570272500799214,16357.830605231353,72.57245757858354,0.0001625821899376534,0.00021891380611612722,0.000753896790564572,0.000714032367526708,0.004369031560085566,0.0026739147163601876,0.0016390568734593151,0.0012658004513040066,0.02944959782690481,2.0395352544201235,145.14333442406132,129.4949016918167,115.53093667454515,103.0728570791824,92.0887006070276,92.21750472385669,86.3935353186221,85.7574528757717,85.12651434518708,84.49963493250516,83.86949355063203,82.75725509074107,50.994007442784735
442394.64882943145,4.570254698655385,16466.93642380486,71.95768011032065,0.00016258092397056546,0.00021891209232264362,0.0007538907700676909,0.0007140265594993159,0.004368991479865968,0.0026738873957738475,0.001639038491916599,0.0012657939429846102,0.029450179854160305,2.0395726545965824,145.14563735674878,129.4969517541648,115.53276153334097,103.07448145152857,92.09015054056044,92.21908078512054,86.3950146169656,85.75892422791077,85.12797782519583,84.50109059405304,83.87094121263463,82.75868138431103,50.994688881638034
445324.41471571906,4.570237290938661,16575.866628150572,71.34811055906772,0.00016257968605488254,0.00021891041654537648,0.000753884883653664,0.0007140208813028275,0.004368952315991987,0.0026738607113523634,0.001639020545369723,0.0012657876347213555,0.029450752886498652,2.039609525277189,145.14791204250304,129.49897680459316,115.53456424989443,103.07608622576082,92.09158307179193,92.22063754420316,86.39647573651482,85.7603774324399,85.12942318710111,84.50252816558537,83.87237081531127,82.76008986594069,50.995363718800064
448254.18060200673,4.570220257723149,16684.621488846424,70.7437048074036,0.00016257847477355375,0.00021890877686164974,0.0007538791245126414,0.0007140153263179043,0.004368914020667166,0.0026738346293225627,0.0016390030103881831,0.0012657815146648091,0.029451317303471482,2.0396458867285556,145.15015936350434,129.500977615702,115.53634550030566,103.07767199307473,92.09299871920986,92.2221755657239,86.39791921290585,85.7618130282416,85.13085097313073,84.50394819276679,83.87378290768179,82.76148107908703,50.99603206812866
451183.94648829434,4.5702035805350265,16793.20127623446,70.14441911161282,0.0001625772888127929,0.00021890717148897152,0.000753873486332216,0.0007140098884095514,0.004368876549626934,0.0026738091184253516,0.0016389858652957206,0.0012657755718627824,0.02945187345693942,2.039681757775398,145.15238014290097,129.50295490863388,115.53810591586821,103.0792393056957,92.09439796733137,92.22369537862417,86.39934554780686,85.7632315198956,85.13226169086676,84.50535118626493,83.87517800342151,82.76285553213836,50.99669403797554
454113.71237458196,4.57018724223669,16901.60626041249,69.55021009856557,0.0001625761269538405,0.00021890559877384808,0.0007538679632577005,0.0007140045618884188,0.004368839861855377,0.002673784149713588,0.001638969090029031,0.0012657697961881089,0.02945242167331532,2.0397171559168363,145.1545751495197,129.50490935718463,115.53984608665267,103.08078867999666,92.09578126941723,92.22519747896581,86.40075521157794,85.76463338036099,85.13365581595225,84.50673762448505,83.87655658362574,82.76421370116127,50.99734973159637
457043.47826086957,4.570171226917849,17009.836711226242,68.96103476254942,0.00016257498806521704,0.0002189040571812656,0.0007538625498547773,0.0007139993414744129,0.004368803919318975,0.0026737596963620695,0.0016389526660048844,0.0012657641782706352,0.029452962255668493,2.0397520974355228,145.15674510229448,129.5068415916559,115.54156656485593,103.0823205994081,92.09714905000746,92.2266823325563,86.40214864577858,85.76601905351401,85.1350337946577,84.50810795616263,83.87791909942686,82.76555603249555,50.99799924754046
459973.24414715724,4.570155519796966,17117.892898262213,68.37685046216173,0.00016257387109571382,0.00021890254528517445,0.0007538572410757161,0.0007139942222637847,0.0043687686867258406,0.002673735733495721,0.001638936576000035,0.0012657587094357945,0.029453495485628877,2.0397865974965077,145.15889067428506,129.5087522023525,115.54326786784024,103.08383551705575,92.09850170721508,92.22815037731843,86.40352626542473,85.76738895643099,85.13639604619104,84.50946260270246,83.87926597436179,82.76688294510649,50.99864268000813
462903.01003344485,4.570140107130775,17225.775090841184,67.79761491722697,0.00016257277506795872,0.00021890106175975196,0.000753852032228347,0.0007139891996989036,0.004368734131304635,0.002673712238031896,0.0016389208040409908,0.0012657533816482322,0.029454021625134413,2.0398206702378925,145.1610124963566,129.5106417427883,115.54495048092281,103.085333858184,92.09983961483557,92.22960202547239,86.40488846106757,85.76874348148816,85.13774296481951,84.51080196032302,83.88059760653934,82.76819483273735,50.99928011917426
465832.77591973246,4.5701249761312095,17333.483558012183,67.22328620573431,0.0001625716990725074,0.00021889960537138043,0.0007538469189475816,0.0007139842695405135,0.0043687002226016364,0.002673689188535569,0.0016389053353027914,0.0012657481874600138,0.029454540918033713,2.039854328853994,145.16311116055599,129.51251073262594,115.54661485993277,103.086816022378,92.10116312428191,92.23103766553993,86.40623560070377,85.77008299829305,85.13907492182227,84.51212640203046,83.88191437063502,82.76949206588917,50.99991165148678
468762.5418060201,4.570110114889276,17441.018568547024,66.65382276080375,0.00016257064226243004,0.0002188981749712971,0.0007538418971693149,0.0007139794278423119,0.004368666932294857,0.002673666565086768,0.001638890156016363,0.0012657431199632307,0.02945505359155323,2.0398875856714893,145.1651872232055,129.51435966036988,115.54826143355305,103.08828238559748,92.10247256635459,92.23245766417844,86.40756803152381,85.77140785545218,85.1403922672778,84.5134362794261,83.8832166197184,82.77077499363519,51.00053735994061
471692.3076923077,4.570095512305192,17548.38039093525,66.08918336767462,0.00016256960384834277,0.00021889676948884905,0.0007538369631064808,0.0007139746709276218,0.004368634234023481,0.0026736443491589177,0.0016388752533834977,0.0012657381727465033,0.02945555985764301,2.0399204522192687,145.1672412077406,129.51618898583834,115.54989060547021,103.08973330204428,92.10376825286752,92.23386236786692,86.4088860815178,85.77271838219394,85.14169533170458,84.5147319243654,83.88450468693,82.77204394528611,51.00115732432929
474622.07357859536,4.570081158024395,17655.569293379496,65.52932716072216,0.00016256858309385706,0.00021889538792531374,0.0007538321132271108,0.0007139699953680223,0.004368602103231649,0.002673622523507433,0.0016388606154990103,0.0012657333398551542,0.029456059914208268,2.0399529392923514,145.16927360730702,129.51799914242446,115.55150275634176,103.0911691058718,92.10505047813623,92.23525210445038,86.41019006094758,85.77401488985662,85.14298442756507,84.51601365047814,83.88577888701799,82.7732992319152,51.00177162147513
477551.83946488297,4.570067042378573,17762.585543791254,64.97421362048539,0.00016256757931138596,0.0002188940293482057,0.0007538273442341261,0.0007139653979636606,0.0043685705170245556,0.002673601072067117,0.0016388462312790448,0.0012657286157545247,0.029456553946243164,2.0399850570107523,145.17128488715227,129.51979053917944,115.55309824560779,103.09259011275877,92.10631952034822,92.23662718456346,86.41148026370308,85.77529767325927,85.1442598506516,84.51728175456985,83.88703951775432,82.77454114776444,51.00238032544146
480481.6053511706,4.570053156333114,17869.429409787066,64.42380257080733,0.00016256659185840688,0.00021889269288620324,0.0007538226530473253,0.0007139608757257125,0.004368539454040284,0.0026735799798607773,0.0016388320903972416,0.001265723995297312,0.029457042126839753,2.0400168148718527,145.17327548675496,129.52156356266676,115.55467741310429,103.09399662131116,92.1075756427837,92.23798790289986,86.41275696851159,85.77656701192397,85.14552188132186,84.51853651787054,83.88828686119686,82.77576997149741,51.0029835077223
483411.3712374582,4.570039491436246,17976.101158684844,63.8780541758527,0.00016256562013384522,0.00021889137772423725,0.0007538180367859513,0.0007139564258593984,0.004368508894325715,0.0026735592329107747,0.0016388181832229416,0.0012657194736919472,0.02945752461816419,2.0400482218010887,145.17524582188554,129.52331857875697,115.55624058062429,103.09538891441883,92.10881909499668,92.23933453944174,86.41402044010947,85.77782317125987,85.14677078569567,84.51977820724456,83.88952118491218,82.77698596741295,51.00358123742577
486341.13712374587,4.570026039773775,18082.601057500604,63.33692893722619,0.00016256466357485484,0.00021889008309912148,0.0007538134927531792,0.0007139520457488775,0.00436847881922618,0.002673538818160372,0.0016388045007662546,0.0012657150464744837,0.029458001572324533,2.0400792861970216,145.17719628643917,129.52505593422384,115.55778805330621,103.09676726046129,92.11005011386519,92.24066736055286,86.4152709302836,85.77906640361621,85.1480068167194,84.52100707626664,83.89074274306317,82.778189386525,51.00417358143761
489270.9030100335,4.570012793927977,18188.929372945477,62.800387691138766,0.00016256372165389542,0.0002188888082955842,0.0007538090184220331,0.0007139477329435302,0.0043684492112852705,0.0026735187234023274,0.0016387910346281876,0.0012657107094830747,0.02945847313215779,2.0401100159722003,145.17912725409766,129.52677595819253,115.55932012089444,103.0981319144036,92.11126892454554,92.2419866199745,86.4165086788196,85.78029694923971,85.14923021513353,84.5222233662,83.89195177739705,82.77938046754325,51.00476060456972
492200.6688963211,4.569999746939279,18295.08637142295,62.268391605568844,0.000162562793876007,0.00021888755264256788,0.0007538046114222489,0.0007139434851451662,0.004368420054151449,0.002673498937212372,0.0016387777769541988,0.0012657064588342008,0.02945893943196235,2.0401404185912075,145.18103907987702,129.52847896348746,115.56083705891164,103.09948311881551,92.11247574136027,92.24329255975226,86.41773391438544,85.78151503716799,85.1504412103753,84.52342730690825,83.89314851816721,82.78055943778789,51.00534236969846
495130.4347826087,4.5699868922711655,18401.072319026305,61.740902177450025,0.00016256187977631487,0.00021888631550984194,0.0007538002695282559,0.0007139393001963169,0.004368391332492591,0.002673479448888304,0.0016387647203916643,0.0012657022909008972,0.029459400598168466,2.0401705011054907,145.18293210154593,129.53016524786744,115.56233912973366,103.10082110480478,92.11367076861087,92.24458541108606,86.41894685534072,85.78272088604737,85.15164002140567,84.52461911769154,83.8943331849777,82.78172651402795,51.00591893789228
498060.2006688964,4.569974223777963,18506.887481536305,61.217881229881975,0.00016256097891773812,0.0002188850963048924,0.000753795990648135,0.000713935176069486,0.004368363031917504,0.002673460248394116,0.0016387518580508829,0.001265698202292793,0.029459856749952894,2.0402002701852995,145.18480664092544,129.53183509515856,115.56382658357491,103.1021460928745,92.11485420132458,92.24586539511064,86.42014771048032,85.78391470488391,85.15282685746796,84.52579900805338,83.8955059875585,82.78288190325067,51.00649036852818
500989.966555184,4.569961735675298,18612.53212441901,60.699290909369516,0.0001625600908888892,0.0002188838944700699,0.000753791772813498,0.0007139311108572929,0.004368335138904059,0.0026734413263087976,0.0016387391834693287,0.0012656941898378114,0.02946030799980146,2.04022973214891,145.18666300507894,129.53348877629085,115.56529965939133,103.10345829370746,92.1160262259378,92.24713272361284,86.42133667971717,85.78509669373348,85.15400191878483,84.52696717840462,83.89666712647632,82.78402580336697,51.007056719399124
503919.7324414716,4.56994942251295,18718.006512823853,60.18509368308283,0.0001625592153021435,0.0002188827094799688,0.0007537876141701893,0.0007139271027634176,0.004368307640733079,0.0026734226737792706,0.0016387266905788175,0.001265690250565358,0.029460754454025698,2.040258892989478,145.1885014874065,129.53512655025153,115.56675858570927,103.1047579088869,92.11718702092433,92.2483875996899,86.42251395471003,85.78626704433572,85.15516539719957,84.52812382071156,83.89781679378947,82.78515840386102,51.00761804681263
506849.4983277592,4.569937279149888,18823.31091158176,59.67525233614115,0.00016255835179186345,0.0002188815408390173,0.000753783512969731,0.0007139231500942734,0.004368280525427676,0.0026734042824772095,0.0016387143736753653,0.0012656863816908866,0.029461196213236736,2.040287758399683,145.1903223686491,129.5367486649599,115.56820358138737,103.10604513155877,92.11833675737195,92.24963021835592,86.42367971944016,85.78742594069703,85.15631747676443,84.52926911909073,83.89895517364897,82.78627988638705,51.008174405682006
509779.2642140468,4.569925300731344,18928.445585203564,59.16972996891928,0.0001625575000127697,0.0002188803880792653,0.000753779467561475,0.0007139192512513647,0.004368253781697487,0.0026733861445593487,0.001638702227391506,0.001265682580601726,0.029461633372780304,2.0403163337943258,145.19212591781022,129.5383553580711,115.56963485631569,103.10732014703957,92.11947559951258,92.25086076709911,86.42483415074261,85.78857355962677,85.15745833428278,84.53040325035619,83.90008244285096,82.78739042531738,51.00872584960961
512709.0301003345,4.569913482667753,19033.410797878387,58.66848999437692,0.00016255665963844167,0.0002188792507583498,0.0007537754763853842,0.0007139154047242582,0.004368227398887488,0.00267336825263107,0.0016386902466708811,0.0012656788448440637,0.0294620660231354,2.0403446243310785,145.19391239300148,129.53994685771238,115.57105261205749,103.10858313337455,92.12060370520851,92.25207942639484,86.42597741879446,85.78971007123064,85.15858813980702,84.53152638452302,83.90119877134563,82.78849018824704,51.00927243096407
515638.7959866221,4.569901820615351,19138.206813472254,58.17149613540842,0.0001625558303599392,0.00021887812845762316,0.0007537715379653927,0.0007139116090841199,0.004368201366930886,0.0026733505997128828,0.0016386784267448738,0.001265675172110979,0.029462494250280982,2.0403726349295472,145.19568204222162,129.54152338316214,115.57245704243951,103.1098342618508,92.12172122639988,92.25328637017743,86.42710968756418,85.79083563936463,85.15970705709769,84.53263868527078,83.90230432270494,82.78957933645835,51.009814200951375
518568.5618729097,4.569890310458436,19242.833895526815,57.67871242222576,0.00016255501188454022,0.00021887702078043995,0.0007537676509033257,0.0007139078629777971,0.0043681756763060105,0.002673333179209777,0.0016386667631112305,0.001265671560231494,0.02946291813603095,2.0404003702887032,145.19743510406735,129.5430851454701,115.57384833409235,103.11107369746728,92.12282830951419,92.25448176627363,86.42823111522416,85.79195042205122,85.16081524404343,84.53374031036797,83.90339925455169,82.790658025346,51.010351209679925
521498.32775919733,4.569878948292887,19347.292307258103,57.19010318974504,0.00016255420393457016,0.00021887592735056775,0.0007537638138732641,0.0007139041651223304,0.004368150317996383,0.0026733159848828228,0.0016386552515142657,0.0012656680071604293,0.029463337758344046,2.0404278349030096,145.1991718083926,129.54463234803094,115.57522666695003,103.11230159936952,92.1239250958456,92.25566577680394,86.42934185453302,85.79305457186587,85.16191285305142,84.53483141206621,83.90448371895711,82.79172640481188,51.01088350622117
524428.093645485,4.569867730411283,19451.582311555474,56.70563307503685,0.00016255340624634149,0.0002188748478107482,0.0007537600256164402,0.0007139005142999887,0.0043681252834545685,0.0026732990108234884,0.0016386438879269613,0.0012656645109692345,0.029463753191603912,2.0404550330769995,145.20089237690416,129.54616518710472,115.57659221470303,103.11351812124326,92.1250117218979,92.25683855854687,86.43044205318222,85.79414823628679,85.1630000314007,84.53591213745713,83.90555786280166,82.79278461962258,51.011411138664556
527357.8595317726,4.569856653288589,19555.70417098051,56.22526701468777,0.00016255261856913843,0.00021887378182131826,0.0007537562849363445,0.0007138969093535036,0.004368100564567501,0.0026732822514289887,0.00163863266853379,0.0012656610698371846,0.02946416450688748,2.0404819689392544,145.20259702373392,129.54768385231475,115.57794514523171,103.11472341169205,92.12608831971413,92.25800026328928,86.43153185412939,85.79523155803155,85.16407692158185,84.53698262881545,83.90662182812109,82.79383280975296,51.011934154170575
530287.6254180602,4.569845713569804,19659.658147766157,55.74897024233272,0.00016255184066433622,0.0002188727290590151,0.000753752590694493,0.0007138933491819517,0.004368076153626546,0.0026732657013810238,0.0016386215897158964,0.001265657682043789,0.02946457177219659,2.04050864645446,145.2042859559315,129.54918852707797,115.57928562098166,103.1159176145634,92.12715501716073,92.25915103812866,86.43261139588635,85.79630467534778,85.16514366159076,84.5380430238957,83.90767575240605,82.79487111068308,51.012452599016555
533217.3913043479,4.5698349080581,19763.444503815826,55.27670828612778,0.0001625510723045596,0.00021887168921583375,0.0007537489418063699,0.0007138898327368071,0.004368052043298803,0.0026732493556253993,0.0016386106480369134,0.0012656543459615194,0.02946497505267882,2.0405350694349207,145.20595937393637,129.55067938901612,115.58061379932163,103.11710086926038,92.12821193819988,92.2602910257646,86.43368081279611,85.79736772229275,85.16620038521057,84.53909345621653,83.90871976888934,82.79589965368301,51.012966518640695
536147.1571906355,4.569824233703957,19867.063500702596,54.808446966245164,0.00016255031327290883,0.0002188706619979773,0.0007537453372377076,0.0007138863590183198,0.004368028226600803,0.0026732332093533616,0.0016385998402299528,0.0012656510600491395,0.02946537441083045,2.040561241551132,145.2076174720111,129.55215661033404,115.58192983287287,103.11827331102857,92.12925920313938,92.26142036476567,86.43474023528715,85.79842082899006,85.16724722227109,84.54013405532308,83.90975400681025,82.79691856607486,51.01347595768292
539076.9230769231,4.56981368759518,19970.51539966846,54.34415239240201,0.0001625495633622506,0.00021886964712489307,0.0007537417760010715,0.0007138829270721937,0.00436800469687436,0.0026732172579844436,0.0016385891631856744,0.0012656478228455928,0.029465769906681896,2.0405871663414534,145.2092604386381,129.55362035816515,115.58323386981078,103.11943507121792,92.13029692886161,92.26253918981497,86.43578979010694,85.79946412186533,85.16828429888642,84.54116494702654,83.9107785916567,82.79792797147327,51.01398096002217
542006.6889632107,4.569803266947706,20073.800461623676,53.883790961408955,0.00016254882237456408,0.00021886864432838654,0.0007537382571527131,0.0007138795359865249,0.004367981447764379,0.00267320149715074,0.0016385786139413378,0.0012656446329643838,0.02946616159796816,2.040612847220996,145.21088845688453,129.55507079489064,115.58452605414234,103.12058627752505,92.13132522903459,92.26364763193713,86.43682960053765,85.8004977238639,85.16931173767489,84.54218625362608,83.91179364538914,82.79892799000686,51.01448156881106
544936.4548494983,4.569792969097115,20176.91894714611,53.42732935473611,0.00016254809012033694,0.00021886765335180105,0.000753734779789668,0.0007138761848889788,0.004367958473198344,0.0026731859226823422,0.0016385681896706648,0.0012656414890883816,0.029466549540285988,2.0406382874898266,145.21250170473942,129.55650807843267,115.5858065259623,103.12172705421568,92.13234421430673,92.26474581870778,86.43785978659594,85.80152175465223,85.17032965796211,84.54319809411415,83.91279928664744,82.7999187385235,51.01497782650803
547866.220735786,4.569782791490796,20279.871116480674,52.97473453610196,0.00016254736641800884,0.00021886667394926214,0.0007537313430470722,0.0007138728729441788,0.004367935767367402,0.002673170530593947,0.001638557887674536,0.0012656383899650508,0.029466933787238265,2.0406634903405036,145.21410035542357,129.55793236252546,115.5870754216891,103.12285752233056,92.13335399248614,92.2658338744477,86.43888046521694,85.80253633080372,85.17133817596849,84.54420058436527,83.91379563094176,82.80090033077963,51.015469774907125
550795.9866220736,4.569772731680735,20382.657229538774,52.52597374908222,0.00016254665109345813,0.0002188657058849819,0.0007537279460957005,0.0007138695993513135,0.0043679133247090055,0.0026731553170725496,0.0016385477053724176,0.0012656353344020477,0.029467314390566757,2.040688458865009,145.21568457767512,129.5593437969644,115.58833287428229,103.12397779987455,92.13435466870611,92.26691192040157,86.439891750425,85.80354156597073,85.17233740498283,84.54519383731136,83.91478279082902,82.80187287761488,51.015957455165534
553725.7525083612,4.569762787316843,20485.277545897818,52.081014514741376,0.0001625459439795276,0.00021886474893261445,0.00075372458813968,0.0007138663633419098,0.004367891139890801,0.0026731402784660302,0.0016385376402944462,0.001265632321263167,0.029467691400274464,2.0407131960611498,145.2172545360132,129.56074252783606,115.58957901344289,103.1250880019912,92.1353463455776,92.26798007490393,86.44089375349074,85.80453757104318,85.17332745552234,84.54617796310328,83.91576087607588,82.80283648711385,51.01644090782923
556655.5183946489,4.569752956140788,20587.73232480077,51.6398246292789,0.00016254524491558572,0.00021886380287466114,0.0007537212684143824,0.0007138631641777879,0.004367869207795814,0.0026731254112726723,0.0016385276900741323,0.0012656293494645908,0.029468064864738436,2.0407377048384445,145.21881039098128,129.56212869773043,115.59081396579886,103.12618824112448,92.13632912333038,92.26903845353272,86.44188658307763,85.80552445429619,85.17430843548135,84.54715306926052,83.91672999381008,82.80379126475569,51.01692017285678
559585.2842809365,4.569743235980305,20690.021825155705,51.20237216169958,0.00016254455374712236,0.0002188628675019219,0.000753717986184481,0.0007138600011491692,0.004367847523508769,0.0026731107121314747,0.0016385178524416346,0.0012656264179714415,0.02946843483081337,2.0407619880235557,145.2203522993711,129.56350244593713,115.59203785507593,103.1272786271675,92.13730309994328,92.27008716925152,86.44287034537682,85.80650232152607,85.17528045026859,84.54811926081001,83.91769024865982,82.8047373135526,51.017395289641485
562515.0501672241,4.569733624743898,20792.14630553545,50.76862545147581,0.0001625438703253714,0.00021886194261298278,0.0007537147407421357,0.000713856873572911,0.004367826082303294,0.002673096177813104,0.0016385081252174815,0.0012656235257945585,0.029468801343928385,2.040786048365345,145.22188041443212,129.56486390862784,115.59325080225669,103.12835926760145,92.13826837126548,92.27112633254258,86.44384514423378,85.80747127617808,85.17624360293594,84.54907664041566,83.91864174288474,82.80567473417922,51.01786629703221
565444.8160535117,4.56972412041608,20894.106024177185,50.33855310632437,0.000162543194506973,0.00021886102801375821,0.00075371153140537,0.0007138537807909305,0.0043678048796306065,0.0026730818052119023,0.0016384985063070206,0.0012656206719876485,0.02946916444817244,2.040809888539359,145.22339488605752,129.56621321901866,115.5944529257227,103.12943026761909,92.13922503112458,92.27215605152534,86.44481108126087,85.80843141945972,85.17719799429278,84.55002530849376,83.91958457649218,82.80660362508794,51.018333233351925
568374.5819397994,4.5697147210527955,20995.901238982155,49.91212399988347,0.00016254252615364748,0.00021886012351704834,0.0007537083575165041,0.0007138507221686813,0.004367783911108422,0.0026730675913380435,0.0016384889936949774,0.001265617855644492,0.029469524186377632,2.0408335111521803,145.22489586096432,129.5675505075282,115.59564434139237,103.13049173024531,92.14017317143217,92.27317643207337,86.44576825594818,85.80938285045255,85.17814372301831,84.55096536332614,83.92051884735108,82.80752408262171,51.01879613641594
571304.347826087,4.569705424776968,21097.532207515287,49.489307269302145,0.00016254186513187902,0.0002188592289421095,0.0007537052184406324,0.0007138476970936734,0.0043677631725103395,0.0026730535333100353,0.0016384795854402542,0.0012656150758962714,0.029469880600199314,2.040856918745648,145.22638348286938,129.56887590193006,115.59682516285365,103.131543756453,92.14111288228492,92.2741875779253,86.44671676576984,85.81032566621924,85.1790808857699,84.55189690116953,83.92144465130222,82.80843620112297,51.01925504355014
574234.1137123746,4.5696962297752295,21198.999187005,49.07007231334841,0.00016254121131268305,0.0002188583441143391,0.000753702113564512,0.000713844704974393,0.004367742659758048,0.002673039628349231,0.0016384702796721287,0.0012656123319096232,0.02947023373017422,2.0408801137998944,145.22785789261536,129.57018952746432,115.59799550146181,103.13258644524772,92.14204425203904,92.27518959076808,86.44765670626184,85.81125996188213,85.18000957726208,84.55282001633493,83.9223620822384,82.80934007301335,51.01970999160349
577163.8795986623,4.569687134294267,21300.302434342917,48.65438879015941,0.00016254056457134632,0.00021885746886492302,0.0007536990422953087,0.0007138417452390845,0.004367722368912539,0.0026730258737736267,0.0016384610745859593,0.0012656096228844266,0.02947058361578558,2.040903098736768,145.22931922831322,129.57149150696205,115.59915546644861,103.13361989376382,92.14296736739433,92.2761825703313,86.44858817111201,85.81218583071328,85.18092989035681,84.55373480127871,83.92327123219582,82.81023578888397,51.02016101696316
580093.6454849498,4.56967813663708,21401.44220608359,48.242226614823394,0.0001625399247871605,0.00021885660303047388,0.0007536960040593214,0.0007138388173345121,0.004367702296165198,0.0026730122669915775,0.0016384519684388284,0.0012656069480515679,0.029470930295529694,2.0409258759233393,145.23076762548908,129.57278196097275,115.6003051650329,103.13464419736076,92.14388231347873,92.27716661448129,86.44951125225002,85.81310336422563,85.18184191615569,84.55464134669508,83.92417219144737,82.81112343758751,51.020608155569796
583023.4113712375,4.56966923515995,21502.418758444277,47.83355595719916,0.00016253929184320733,0.00021885574645273987,0.000753692998300947,0.0007138359207249505,0.004367682437830518,0.0026729988054966557,0.0016384429595459782,0.0012656043066711052,0.029471273806970667,2.0409484476747863,145.23220321720555,129.5740610078705,115.60144470251333,103.13565944970347,92.14478917391834,92.27814181929878,86.45042603992097,85.81401265224753,85.18274574407532,84.55553974159268,83.92506504857963,82.81200310631469,51.02105144293076
585953.1772575252,4.5696604282696605,21603.23234730477,47.42834723983321,0.00016253866562616068,0.00021885489897833572,0.0007536900244817339,0.0007138330548912712,0.004367662790339586,0.002672985486863079,0.001638434046277657,0.0012656016980306583,0.0294716141867887,2.0409708162569316,145.23362613416754,129.57532876394748,115.60257418235024,103.13666574283403,92.14568803090016,92.2791082791498,86.45133262275182,85.81491378298887,85.18364146191362,84.5564300733613,83.92594989056064,82.81287488066137,51.02149091413124
588882.9431438127,4.569651714420936,21703.883228207167,47.026571135850325,0.0001625380460261042,0.0002188540604584964,0.000753687082079504,0.0007138302193300861,0.004367643350233883,0.0026729723087413463,0.0016384252270560983,0.0012655991214438533,0.029471951470825406,2.040992983888625,145.23503650482206,129.5765853435011,115.60369370624277,103.13766316723972,92.14657896523217,92.28006608675392,86.4522310878164,85.81580684310624,85.184529155915,84.55731242783676,83.92682680280467,82.81373884469276,51.02192660384485
591812.7090301004,4.569643092113941,21804.371656355765,46.628198566822284,0.0001625374329363532,0.00021885323074883456,0.0007536841705875007,0.0007138274135529209,0.0043676241141593864,0.002672959268854084,0.0016384165003526484,0.001265596576248838,0.029472285694127045,2.041014952744028,145.23643445545443,129.57783085891813,115.60480337420165,103.13865181191669,92.14746205639945,92.28101533324877,86.45312152069725,85.81669191776554,85.18540891083335,84.55818688936459,83.9276958692358,82.81459508100569,51.02235854634429
594742.4749163879,4.569634559891942,21904.697886616836,46.233200700650315,0.00016253682625328928,0.00021885240970911663,0.0007536812895135937,0.0007138246370854433,0.004367605078861038,0.0026729463649921665,0.001638407864685087,0.0012655940618069089,0.02947261689098516,2.04103672495477,145.23782011028027,129.57906542075455,115.60590328461892,103.13963176443004,92.14833738261655,92.2819561082494,86.45400400554189,85.81756909069924,85.18628080999041,84.55905354085894,83.92855717234778,82.8154436707879,51.02278677551212
597672.2408026756,4.569626116339174,22004.86217351852,45.84154894947507,0.00016253622587620786,0.0002188515972030558,0.0007536784383795482,0.0007138218894667545,0.00436758624117765,0.0026729335950111395,0.0016383993186151605,0.0012655915775012453,0.029472945094974324,2.0410583026119498,145.23919359153047,129.58028913781047,115.60699353433328,103.1406031109711,92.14920502087729,92.2828884999046,86.45487862511571,85.81843844425902,85.18714493532863,84.55991246385608,83.92941079325823,82.81628469387215,51.02321132485024
600602.0066889633,4.569617760078819,22104.86477125068,45.45321496760991,0.00016253563170717455,0.00021885079309811765,0.0007536756167203366,0.000713819170248721,0.004367567598037161,0.00267292095682789,0.0016383908607462865,0.0012655891227357332,0.029473270338986716,2.0410796877679585,145.24055501952762,129.5815021171976,115.60807421869018,103.14156593641033,92.15006504700159,92.28381259495072,86.45574546085277,85.81930005946622,85.18800136746117,84.56076373856438,83.93025681175847,82.81711822878557,51.02363222748819
603531.7725752508,4.569609489771164,22204.705933664773,45.068170649491265,0.00016253504365089437,0.00021884999726534264,0.0007536728240835117,0.0007138164789953653,0.004367549146452239,0.002672908448417565,0.0016383824897214234,0.0012655866969338645,0.029473592655263746,2.0411008824381427,145.24190451275638,129.582704464401,115.6091454315954,103.14252032434489,92.1509175356778,92.28472847876115,86.45660459290326,85.82015401606003,85.1888501857203,84.56160744391231,83.9310953063614,82.81794435279635,51.024049516191226
606461.5384615385,4.569601304111848,22304.385914273786,44.68638812762407,0.000162534461614587,0.00021884920957917662,0.0007536700600286084,0.0007138138152822867,0.004367530883516178,0.002672896067810688,0.0016383742042210853,0.001265584299537713,0.029473912075425754,2.0411218886023983,145.24324218793225,129.58389628333822,115.61020726556698,103.1434663571432,92.15176256050164,92.28563623539192,86.45745610017697,85.82100039254168,85.18969146820257,84.56244365759441,83.93192635434782,82.81876314195924,51.024463223368805
609391.3043478262,4.56959320183028,22403.904966252085,44.3078397706156,0.0001625338855078739,0.00021884842991731822,0.0007536673241266028,0.0007138111786961352,0.004367512806399149,0.002672883813090553,0.0016383660029615473,0.0012655819300070152,0.02947422863049929,2.041142708206629,145.24456816006494,129.5850776764153,115.61125981178346,103.14440411598707,92.15260019401272,92.28653594762348,86.45830006038246,85.82183926621366,85.19052529180826,84.56327245611153,83.9327500318073,82.81957467115674,51.02487338108246
612321.0702341137,4.569585181688076,22503.263342435348,43.93249818113944,0.00016253331524266793,0.00021884765816056908,0.000753664615959385,0.0007138085688341026,0.004367494912344542,0.0026728716823906547,0.0016383578846930816,0.0012655795878182697,0.029474542350943753,2.041163343164158,145.24588254251844,129.58624874458005,115.61230316013129,103.14533368091345,92.15343050773127,92.28742769700321,86.45913655006709,85.82267071321928,85.1913517322806,84.56409391480973,83.93356641367753,82.82037901413798,51.02528002105277
615250.8361204014,4.569577242477624,22602.46129532051,43.56033619395296,0.00016253275073307047,0.00021884689419269406,0.000753661935119263,0.00071380598530344,0.0043674771986655925,0.0026728596738923387,0.001638349848198341,0.0012655772724639016,0.029474853266675323,2.041183795356993,145.2471854470645,129.5874095873689,115.6133373992466,103.14625513085156,92.15425357219146,92.28831156388512,86.4599656446545,85.82349480858022,85.19217086424331,84.56490810791747,83.93437557378081,82.82117624355443,51.02568317466525
618180.602006689,4.569569383020806,22701.499077065644,43.19132687393644,0.00016253219189528095,0.00021884613790029903,0.0007536592812085338,0.0007138034277210403,0.004367459662742328,0.002672847785822656,0.001638341892290874,0.0012655749834514947,0.02947516140708867,2.0412040666369844,145.24847698393256,129.58856030295107,115.61436261655328,103.14716854365622,92.15506945697085,92.28918762746511,86.4607874184789,85.82431162623163,85.19298276123601,84.56571510858137,83.93517758485984,82.82196643099488,51.026082872977206
621110.3678929766,4.569561602167706,22800.376939489965,42.82544351414356,0.00016253163864750518,0.00021884538917270636,0.0007536566538390422,0.0007138008957130143,0.0043674423020186445,0.002672836016452337,0.0016383340158137433,0.0012655727203030793,0.029475466801077786,2.041224158826961,145.2497572618612,129.58970098817187,115.6153788983005,103.14807399614016,92.15587823071837,92.290055965814,86.46160194481597,85.82512123905359,85.19378749574639,84.56651498889913,83.9359725186115,82.82274964701877,51.02647914672467
624040.1337792643,4.569553898795472,22899.095134073716,42.46265963386853,0.00016253109090987362,0.00021884464790184404,0.0007536540526317884,0.0007137983889143086,0.004367425113999557,0.002672824364093871,0.0016383262176382072,0.001265570482554468,0.029475769477055987,2.0412440737218023,145.25102638814403,129.59083173859486,115.61638632959975,103.14897156410636,92.15667996118246,92.29091665591007,86.46240929591333,85.8259237189007,85.19458513923973,84.56730781994922,83.93676044571677,82.82352596118676,51.02687202632815
626969.8996655518,4.569546271807172,22997.65391195815,42.102948976729635,0.00016253054860436105,0.00021884391398213713,0.0007536514772165488,0.0007137959069683367,0.004367408096248584,0.002672812827099697,0.0016383184966624815,0.0012655682697546122,0.029476069462974302,2.0412638130894067,145.25228446867118,129.59195264853813,115.617384994458,103.14986132237786,92.15747471523781,92.29176977367116,86.46320954302054,85.82671913663195,85.19537576218816,84.56809367181948,83.93754143586904,82.82429544208814,51.027261541897396
629899.6655518395,4.56953872013082,23096.053523945513,41.74628550876874,0.00016253001165471645,0.0002188431873104123,0.0007536489272315338,0.00071379344952665,0.0043673912463854225,0.0026728014038605555,0.001638310851810598,0.0012655660814650104,0.029476366786337853,2.0412833786715687,145.25353160796732,129.59306381110795,115.61837497580673,103.15074334482358,92.1582625589088,92.29261539398374,86.46400275641719,85.8275075621395,85.19615943409953,84.5688726136358,83.93831555780233,82.82505815736813,51.02764772323662
632829.4314381271,4.569531242718361,23194.29422049898,41.392643416567275,0.000162529479986391,0.00021884246778580062,0.0007536464023230494,0.0007137910162486092,0.004367374562083646,0.0026727900928039247,0.001638303282031344,0.0012655639172591644,0.029476661474221524,2.041302772184839,145.25476790923088,129.59416531823186,115.61935635553039,103.15161770438289,92.15904355739058,92.29345359072852,86.46478900543771,85.82828906437385,85.19693622354356,84.56964471358923,83.93908287931883,82.82581417375495,51.02803059985031
635759.1973244147,4.569523838544786,23292.376251742662,41.04199710537788,0.00016252895352647593,0.00021884175530965312,0.0007536439021451971,0.0007137886068010928,0.00436735804106861,0.002672778892392543,0.001638295786297252,0.0012655617767220646,0.02947695355328536,2.041321995321366,145.2559934743719,129.59525726069276,115.62032921449604,103.15248447309071,92.15981777507086,92.29428443680587,86.46556835849475,85.82906371136721,85.19770619817525,84.57041003895966,83.93984346731331,82.82656355708475,51.028410200948805
638688.9632107024,4.569516506607243,23390.29986746155,40.69432119727206,0.00016252843220363803,0.00021884104978545365,0.0007536414263595676,0.0007137862208582024,0.004367341681115426,0.0026727678011230147,0.001638288363603642,0.0012655596594497015,0.029477243049788975,2.041341049749666,145.25720840404531,129.59633972815865,115.62129363258063,103.15334372210239,92.16058527555202,92.29510800416215,86.46634088310324,85.8298315702569,85.19846942475748,84.57116865613803,83.94059738779518,82.82730637232352,51.028786555452115
641618.72909699,4.569509245924244,23488.065317101544,40.349590529303455,0.00016252791594806377,0.0002188403511187424,0.0007536389746349709,0.0007137838581009997,0.0043673254800470655,0.002672756817524496,0.0016382810129677249,0.0012655575650485993,0.029477529989604373,2.0413599371152946,145.25841279767974,129.59741280920832,115.62224968869407,103.15419552171464,92.16134612167023,92.29592436381411,86.46710664590428,85.83059270730894,85.19922596918468,84.5719206306493,83.94134470591081,82.8280426835881,51.029159691993776
644548.4949832776,4.569502055534893,23585.67284976944,40.00778015168661,0.000162527404691405,0.00021883965921704347,0.0007536365466471798,0.0007137815182172593,0.004367309435732628,0.002672745940157483,0.0016382737334277773,0.001265555493135388,0.029477814398227647,2.0413786590415017,145.25960675350743,129.598476591357,115.62319746080058,103.1550399413841,92.16210037551204,92.2967335858697,86.46786571268535,85.83134718793973,85.19997589650478,84.572666027175,83.94208548596593,82.82877255416834,51.02952963892582
647478.2608695653,4.569494934498181,23683.122714232908,39.668865325991355,0.0001625268983667277,0.0002188389739897948,0.0007536341420786855,0.0007137792009012315,0.004367293546085694,0.0026727351676126866,0.0016382665240423655,0.00126555344333641,0.029478096300790776,2.041397217129885,145.26079036859605,129.5995311610834,115.62413702594235,103.15587704974689,92.16284809843094,92.29753573954801,86.46861814839876,85.83209507673438,85.20071927093849,84.57340490957323,83.94281979144652,82.82949604654803,51.02989642432398
650408.0267558529,4.5694878818922575,23780.415158920532,39.33282152334485,0.0001625263969084612,0.00021883829534827913,0.0007536317606184523,0.0007137769058534071,0.004367277809062681,0.0026727244985098987,0.0016382593838895883,0.001265551415287335,0.029478375722073426,2.041415612961034,145.26196373887632,129.60057660385542,115.62506846026265,103.1567069146396,92.16358935106545,92.2983308932006,86.46936401718108,85.83283643746515,85.20145615589693,84.57413734089617,83.94354768503676,82.83021322242308,51.030260075991144
653337.7926421405,4.569480896813814,23877.550431921798,38.99962442266094,0.0001625259002523535,0.00021883762320556397,0.0007536294019617073,0.0007137746327803102,0.004367262222661354,0.0026727139314969557,0.0016382523120663614,0.001265549408632794,0.02947865268651305,2.0414338480950613,145.2631269591646,129.6016130041509,115.62599183902496,103.15752960311696,92.16432419335594,92.29911911433248,86.47010338237304,85.83357133311114,85.20218661400078,84.57486338340816,83.94426922863607,82.83092414271808,51.03062062146049
656267.5585284281,4.56947397837747,23974.52878098711,38.66924990890554,0.0001625254083354281,0.00021883695747644262,0.0007536270658097318,0.0007137723813943006,0.004367246784919481,0.0026727034652488054,0.0016382453076877789,0.0012655474230260433,0.02947892721821381,2.041451924072087,145.26428012318593,129.60264044547674,115.62690723662952,103.15834518146629,92.1650526845576,92.2999004696197,86.47083630653695,85.83429982587667,85.20291070709885,84.5755830986046,83.94498448337774,82.8316288676036,51.03097808799919
659197.3244147158,4.569467125715186,24071.35045352786,38.341674071315545,0.00016252492109594224,0.00021883629807737857,0.0007536247518696665,0.0007137701514133819,0.004367231493913464,0.002672693098466576,0.0016382383698864858,0.0012655454581286432,0.029479199340955855,2.0414698424127757,145.26542332359966,129.60365901039086,115.62781472663158,103.15915371522303,92.16577488325359,92.30067502492557,86.47156285147214,85.83502197720706,85.20362849628509,84.57629654722953,83.94569350964716,82.83232745651472,51.03133250261314
662127.0903010034,4.5694603379757135,24168.015696616367,38.01687320168135,0.00016252443847334738,0.0002188356449264506,0.0007536224598543178,0.0007137679425610178,0.004367216347757082,0.002672682829876711,0.0016382314978120904,0.0012655435136101642,0.029479469078204604,2.0414876046188444,145.26655665202367,129.60466878052407,115.62871438176107,103.15995526918749,92.16649084736939,92.30144284531734,86.47228307822992,85.83573784780312,85.20434004191252,84.57700378929012,83.9463963670969,82.83301996816654,51.03168389205089
665056.856187291,4.569453614324041,24264.524756985997,37.69482379263088,0.00016252396040825016,0.00021883499794330088,0.000753620189481975,0.0007137657545659525,0.004367201344600235,0.0026726726582301033,0.00163822469063058,0.0012655415891478913,0.029479736453119337,2.041505212173533,145.2676801990541,129.60566983659874,115.62960627393979,103.16074990744103,92.16720063418747,92.30220399508453,86.47299704713033,85.83644749763688,85.20504540360825,84.57770488407071,83.94709311466032,82.83370646056758,51.032032282805886
667986.6220735786,4.569446953940926,24360.877881031167,37.37550253592826,0.0001625234868423792,0.0002188343570490899,0.0007536179404762518,0.0007137635871620594,0.0043671864826278495,0.002672662582301335,0.0016382179475237949,0.0012655396844265445,0.029480001488560444,2.04152266654198,145.268794054282,129.6066622584433,115.63049047429487,103.1615376933585,92.16790430035942,92.30295853775493,86.47370481777821,85.83715098596828,85.20574464029002,84.57839989014865,83.94778381056656,82.83438699103364,51.03237770111931
670916.3879598662,4.569440356022427,24457.075314807356,37.05888632078693,0.00016252301771855116,0.00021883372216645002,0.0007536157125659231,0.0007137614400881819,0.00436717176005883,0.0026726526008879602,0.001638211267688946,0.0012655377991380333,0.02948026420709618,2.041539969171612,145.26989830631393,129.6076461250089,115.63136705317221,103.16231868961948,92.16860190191545,92.30370653610791,86.47440644907603,85.83784837135903,85.20643781018096,84.57908886541007,83.94846851235648,82.83506161620318,51.03272017298419
673846.1538461539,4.569433819779427,24553.117304031213,36.74495223219694,0.00016252255298063775,0.0002188330932194412,0.0007536135054847702,0.0007137593130879856,0.004367157175144999,0.0026726427128097945,0.0016382046503381391,0.0012655359329812137,0.029480524631010193,2.0415571214925943,145.27099304279358,129.6086215143887,115.63223608015286,103.16309295822185,92.16929349427559,92.3044480521871,86.4751019992358,85.83853971168406,85.20712497082147,84.57977186706248,83.94914727689627,82.8357303920518,51.033059724149545
676775.9197324415,4.569427344437203,24649.004094080552,36.43367754926657,0.0001625220925735345,0.000218832470133509,0.0007536113189714301,0.0007137572059098121,0.004367142726170098,0.0026726329169082116,0.0016381980946978993,0.0012655340856616564,0.029480782782309103,2.0415741249182324,145.27207835041972,129.60958850383497,115.63309762406942,103.16386056049669,92.16997913226288,92.30518314731624,86.47579152579252,85.83922506414417,85.20780617908098,84.5804489516457,83.94982016038853,82.83639337390339,51.03339638012272
679705.6856187291,4.569420929235013,24744.735929994433,36.125039743577844,0.0001625216364431312,0.00021883185283544374,0.0007536091527692554,0.0007137551183065434,0.004367128411448829,0.0026726232120455,0.0016381916000087276,0.0012655322568914152,0.02948103868272845,2.041590980845281,145.2731543149593,129.61054716977137,115.63395175301746,103.16462155711964,92.1706588701147,92.30591188211429,86.47647508561911,85.8399044852805,85.20848149117157,84.58112017504494,83.95048721838403,82.83705061644098,51.033730166170976
682635.4515050168,4.569414573425714,24840.313056473224,35.819016477556055,0.00016252118453628577,0.00021883124125334549,0.0007536070066261905,0.0007137530500354816,0.004367114229326026,0.0026726135971042795,0.0016381851655247093,0.0012655304463888167,0.029481292353737948,2.041607690654244,145.27422102126252,129.61149758780488,115.63479853436569,103.16537600811972,92.17133276149065,92.30663431650683,86.47715273493829,85.84057803098779,85.20915096266212,84.58178559250467,83.95114850579536,82.83770217371956,51.03406110732509
685565.2173913044,4.5694082762754,24935.73571787866,35.5155856028531,0.00016252073680079703,0.00021883063531658777,0.0007536048802946411,0.000713751000858226,0.004367100178175813,0.0026726040709869436,0.0016381787905131377,0.0012655286538782724,0.02948154381654727,2.04162425570973,145.27527855328222,129.61243983274187,115.63563803476885,103.16612397288934,92.17200085948062,92.3073505097363,86.47782452933188,85.84124575652399,85.20981464848887,84.58244525864073,83.9518040769101,82.83834809917944,51.034389228383496
688494.983277592,4.569402037063006,25031.004158233893,35.214725158744514,0.00016252029318537779,0.00021883003495578034,0.0007536027735313484,0.0007137489705405476,0.004367086256400755,0.0026725946326150753,0.001638172474254128,0.0012655268790900927,0.029481793092112595,2.0416406773608227,145.2763269940912,129.61337397860495,115.63647032018284,103.16686551019774,92.17266321661623,92.30806052037445,86.47849052375159,85.84190771651994,85.2104726029645,84.58309922744928,83.95245398540023,82.83898844565655,51.03471455391499
691424.7491638797,4.56939585507996,25126.1186212236,34.91641337054004,0.00016251985363962954,0.00021882944010273515,0.0007536006860972647,0.0007137469588522733,0.004367072462431024,0.002672585280928881,0.0016381662160402288,0.0012655251217602904,0.02948204020114221,2.041656956941366,145.27736642589355,129.614300098644,115.63729545587637,103.16760067820236,92.17331988488169,92.30876440633675,86.47915077253214,85.84256396499173,85.21112487978918,84.58374755231658,83.95309828433113,82.83962326539101,51.035037108259786
694354.5150501672,4.569389729629889,25221.07935019401,34.62062864800771,0.00016251941811402148,0.00021882885069043816,0.0007535986177574575,0.0007137449655671892,0.004367058794723727,0.002672576014886717,0.0016381600151760968,0.0012655233816304008,0.02948228516410052,2.041673095770179,145.27839693003514,129.615218265345,115.63811350643834,103.16832953445622,92.17397091572134,92.30946222489344,86.47980532940294,85.84321455535331,85.21177153206354,84.58439028603158,83.95373702617329,82.84025261003724,51.03535691553213
697284.2809364549,4.569383660028296,25315.886588153047,34.32734958379302,0.00016251898655986763,0.00021882826665301807,0.0007535965682809989,0.0007137429904629378,0.004367045251762236,0.002672566833464639,0.0016381538709781987,0.001265521658447332,0.0294825280012124,2.0416890951513387,145.2794185870202,129.61612855044265,115.63892453578781,103.16905213591522,92.17461636004549,92.31015403267754,86.48045424749635,85.8438595404257,85.21241261229918,84.58502748079769,83.95437026281434,82.84087653067628,51.03567399962421
700214.0468227426,4.569377645602236,25410.540577770334,34.03655495191796,0.0001625185589293038,0.0002188276879257157,0.0007535945374408575,0.0007137410333209108,0.004367031832055441,0.002672557735655919,0.0016381477827744934,0.001265519951963212,0.029482768732468807,2.041704956374508,145.28043147652764,129.61703102493567,115.63972860718701,103.1697685389492,92.17525626823918,92.31083988569472,86.48109757935558,85.84449897244417,85.21304817242579,84.58565918824038,83.95499804556829,82.84149507782558,51.03598838420927
703143.8127090301,4.569371685690026,25505.041561377344,33.74822370620423,0.00016251813517526722,0.00021882711444485558,0.0007535925250137989,0.0007137390939261548,0.0043670185341370795,0.0026725487204705585,0.0016381417499040996,0.0012655182619352276,0.029483007377631903,2.041720680715212,145.28143567742256,129.6179257590988,115.64052578325351,103.17047879935332,92.17589069017278,92.31151983933594,86.48173537694582,85.8451329030683,85.21367826379993,84.58628545941504,83.95562042518267,82.84210830144676,51.036300092742984
706073.5785953178,4.56936577964096,25599.389780967464,33.462334978758555,0.00016251771525147593,0.0002188265461478185,0.0007535905307802909,0.0007137371720672796,0.004367005356565117,0.0026725397869348786,0.0016381357717170125,0.0012655165881254684,0.029483243956238765,2.0417362694350194,145.2824312677643,129.61881282248973,115.6413161259672,103.17118297235582,92.17651967520993,92.3121939483888,86.48236769166597,85.84576138339371,85.21430293721633,84.58690634481727,83.95623745184746,82.84271625095279,51.03660914846473
709003.3444816053,4.569359926815067,25693.585478196077,33.178868078464276,0.0001625172991124112,0.0002188259829730182,0.0007535885545244183,0.0007137352675363753,0.004366992297921174,0.00267253093409113,0.0016381298475738495,0.0012655149303007938,0.029483478487604596,2.0417517237817426,145.283418324818,129.61969228395776,115.64209969667678,103.17188111262277,92.1771432722122,92.31286226704499,86.48299457435667,85.84638446396157,85.21492224291845,84.5875218943941,83.95684917520651,82.84331897521879,51.03691557440084
711933.110367893,4.5693541265828195,25787.62889438071,32.89780248930691,0.0001625168867132978,0.00021882542485987357,0.0007535865960337886,0.0007137333801289227,0.004366979356809921,0.002672522160997077,0.0016381239768455678,0.0012655132882326981,0.02948371099082753,2.0417670449897516,145.28439692507217,129.6205642116589,115.6428765561119,103.17257327426772,92.177761529546,92.3135248489085,86.48361607530717,85.84700219476562,85.21553623060638,84.588132157553,83.95745564436778,82.8439165225933,51.03721939336884
714862.8762541807,4.569348378324845,25881.520270501085,32.61911786885979,0.0001625164780100828,0.000218824871748781,0.000753584655099434,0.0007137315096436979,0.004366966531858427,0.0026725134667255706,0.0016381181589131839,0.0012655116616971762,0.029483941484793844,2.041782234280257,145.28536714425184,129.6214286730688,115.64364676439547,103.17325951086283,92.1783744950924,92.31418174700595,86.48423224426433,85.84761462525961,85.21614494944323,84.58873718316812,83.95805690790965,82.84450894090504,51.03752062797898
717792.6421404682,4.569342681431761,25975.259847199246,32.34279404716296,0.00016251607295942382,0.00021882432358109785,0.000753582731515753,0.0007137296558827168,0.0043669538217157725,0.00267250485036428,0.001638112393167589,0.0012655100504746248,0.02948416998817984,2.0417972928613968,145.2863290573211,129.62228573498606,115.64441038104786,103.17393987544378,92.17898221625262,92.31483301379558,86.48484313044122,85.84822180436592,85.21674844806316,84.58933701958692,83.95865301388667,82.84509627746773,51.0378193006348
720722.4080267559,4.569337035304102,26068.84786477956,32.068811026296146,0.000162515671518684,0.000218823780299136,0.0007535808250804873,0.0007137278186512124,0.0043669412250529,0.002672496311015588,0.0016381066790094804,0.0012655084543498085,0.02948439651945295,2.041812221928304,145.28728273848705,129.62313546353514,115.64516746498926,103.17461442051177,92.1795847399498,92.31547870116923,86.48544878251906,85.84882378047783,85.21734677457367,84.58993171463283,83.95924400983213,82.84567857908257,51.03811543353397
723652.1739130435,4.569331439351647,26162.284563209054,31.797148976142836,0.00016251527364588399,0.00021882324184609669,0.0007535789355944953,0.0007137259977574159,0.004366928740561108,0.002672487847795572,0.0016381010158486766,0.0012655068731115045,0.029484621096881332,2.0418270226636563,145.28822826122797,129.62397792419085,115.64591807456134,103.17528319805328,92.18018211264736,92.31611886047784,86.48604924867207,85.84942060148452,85.21793997658072,84.59052131562986,83.95982994278194,82.84625589206092,51.03840904867437
726581.9397993311,4.569325892993721,26255.57018211727,31.527788236072784,0.00016251487929972366,0.00021882270816609993,0.0007535770628618527,0.0007137241930126551,0.004366916366952727,0.0026724794598344628,0.001638095403104426,0.0012655053065526688,0.029484843738530105,2.041841696237489,145.28916569828564,129.6248131817708,115.64666226751915,103.17594625953124,92.18077438033977,92.31675354251789,86.4866445765546,85.8500123147588,85.21852810117738,84.59110586939263,83.9604108592659,82.84682826221669,51.03870016785312
729511.7056856188,4.569320395658613,26348.704960796567,31.260709311324916,0.0001625144884395408,0.00021882217920412837,0.0007535752066896583,0.0007137224042311658,0.004366904102959835,0.00267247114627577,0.0016380898402048201,0.0012655037544701364,0.029485064462270023,2.0418562438076915,145.2900951216903,129.62564130045752,115.64740010105119,103.17660365590322,92.18136158856915,92.31738279755318,86.48723481332165,85.85059896717749,85.21911119496413,84.59168542224624,83.96098680532721,82.8473957348852,51.038988812671704
732441.4715719064,4.569314946783346,26441.68913820226,30.99589287135152,0.00016251410102529425,0.00021882165490600525,0.0007535733668879536,0.0007137206312300165,0.0043668919473337404,0.0026724629062759484,0.0016380843265865726,0.0012655022166645252,0.02948528328578216,2.0418706665202815,145.2910166027741,129.62646234381177,115.64813163179143,103.17725543763187,92.18194378243366,92.31800667532356,86.48782000563546,85.85118060512704,85.21968930405382,84.59226002003149,83.96155782652866,82.8479583549304,51.03927500453827
735371.237458194,4.569309545813837,26534.522952952542,30.73331975079416,0.0001625137170175755,0.00021882113521840932,0.0007535715432697781,0.0007137188738291591,0.004366879898845327,0.002672454739004615,0.0016380788616951647,0.0012655006929402975,0.029485500226554544,2.0418849655091886,145.29193021215912,129.6272763747618,115.64885691581064,103.1779016546783,92.18252100658304,92.31862522504103,86.48840019966308,85.8517572745012,85.2202624740691,84.59282970810135,83.9621239679476,82.84851616673872,51.039558764665216
738301.0033444817,4.569304192204373,26627.206643328806,30.47297094590416,0.0001625133363775714,0.0002188206200888245,0.0007535697356509909,0.0007137171318512584,0.00436686795628389,0.00267244664364377,0.0016380734449843214,0.001265499183105506,0.02948571530189074,2.0418991418967525,145.29283601978238,129.62808345562647,115.64957600863728,103.17854235652068,92.18309330523488,92.31923849540983,86.48897544109438,85.85232902071841,85.22083075015931,84.5933945313377,83.96268527419302,82.8490692142364,51.03984011407419
741230.7692307692,4.56929888541749,26719.740447275766,30.214827613267808,0.00016251295906705604,0.00021882010946552922,0.0007535679438502336,0.0007137154051216567,0.004366856118456887,0.0026724386193876185,0.0016380680759158904,0.0012654976869717167,0.02948592852891056,2.0419131967937716,145.29373409490069,129.62888364811735,115.65028896525854,103.17917759215536,92.18366072217651,92.3198465346314,86.4895457751486,85.85289588873003,85.22139417700937,84.59395453416026,83.9632417894136,82.84961754089589,51.040119073598284
744160.5351170569,4.569293624923984,26812.124602401454,29.95887106997817,0.00016251258504839083,0.00021881960329759613,0.00075356616768893,0.000713713693468373,0.00436684438418995,0.002672430665442589,0.0016380627539598583,0.0012654962043540316,0.029486139924551083,2.0419271312995835,145.29462450609455,129.62967701334307,115.6509958401236,103.17980741009856,92.18422330076521,92.32044939040213,86.49011124657102,85.85345792301611,85.22195279883603,84.59450976052361,83.96379355729601,82.8501611897358,51.04039566388246
747090.3010033445,4.569288410202409,26904.35934597759,29.705082789755206,0.00016251221428448904,0.00021881910153484475,0.00075356440699112,0.0007137119967219428,0.004366832752325784,0.0026724227810265948,0.001638057478593857,0.0012654947350708374,0.029486349505574064,2.0419409465025047,145.2955073212922,129.63046361182953,115.6516966871613,103.18043185840209,92.18478108394211,92.32104710993242,86.49067189965153,85.85401516760494,85.22250665940764,84.59506025393712,83.96434062108472,82.85070020333973,51.04066990538948
750020.0668896321,4.569283240739668,26996.444914939155,29.453444407542733,0.00016251184673885774,0.00021881860412789752,0.0007535626615836563,0.0007137103147156085,0.0043668212217254695,0.002672414965369902,0.001638052249303743,0.001265493278944096,0.029486557288556658,2.0419546434792566,145.29638260773766,129.63124350349332,115.65239155975802,103.18105098463465,92.18533411421656,92.32163973992621,86.49122777820462,85.8545676660517,85.22305580202162,84.59560605744156,83.96488302355793,82.85123462383264,51.04094181839199
752949.8327759198,4.569278116029322,27088.381545885644,29.20393770664046,0.0001625114823754779,0.00021881811102801802,0.0007535609312956368,0.000713708647284773,0.004366809791264784,0.0026724072177126777,0.0016380470655819733,0.0012654918357985503,0.02948676328991786,2.0419682232965526,145.2972504320749,129.6320167477174,115.65308051082447,103.18166483594021,92.18588243371667,92.32222732664508,86.49177892562807,85.85511546149628,85.22360026956258,84.59614721366788,83.96542080708772,82.85176449294146,51.04121142299172
755879.5986622074,4.56927303557368,27180.169475079507,28.956544634604132,0.00016251112115895294,0.0002188176221873117,0.0007535592159591087,0.000713706994267677,0.0043667984598387485,0.0026723995373080247,0.0016380419269296138,0.0012654904054627033,0.029486967525885817,2.041981687009144,145.29811086024463,129.63278340325758,115.65376359271265,103.18227345896523,92.18642608412591,92.32280991582802,86.49232538482995,85.85565859659201,85.22414010443107,84.59668376476532,83.96595401356669,82.85228985192096,51.041478739096135
758809.364548495,4.569267998881394,27271.80893844812,28.711247284063948,0.00016251076305433693,0.00021881713755849365,0.000753557515408254,0.0007137053555046142,0.004366787226356305,0.0026723919234183983,0.0016380368328539538,0.0012654889877676374,0.029487170012535334,2.0419950356620427,145.29896395760176,129.6335435283472,115.654440857309,103.18287689994176,92.18696510675757,92.32338755278779,86.49286719831916,85.85619711359543,85.2246753486329,84.59721575249013,83.96648268449619,82.85281074164067,51.04174378644529
761739.1304347826,4.569263005468675,27363.300171582727,28.46802790278014,0.0001625104080272222,0.00021881665709500705,0.000753555829479805,0.0007137037308383323,0.004366776089743052,0.002672384375317461,0.0016380317828697457,0.0012654875825476343,0.029487370765768805,2.0420082702893896,145.29980978885519,129.6342971806446,115.65511235598817,103.18347520464594,92.18749954251695,92.32396028236134,86.49340440815753,85.85673105431803,85.22520604373096,84.59774321815789,83.96700686093956,82.85332720253952,51.04200658459779
764668.8963210703,4.569258054858862,27454.643409738917,28.22686888960382,0.000162510056043708,0.0002188161807509806,0.0007535541580128949,0.0007137021201138889,0.004366765048940265,0.002672376892289408,0.0016380267764987508,0.0012654861896399495,0.02948756980132368,2.042021391914914,145.30064841809337,129.6350444172545,115.65577813963064,103.18406841841312,92.18802943191483,92.32452814892667,86.49393705597673,85.85726046014406,85.22573223086376,84.59826620266256,83.96752658354113,82.85383927464433,51.04226715293722
767598.6622073579,4.569253146581807,27545.838887837246,27.987752788843185,0.0001625097070703566,0.0002188157084811696,0.000753552500848851,0.000713700523178452,0.004366754102903514,0.0026723694736280335,0.0016380218132691089,0.0012654848088844966,0.02948776713478282,2.0420344015525664,145.30147990881983,129.63578529475748,115.65643825864767,103.18465658615901,92.18855481508602,92.32509119642653,86.49446518300151,85.8577853720553,85.22625395077144,84.59878474650327,83.96804189255303,82.85434699759567,51.04252551068095
770528.4280936455,4.569248280174304,27636.886840462674,27.750662294948196,0.00016250936107422442,0.0002188152402409973,0.0007535508578313408,0.0007136989398814406,0.004366743250603646,0.0026723621186374043,0.0016380168927157988,0.0012654834401240784,0.029487962781566106,2.0420473002059714,145.30230432391986,129.63651986918453,115.65709276296205,103.18523975236509,92.18907573177752,92.3256494683544,86.49498883003476,85.85830583061299,85.22677124377478,84.5992988897611,83.96855282781122,82.85485041062476,51.04278167687104
773458.1939799332,4.569243455179789,27727.787501865223,27.515580248618047,0.0001625090180228403,0.00021881477598652648,0.0007535492288062714,0.0007136973700744306,0.004366732491026177,0.002672354826631469,0.0016380120143803885,0.0012654820832042931,0.02948815675693794,2.0420600888689115,145.30312172568887,129.63724819604218,115.65774170202894,103.18581796109457,92.18959222136006,92.32620300776459,86.49550803746465,85.85882187596475,85.22728414978359,84.59980867210986,83.96905942874892,82.85534955256875,51.043035670381244
776387.9598662208,4.569238671147997,27818.541105959957,27.282489634700056,0.0001625086778841811,0.00021881431567442555,0.0007535476136216714,0.000713695813611037,0.004366721823170427,0.0026723475969334374,0.0016380071778105962,0.0012654807379732763,0.02948834907601061,2.0420727685255176,145.30393217584256,129.6379703303183,115.65838512484002,103.1863912559974,92.19010432283514,92.3267518572863,86.49602284528255,85.85933354786538,85.2277927083179,84.60031413283593,83.96956173441356,82.85584446188422,51.04328750992002
779317.7257525084,4.56923392763518,27909.147886327144,27.051373583157115,0.00016250834062668746,0.00021881385926199036,0.0007535460121277668,0.0007136942703469894,0.004366711246050071,0.002672340428876177,0.0016380023825605745,0.001265479404281863,0.02948853975374084,2.042085340150039,145.30473573550282,129.63868632647328,115.65902307991873,103.18695968030762,92.19061207483303,92.32729605912002,86.49653329307677,85.85984088566741,85.22829695849637,84.60081531082533,83.9700597834539,82.85633517663557,51.04353721402645
782247.491638796,4.569229224203869,27999.60807621241,26.822215367107884,0.00016250800621924635,0.0002188134067071205,0.0007535444241768975,0.0007136927401400512,0.004366700758692585,0.002672333321801834,0.001637997628190653,0.001265478081983459,0.029488728804934007,2.0420978047071032,145.30553246521217,129.63939623845212,115.65965561533018,103.18752327685146,92.19111551561953,92.32783565504586,86.49703942004093,85.8603439283303,85.22879693904582,84.6013122445739,83.97055361413054,82.8568217345054,51.04378480107386
785177.2575250836,4.569224560422639,28089.921908526954,26.59499840086727,0.0001625076746311751,0.0002188129579682977,0.0007535428496234435,0.0007136912228499478,0.004366690360138765,0.0026723262750615122,0.0016379929142671201,0.001265476770933931,0.029488916244248122,2.0421101631519814,145.30632242495008,129.64010011969708,115.66028277869037,103.18808208805412,92.19161468310106,92.32837068642961,86.49754126497997,85.8608427144277,85.2292926883105,84.6018049721978,83.97104326432711,82.85730417280571,51.044030289274296
788107.0234113713,4.5692199358662355,28180.089615847744,26.369706239868915,0.00016250734583222955,0.00021881251300459682,0.0007535412883238622,0.0007136897183384057,0.00436668004944299,0.002672319288015445,0.00163798824036234,0.0012654754709916405,0.02948910208618983,2.0421224164303786,145.307105674125,129.64079802313844,115.66090461715703,103.18863615593179,92.19210961481913,92.32890119422008,86.4980388663107,85.86133728215016,85.22978424425536,84.60229353143642,83.97152877155179,82.85778252847724,51.04427369667846
791036.789297659,4.569215350115256,28270.111430417543,26.14632257896252,0.00016250701979258196,0.00021881207177565598,0.0007535397401365847,0.0007136882264690476,0.004366669825672512,0.002672312360032527,0.0016379836060544414,0.0012654741820173271,0.029489286345121716,2.042134565478793,145.30788227158695,129.64149000121088,115.66152117744838,103.1891855221104,92.19260034796642,92.32942721896465,86.49853226207176,85.86182766931041,85.23027164446799,84.60277795965284,83.97201017293833,82.85825683809296,51.04451504117551
793966.5551839465,4.569210802756034,28359.98758414535,25.924831250683862,0.00016250669648281286,0.00021881163424166571,0.0007535382049219758,0.0007136867471073593,0.004366659687907251,0.002672305490490186,0.0016379790109272447,0.001265472903874083,0.02948946903526564,2.0421466112248186,145.3086522756499,129.64217610587008,115.66213250585281,103.18973022782922,92.19308691938645,92.32994880080594,86.49902148992065,85.86231391334258,85.23075492616175,84.60325829384125,83.97248750525698,82.85872713787059,51.044754340500205
796896.3210702342,4.569206293380631,28449.71830860635,25.70521622493319,0.00016250637587390996,0.00021881120036336724,0.0007535366825423303,0.0007136852801206833,0.004366649635239729,0.0026722986787743237,0.0016379744545702082,0.0012654716364272909,0.029489650170699707,2.042158554586901,145.30941574407657,129.64285638857947,115.66273864822001,103.19027031393722,92.19356936557496,92.33046597949034,86.49950658714477,85.86279605131391,85.23123412618541,84.60373457063254,83.97296080491569,82.85919346366994,51.04499161222953
799826.0869565217,4.569201821586661,28539.303835042207,25.487461607264272,0.0001625060579372561,0.0002188107701020363,0.0007535351728618153,0.0007136838253781618,0.004366639666774675,0.002672291924279047,0.0016379699365782496,0.0012654703795445656,0.029489829765363837,2.042170396474651,145.31017273409256,129.64353090032537,115.66333964997564,103.19080582090615,92.1940477226901,92.33097879437607,86.49998759066601,85.86327411992684,85.23170928102378,84.60420682629528,83.97343010796227,82.85965585099731,51.04522687378451
802755.8528428094,4.569197386977188,28628.74439436132,25.27155163768022,0.00016250574264462157,0.00021881034341947252,0.0007535336757464312,0.0007136823827507016,0.004366629781628768,0.002672285226406485,0.0016379654565516248,0.0012654691330956974,0.029490007833061993,2.0421821377889566,145.31092330239085,129.64419969162205,115.66393555612702,103.1913367888363,92.19452202655822,92.33148728443979,86.50046453704681,85.86374815552425,85.23218042680216,84.60467509673913,83.9738954500875,82.86011433500838,51.04546014243075
805685.6187290971,4.569192989160605,28718.040217138852,25.057470689607065,0.00016250542996815615,0.00021880992027798903,0.0007535321910639784,0.0007136809521109407,0.004366619978930463,0.0026722785845667003,0.0016379610140958745,0.001265467896952611,0.029490184387461996,2.0421937794220586,145.3116675051425,129.64486281251695,115.66452641126328,103.19186325745358,92.19499231266977,92.3319914882745,86.50093746249023,85.86421819409304,85.23264759929357,84.6051394175251,83.97435686663653,82.86056895051892,51.04569143528357
808615.3846153846,4.569188627750746,28807.19153361708,24.845203269217734,0.00016250511988039624,0.00021880950064042184,0.000753530718684089,0.0007136795333332811,0.004366610257820179,0.0026722719981777843,0.0016379566088218687,0.0012654666709893594,0.029490359442092433,2.0422053222573022,145.31240539798168,129.64552031257662,115.66511225954544,103.19238526610464,92.19545861617941,92.33249144409459,86.50140640284823,85.86468427127372,85.2331108339269,84.60559982387,83.97481439260874,82.86101973200068,51.04592076930491
811545.1505016723,4.569184302366472,28896.198573705475,24.634734013359324,0.00016250481235423618,0.00021880908447009104,0.0007535292584780898,0.0007136781262937544,0.004366600617449377,0.0026722654666652555,0.0016379522403454246,0.0012654654550819924,0.029490533010353488,2.042216767169783,145.31313703603638,129.6461722409195,115.66569314473657,103.19290285378162,92.1959209719236,92.33298718974834,86.50187139362643,85.86514642235971,85.23357016578434,84.60605635064573,83.97526806266205,82.86146671359143,51.04614816130754
814474.9163879598,4.5691800126318425,28985.061566980967,24.426047689472,0.0001625045073629398,0.00021880867173081688,0.0007535278103190608,0.0007136767308700792,0.004366591056981034,0.0026722589894624003,0.0016379479082875435,0.0012654642491086497,0.029490705105511515,2.0422281150261528,145.3138624739285,129.646818646209,115.66626911019004,103.19341605910792,92.19637941440668,92.33347876270528,86.50233246997615,85.86560468229496,85.23402562960422,84.60650903238574,83.97571791112001,82.86190992910066,51.046373627959554
817404.6822742475,4.569175758175914,29073.78074268812,24.21912919391841,0.0001625042048801264,0.00021880826238690026,0.0007535263740817662,0.0007136753469415953,0.004366581575589124,0.0026722525660099073,0.0016379436122741522,0.0012654630529494323,0.02949087574070287,2.0422393666847527,145.3145817657754,129.64745957665767,115.66684019885714,103.19392492034851,92.19683397781272,92.3339662000713,86.50278966670832,85.86605908568589,85.23447725978973,84.60695790329032,83.97616397197477,82.86234941201116,51.04659718578269
820334.4481605352,4.569171538632628,29162.35632973932,24.013963550939348,0.00016250390487976287,0.0002188078564031125,0.0007535249496426178,0.0007136739743892276,0.004366572172458382,0.002672246195755698,0.0016379393519359922,0.0012654618664863612,0.029491044928936783,2.042250522995767,145.31529496519522,129.64809508003492,115.66740645329511,103.19442947541795,92.1972846960126,92.33444953859517,86.50324301829806,85.86650966680384,85.23492509040986,84.6074029972268,83.97660627888733,82.86278519548027,51.046818851152615
823264.2140468227,4.5691673536407285,29250.788556715026,23.81053591184438,0.0001625036073361579,0.00021880745374468663,0.0007535235368796438,0.0007136726130954564,0.004366562846784102,0.002672239878154802,0.0016379351269085484,0.0012654606896033713,0.02949121268309878,2.0422615848014245,145.3160021253164,129.64872520367794,115.66796791567847,103.19492976188991,92.19773160257083,92.33492881467284,86.50369255888535,85.8669564595828,85.23536915519561,84.60784434772594,83.97704486518583,82.86321731234086,51.04703864029964
826193.9799331104,4.569163202843706,29339.077651863903,23.60883155358525,0.0001625033122239575,0.00021880705437731253,0.0007535221356724733,0.0007136712629443034,0.004366553597772071,0.0026722336126693232,0.001637930936832017,0.0012654595221862506,0.029491379015947877,2.0422725529359163,145.316703298782,129.64934999448766,115.66852462778978,103.19542581698686,92.19817473073698,92.33540406434463,86.50413832227856,85.86739949763013,85.235809487556,84.60828198800044,83.97747976388283,82.86364579511459,51.04725656931432
829123.7458193981,4.569159085889796,29427.223843103155,23.408835877935335,0.0001625030195181454,0.0002188066582671368,0.0007535207459023356,0.0007136699238213274,0.004366544424638447,0.002672227398768293,0.001637926781351176,0.0012654583641225606,0.029491543940117104,2.0422834282252316,145.31739853772933,129.6499694989163,115.66907663101682,103.1959176775855,92.19861411345781,92.33587532331232,86.50458034197176,85.86783881424064,85.23624612058593,84.6087159509449,83.97791100766841,82.86407067600071,51.047472654139376
832053.5117056856,4.569155002431732,29515.227358018587,23.21053441024455,0.0001625027291940251,0.00021880626538073848,0.0007535193674519741,0.0007136685956135452,0.004366535326609322,0.002672221235927451,0.0016379226601152901,0.0012654572153016532,0.029491707468120378,2.042294211487759,145.31808789383012,129.65058376300271,115.66962396637811,103.19640538023116,92.19904978338006,92.33634262693346,86.50501865113245,85.86827444238226,85.23667908705532,84.6091462691329,83.9783386289172,82.8644919868918,51.04768691057985
834983.2775919733,4.569150952126823,29603.08842386494,23.01391279853653,0.00016250244122722573,0.0002188058756851373,0.0007535180002056773,0.0007136672782094612,0.00436652630292091,0.002672215123629355,0.0016379185727781595,0.0012654560756146442,0.02949186961234805,2.042304903534017,145.31877141828122,129.65119283235802,115.6701666745078,103.19688896112503,92.19948177284314,92.33680601022033,86.50545328260738,85.86870641470784,85.23710841942383,84.6095729748313,83.97876265969852,82.86490975937821,51.04789935430426
837913.0434782609,4.5691469346368425,29690.807267566062,22.818956812389157,0.0001625021555936939,0.0002188054891477823,0.0007535166440492374,0.0007136659714990279,0.004366517352819287,0.002672209061363206,0.001637914518998009,0.00126545494495437,0.029492030385069538,2.0423155051668167,145.31944916181195,129.65179675217342,115.67070479566326,103.1973684561312,92.19991011388463,92.33726550784544,86.50588426892651,85.86913476355787,85.23753414984311,84.60999610000206,83.97918313177894,82.86532402475143,51.04811000084591
840842.8093645485,4.569142949627874,29778.384115715122,22.62565234182971,0.00016250187226968276,0.00021880510573653723,0.0007535152988699001,0.0007136646753735951,0.004366508475560005,0.002672203048624572,0.0016379104984373023,0.0012654538232153177,0.029492189798437724,2.042326017181435,145.32012117468648,129.65239556722807,115.67123836973704,103.19784390079015,92.2003348382535,92.33772115415447,86.50631164231206,85.86955952096491,85.23795631015649,84.61041567629913,83.97960007661814,82.86573481400116,51.04831886560006
843772.5752508362,4.569138996770217,29865.819194574844,22.433985396622838,0.00016250159123174545,0.0002188047254196718,0.0007535139645563331,0.0007136633897258819,0.004366499670407955,0.0026721970849153485,0.001637906510762746,0.0012654527102936783,0.029492347864493253,2.0423364403659883,145.32078750672838,129.6529893219116,115.67176743627367,103.19831533032828,92.20075597741213,92.3381729831612,86.50673543466846,85.8699807186415,85.2383749318886,84.61083173506272,83.9800135253698,82.86614215782251,51.04852596382993
846702.3411371238,4.569135075738407,29953.112730077697,22.24394210477019,0.00016250131245673652,0.00021880434816586326,0.0007535126409986328,0.0007136621144499826,0.004366490936637389,0.0026721911697437264,0.0016379025556452309,0.0012654516060872276,0.029492504595158543,2.0423467755010374,145.3214482073035,129.65357806020063,115.67229203444684,103.19878277964115,92.20117356252864,92.3386210285525,86.507155677598,85.8703983880043,85.23879004627307,84.61124430734452,83.98042350889914,82.86654608662334,51.048731310667
849632.1070234114,4.56913118621115,30040.264947826214,22.05550871205056,0.00016250103592180696,0.00021880397394419003,0.0007535113280882985,0.0007136608494413394,0.004366482273531625,0.0026721853026239464,0.0016378986327596511,0.0012654505104952765,0.029492660002242942,2.042357023359681,145.32210332530664,129.65416182566045,115.67281220307268,103.19924628331354,92.20158762449879,92.33906532370911,86.50757240241464,85.87081256017822,85.23920168424601,84.61165342389285,83.9808300577642,82.86694663050696,51.04893492110093
852561.872909699,4.569127327871166,30127.276073093086,21.868671580588636,0.00016250076160439304,0.00021880360272411603,0.0007535100257181815,0.0007136595945966964,0.004366473680382865,0.0026721794830762567,0.0016378947417849184,0.0012654494234186973,0.029492814097445016,2.042367184707948,145.32275290920043,129.65474066147036,115.67332798062112,103.19970587561858,92.20199819393652,92.33950590169141,86.50798564012969,85.87122326598701,85.23960987644547,84.61205911516242,83.98123320223448,82.8673438192956,51.04913680999352
855491.6387959867,4.569123500405226,30214.146330821506,21.683417188081474,0.00016250048948221994,0.00021880323447549636,0.000753508733782503,0.0007136583498141164,0.004366465156492279,0.0026721737106269387,0.0016378908824039575,0.001265448344759883,0.02949296689234945,2.0423772603045602,145.32339700700172,129.6553146104096,115.67383940520422,103.20016159051066,92.20240530117202,92.33994279524379,86.50839542146099,85.87163053596532,85.24001465322378,84.61246141132406,83.98163297229597,82.86773768252998,51.0493369920771
858421.4046822743,4.5691197035041595,30300.875945625354,21.499732126862888,0.00016250021953330076,0.0002188028691685758,0.0007535074521768516,0.0007136571149929789,0.0043664567011700095,0.0026721679848083096,0.0016378870543036998,0.001265447274422724,0.02949311839842581,2.0423872509008887,145.32403566628358,129.65588371485512,115.6743465145721,103.20061346162117,92.20280897624893,92.34037603679435,86.50880177683555,85.87203440036438,85.24041604465536,84.61286034227318,83.98202939765866,82.86812824947495,51.04953548195689
861351.1705685619,4.569115936862588,30387.4651417894,21.317603102699493,0.00016249995173591892,0.00021880250677396444,0.0007535061807980938,0.0007136558900338927,0.0043664483137345255,0.002672162305158284,0.0016378832571748057,0.0012654462123125405,0.029493268627037928,2.042397157241412,145.3246689341869,129.6564480168046,115.67484934614089,103.20106152228625,92.20320924894718,92.34080565847263,86.509204736397,85.87243488914949,85.24081408052638,84.61325593761612,83.9824225077449,82.86851554911378,51.04973229410751
864280.9364548496,4.5691122001788935,30473.91414326963,21.13701693415657,0.00016249968606862482,0.00021880214726263382,0.0007535049195443657,0.0007136546748386898,0.004366439993512724,0.002672156671220536,0.0016378794907118271,0.0012654451583361992,0.029493417589445306,2.042406980064104,145.32529685746124,129.6570075579029,115.67534793700393,103.20150580554352,92.20360614876932,92.3412316920872,86.50960432998228,85.87283203198128,85.2412087903259,84.61364822667349,83.98281233170361,82.86889961016935,51.0499274428878
867210.7023411372,4.569108493155278,30560.223173693365,20.95796055127812,0.00016249942251024075,0.00021880179060592342,0.0007535036683150915,0.0007136534693104421,0.0043664317398399025,0.0026721510825443613,0.0016378757546130311,0.0012654441124019178,0.02949356529679653,2.042416720099741,145.3259194824142,129.65756237939823,115.67584232390203,103.20194634412059,92.20399970494647,92.34165416915062,86.51000058715702,85.87322585825444,85.24160020327892,84.61403723850003,83.98319889841373,82.86928046109215,51.05012094252851
870140.4682274248,4.569104815497554,30646.3924563596,20.780420994958938,0.00016249916103984582,0.00021880143677551958,0.0007535024270109099,0.0007136522733533889,0.004366423552059239,0.002672145538684341,0.0016378720485802055,0.0012654430744192691,0.029493711760140113,2.0424263780724954,145.326536854932,129.6581125221736,115.67633254325851,103.20238317046638,92.20438994646116,92.34207312089116,86.51039353721379,85.87361639708412,85.2419883483251,84.61442300186232,83.98358223646706,82.86965813005331,51.050312807129934
873070.2341137124,4.569101166915116,30732.422214239225,20.604385415819348,0.00016249890163677426,0.0002188010857434542,0.0007535011955336693,0.0007136510868729332,0.00436641542952183,0.002672140039200399,0.0016378683723187067,0.0012654420442991805,0.029493856990422285,2.0424359546999367,145.32714902049113,129.65865802674887,115.67681863117363,103.20281631674149,92.20477690203684,92.34248857824473,86.51078320916872,85.87400367730879,85.24237325412815,84.6148055452528,83.98396237418426,82.87003264495891,51.050503050669654
876000.0,4.569097547120979,30818.31266997521,20.429841073282795,0.0001624986442806173,0.00021880073748210656,0.0007534999737864368,0.0007136499097756517,0.004366407371586772,0.002672134583657851,0.0016378647255374792,0.0012654410219539087,0.029494000998484107,2.04244545069289,145.3277560241562,129.65919893327327,115.67730062341519,103.2032458148094,92.20516060013189,92.34290057185339,86.51116963176499,85.87438772749844,85.2427549490872,84.61518489690188,83.98433933962502,82.87040403345642,51.05069168700497
