Species,Sign,Reaction,Rate_Expression,,species_name,leading_sign,expression,,,,,,,,,,,,,,
AB40_Fibril17,+,AB40_Fibril17_formation_from_oligomer,k_O16_F17_forty*AB40_Oligomer16*AB40_Monomer*VIS_brain,,AB40_Fibril17,-,(k_F17_F18_forty * AB40_Monomer * AB40_Fibril17),,,,,,,,,,,,,,
AB40_Fibril17,-,AB40_Fibril17_dissociation_to_oligomer,k_F17_O16_forty*AB40_Fibril17*VIS_brain,,AB40_Fibril17,-,(k_F17_O16_forty * AB40_Fibril17),,,,,,,,,,,,,,
AB40_Fibril17,-,AB40_Plaque_formation_from_Fibril17,k_F17_Plaque_forty*AB40_Fibril17*AB40_Monomer*VIS_brain,,AB40_Fibril17,+,k_F18_F17_forty * AB40_Fibril18,,,,,,,,,,,,,,
AB40_Fibril17,+,AB40_Fibril17_plaque_driven_formation,k_O16_F17_forty*AB40_Plaque_Driven_Monomer_Addition_Vmax*AB40_Monomer*AB40_Oligomer16*(AB40_Plaque_unbound/(AB40_Plaque_unbound + AB40_Plaque_Driven_Monomer_Addition_EC50))*VIS_brain,,AB40_Fibril17,-,(fta1 * Antibody_unbound_ISF * AB40_Fibril17),,,,,,,,,,,,,,
AB40_Fibril17,-,AB40_Fibril17_antibody_binding,fta1*Ab_t*AB40_Fibril17*VIS_brain,,AB40_Fibril17,-,(AB40_Fibril17 * Microglia_cell_count * (Microglia_Hi_Fract * Microglia_CL_high_AB40 + (1 - Microglia_Hi_Fract) * Microglia_CL_low_AB40)),,,,,,,,,,,,,,
AB40_Fibril17,-,AB40_Fibril17_microglia_clearance,Microglia_Vmax_forty*AB40_Fibril17*Microglia_cell_count*(Microglia_Hi_Fract*Microglia_CL_high_AB40 + (1 - Microglia_Hi_Fract)*Microglia_CL_low_AB40)*VIS_brain,,AB40_Fibril17,-,(K_F17_Plaque_forty * AB40_Fibril17 * AB40_Monomer),,,,,,,,,,,,,,
AB40_Fibril17,-,AB40_Fibril18_formation,k_F17_F18_forty*AB40_Fibril17*AB40_Monomer*VIS_brain,,AB40_Fibril17,+,k_O16_F17_forty * AB40_Monomer * AB40_Oligomer16,,,,,,,,,,,,,,
AB40_Fibril17,+,AB40_Fibril17_formation_from_fibril18,k_F18_F17_forty*AB40_Fibril18*VIS_brain,,AB40_Fibril17,+,k_O16_F17_forty * AB40_Plaque_Driven_Monomer_Addition_Vmax * AB40_Monomer * AB40_Oligomer16 * (AB40_Plaque_unbound / (AB40_Plaque_unbound + AB40_Plaque_Driven_Monomer_Addition_EC50)),,,,,,,,,,,,,,
AB40_Fibril17,-,AB40_Fibril17_to_PVS,(1 - sigma_ISF_ABeta40_oligomer17)*Q_PVS*AB40_Fibril17,,AB40_Fibril17,-,((1 - sigma_ISF_ABeta40_oligomer017) * Q_PVS * AB40_Fibril17 / vol_brain_ISF),,,,,,,,,,,,,,
AB40_Fibril17_Antibody_bound,+,AB40_Fibril17_antibody_binding,fta1*Ab_t*AB40_Fibril17*VIS_brain,,AB40_Fibril17_Antibody_bound,-,(AB40_Fibril17_Antibody_bound * Microglia_cell_count * (Microglia_Hi_Fract * Microglia_CL_high_mab + (1 - Microglia_Hi_Fract) * Microglia_CL_low_mAb)),,,,,,,,,,,,,,
AB40_Fibril17_Antibody_bound,-,AB40_Fibril17_Antibody_bound_microglia_clearance,Microglia_Vmax_forty*AB40_Fibril17_Antibody_bound*Microglia_cell_count*(Microglia_Hi_Fract*Microglia_CL_high_mAb + (1 - Microglia_Hi_Fract)*Microglia_CL_low_mAb)*VIS_brain,,AB40_Fibril17_Antibody_bound,+,fta1 * Antibody_unbound_ISF * AB40_Fibril17,,,,,,,,,,,,,,
AB40_Fibril17_PVS,+,AB40_Fibril17_to_PVS,(1 - sigma_ISF_ABeta40_oligomer17)*Q_PVS*AB40_Fibril17,,AB40_Fibril17_PVS,-,(fta2 * C_Antibody_unbound_PVS * AB40_Fibril17_PVS),,,,,,,,,,,,,,
AB40_Fibril17_PVS,-,AB40_Fibril17_PVS_binding,fta2*AB40_Fibril17_PVS*C_Antibody_unbound_PVS*V_PVS,,AB40_Fibril17_PVS,+,(1 - sigma_ISF_ABeta40_oligomer017) * Q_PVS * AB40_Fibril17 / V_PVS,,,,,,,,,,,,,,
AB40_Fibril17_PVS,-,AB40_Fibril17_PVS_clearance,(1 - sigma_PVS_AB40)*Q_PVS*AB40_Fibril17_PVS,,AB40_Fibril17_PVS,-,((1 - sigma_PVS_ABeta40) * Q_PVS * AB40_Fibril17_PVS / V_PVS),,,,,,,,,,,,,,
AB40_Fibril17_PVS_bound,+,AB40_Fibril17_PVS_binding,fta2*AB40_Fibril17_PVS*C_Antibody_unbound_PVS*V_PVS,,AB40_Fibril17_PVS_bound,+,fta2 * C_Antibody_unbound_PVS * AB40_Fibril17_PVS,,,,,,,,,,,,,,
AB40_Fibril17_PVS_bound,-,AB40_Fibril17_PVS_bound_clearance,(1 - sigma_PVS_AB40_bound)*Q_PVS*AB40_Fibril17_PVS_bound,,AB40_Fibril17_PVS_bound,-,((1 - sigma_PVS_ABeta40_bound) * Q_PVS * AB40_Fibril17_PVS_bound / V_PVS),,,,,,,,,,,,,,
AB40_Fibril18,+,AB40_Fibril18_formation,k_F17_F18_forty*AB40_Fibril17*AB40_Monomer*VIS_brain,,AB40_Fibril18,+,k_F17_F18_forty * AB40_Monomer * AB40_Fibril17,,,,,,,,,,,,,,
AB40_Fibril18,-,AB40_Fibril17_formation_from_fibril18,k_F18_F17_forty*AB40_Fibril18*VIS_brain,,AB40_Fibril18,-,(k_F18_F17_forty * AB40_Fibril18),,,,,,,,,,,,,,
AB40_Fibril18,-,AB40_Plaque_formation_from_Fibril18,k_F18_Plaque_forty*AB40_Fibril18*AB40_Monomer*VIS_brain,,AB40_Fibril18,-,(k_F18_F19_forty * AB40_Monomer * AB40_Fibril18),,,,,,,,,,,,,,
AB40_Fibril18,-,AB40_Fibril18_antibody_binding,fta2*Ab_t*AB40_Fibril18*VIS_brain,,AB40_Fibril18,+,k_F19_F18_forty * AB40_Fibril19,,,,,,,,,,,,,,
AB40_Fibril18,-,AB40_Fibril18_microglia_clearance,Microglia_Vmax_forty*AB40_Fibril18*Microglia_cell_count*(Microglia_Hi_Fract*Microglia_CL_high_AB40 + (1 - Microglia_Hi_Fract)*Microglia_CL_low_AB40)*VIS_brain,,AB40_Fibril18,-,(fta2 * Antibody_unbound_ISF * AB40_Fibril18),,,,,,,,,,,,,,
AB40_Fibril18,-,AB40_fibril19_formation,k_F18_F19_forty*AB40_Fibril18*AB40_Monomer*VIS_brain,,AB40_Fibril18,-,(AB40_Fibril18 * Microglia_cell_count * (Microglia_Hi_Fract * Microglia_CL_high_AB40 + (1 - Microglia_Hi_Fract) * Microglia_CL_low_AB40)),,,,,,,,,,,,,,
AB40_Fibril18,+,AB40_fibril19_dissociation,k_F19_F18_forty*AB40_Fibril19*VIS_brain,,AB40_Fibril18,-,(K_F18_Plaque_forty * AB40_Fibril18 * AB40_Monomer),,,,,,,,,,,,,,
AB40_Fibril18,-,AB40_Fibril18_to_PVS,(1 - sigma_ISF_ABeta40_oligomer18)*Q_PVS*AB40_Fibril18,,AB40_Fibril18,-,((1 - sigma_ISF_ABeta40_oligomer018) * Q_PVS * AB40_Fibril18 / vol_brain_ISF),,,,,,,,,,,,,,
AB40_Fibril18_Antibody_bound,+,AB40_Fibril18_antibody_binding,fta2*Ab_t*AB40_Fibril18*VIS_brain,,AB40_Fibril18_Antibody_bound,-,(AB40_Fibril18_Antibody_bound * Microglia_cell_count * (Microglia_Hi_Fract * Microglia_CL_high_mab + (1 - Microglia_Hi_Fract) * Microglia_CL_low_mAb)),,,,,,,,,,,,,,
AB40_Fibril18_Antibody_bound,-,AB40_Fibril18_Antibody_bound_microglia_clearance,Microglia_Vmax_forty*AB40_Fibril18_Antibody_bound*Microglia_cell_count*(Microglia_Hi_Fract*Microglia_CL_high_mAb + (1 - Microglia_Hi_Fract)*Microglia_CL_low_mAb)*VIS_brain,,AB40_Fibril18_Antibody_bound,+,fta2 * Antibody_unbound_ISF * AB40_Fibril18,,,,,,,,,,,,,,
AB40_Fibril18_PVS,+,AB40_Fibril18_to_PVS,(1 - sigma_ISF_ABeta40_oligomer18)*Q_PVS*AB40_Fibril18,,AB40_Fibril18_PVS,-,(fta2 * C_Antibody_unbound_PVS * AB40_Fibril18_PVS),,,,,,,,,,,,,,
AB40_Fibril18_PVS,-,AB40_Fibril18_PVS_binding,fta2*AB40_Fibril18_PVS*C_Antibody_unbound_PVS*V_PVS,,AB40_Fibril18_PVS,+,(1 - sigma_ISF_ABeta40_oligomer018) * Q_PVS * AB40_Fibril18 / V_PVS,,,,,,,,,,,,,,
AB40_Fibril18_PVS,-,AB40_Fibril18_PVS_clearance,(1 - sigma_PVS_AB40)*Q_PVS*AB40_Fibril18_PVS,,AB40_Fibril18_PVS,-,((1 - sigma_PVS_ABeta40) * Q_PVS * AB40_Fibril18_PVS / V_PVS),,,,,,,,,,,,,,
AB40_Fibril18_PVS_bound,+,AB40_Fibril18_PVS_binding,fta2*AB40_Fibril18_PVS*C_Antibody_unbound_PVS*V_PVS,,AB40_Fibril18_PVS_bound,+,fta2 * C_Antibody_unbound_PVS * AB40_Fibril18_PVS,,,,,,,,,,,,,,
AB40_Fibril18_PVS_bound,-,AB40_Fibril18_PVS_bound_clearance,(1 - sigma_PVS_AB40_bound)*Q_PVS*AB40_Fibril18_PVS_bound,,AB40_Fibril18_PVS_bound,-,((1 - sigma_PVS_ABeta40_bound) * Q_PVS * AB40_Fibril18_PVS_bound / V_PVS),,,,,,,,,,,,,,
AB40_Fibril19,+,AB40_fibril19_formation,k_F18_F19_forty*AB40_Fibril18*AB40_Monomer*VIS_brain,,AB40_Fibril19,+,k_F18_F19_forty * AB40_Monomer * AB40_Fibril18,,,,,,,,,,,,,,
AB40_Fibril19,-,AB40_fibril19_dissociation,k_F19_F18_forty*AB40_Fibril19*VIS_brain,,AB40_Fibril19,-,(k_F19_F18_forty * AB40_Fibril19),,,,,,,,,,,,,,
AB40_Fibril19,-,AB40_antibody_fibril19_binding,fta2*AB40_Fibril19*Ab_t*VIS_brain,,AB40_Fibril19,-,(k_F19_F20_forty * AB40_Monomer * AB40_Fibril19),,,,,,,,,,,,,,
AB40_Fibril19,-,AB40_microglia_fibril19_clearance,Microglia_Vmax_forty*AB40_Fibril19*Microglia_cell_count*(Microglia_Hi_Fract*Microglia_CL_high_AB40 + (1 - Microglia_Hi_Fract)*Microglia_CL_low_AB40)*VIS_brain,,AB40_Fibril19,+,k_F20_F19_forty * AB40_Fibril20,,,,,,,,,,,,,,
AB40_Fibril19,-,AB40_fibril20_formation,k_F19_F20_forty*AB40_Fibril19*AB40_Monomer*VIS_brain,,AB40_Fibril19,-,(fta2 * Antibody_unbound_ISF * AB40_Fibril19),,,,,,,,,,,,,,
AB40_Fibril19,+,AB40_fibril20_dissociation,k_F20_F19_forty*AB40_Fibril20*VIS_brain,,AB40_Fibril19,-,(AB40_Fibril19 * Microglia_cell_count * (Microglia_Hi_Fract * Microglia_CL_high_AB40 + (1 - Microglia_Hi_Fract) * Microglia_CL_low_AB40)),,,,,,,,,,,,,,
AB40_Fibril19,-,AB40_Fibril19_to_PVS,(1 - sigma_ISF_ABeta40_oligomer19)*Q_PVS*AB40_Fibril19,,AB40_Fibril19,-,((1 - sigma_ISF_ABeta40_oligomer019) * Q_PVS * AB40_Fibril19 / vol_brain_ISF),,,,,,,,,,,,,,
AB40_Fibril19_Antibody_bound,+,AB40_antibody_fibril19_binding,fta2*AB40_Fibril19*Ab_t*VIS_brain,,AB40_Fibril19_Antibody_bound,-,(AB40_Fibril19_Antibody_bound * Microglia_cell_count * (Microglia_Hi_Fract * Microglia_CL_high_mab + (1 - Microglia_Hi_Fract) * Microglia_CL_low_mAb)),,,,,,,,,,,,,,
AB40_Fibril19_Antibody_bound,-,AB40_Fibril19_Antibody_bound_microglia_clearance,Microglia_Vmax_forty*AB40_Fibril19_Antibody_bound*Microglia_cell_count*(Microglia_Hi_Fract*Microglia_CL_high_mAb + (1 - Microglia_Hi_Fract)*Microglia_CL_low_mAb)*VIS_brain,,AB40_Fibril19_Antibody_bound,+,fta2 * Antibody_unbound_ISF * AB40_Fibril19,,,,,,,,,,,,,,
AB40_Fibril19_PVS,+,AB40_Fibril19_to_PVS,(1 - sigma_ISF_ABeta40_oligomer19)*Q_PVS*AB40_Fibril19,,AB40_Fibril19_PVS,-,(fta2 * C_Antibody_unbound_PVS * AB40_Fibril19_PVS),,,,,,,,,,,,,,
AB40_Fibril19_PVS,-,AB40_Fibril19_PVS_binding,fta2*AB40_Fibril19_PVS*C_Antibody_unbound_PVS*V_PVS,,AB40_Fibril19_PVS,+,(1 - sigma_ISF_ABeta40_oligomer019) * Q_PVS * AB40_Fibril19 / V_PVS,,,,,,,,,,,,,,
AB40_Fibril19_PVS,-,AB40_Fibril19_PVS_clearance,(1 - sigma_PVS_AB40)*Q_PVS*AB40_Fibril19_PVS,,AB40_Fibril19_PVS,-,((1 - sigma_PVS_ABeta40) * Q_PVS * AB40_Fibril19_PVS / V_PVS),,,,,,,,,,,,,,
AB40_Fibril19_PVS_bound,+,AB40_Fibril19_PVS_binding,fta2*AB40_Fibril19_PVS*C_Antibody_unbound_PVS*V_PVS,,AB40_Fibril19_PVS_bound,+,fta2 * C_Antibody_unbound_PVS * AB40_Fibril19_PVS,,,,,,,,,,,,,,
AB40_Fibril19_PVS_bound,-,AB40_Fibril19_PVS_bound_clearance,(1 - sigma_PVS_AB40_bound)*Q_PVS*AB40_Fibril19_PVS_bound,,AB40_Fibril19_PVS_bound,-,((1 - sigma_PVS_ABeta40_bound) * Q_PVS * AB40_Fibril19_PVS_bound / V_PVS),,,,,,,,,,,,,,
AB40_Fibril20,+,AB40_fibril20_formation,k_F19_F20_forty*AB40_Fibril19*AB40_Monomer*VIS_brain,,AB40_Fibril20,+,k_F19_F20_forty * AB40_Monomer * AB40_Fibril19,,,,,,,,,,,,,,
AB40_Fibril20,-,AB40_fibril20_dissociation,k_F20_F19_forty*AB40_Fibril20*VIS_brain,,AB40_Fibril20,-,(k_F20_F19_forty * AB40_Fibril20),,,,,,,,,,,,,,
AB40_Fibril20,-,AB40_antibody_fibril20_binding,fta2*AB40_Fibril20*Ab_t*VIS_brain,,AB40_Fibril20,-,(k_F20_F21_forty * AB40_Monomer * AB40_Fibril20),,,,,,,,,,,,,,
AB40_Fibril20,-,AB40_microglia_fibril20_clearance,Microglia_Vmax_forty*AB40_Fibril20*Microglia_cell_count*(Microglia_Hi_Fract*Microglia_CL_high_AB40 + (1 - Microglia_Hi_Fract)*Microglia_CL_low_AB40)*VIS_brain,,AB40_Fibril20,+,k_F21_F20_forty * AB40_Fibril21,,,,,,,,,,,,,,
AB40_Fibril20,-,AB40_fibril21_formation,k_F20_F21_forty*AB40_Fibril20*AB40_Monomer*VIS_brain,,AB40_Fibril20,-,(fta2 * Antibody_unbound_ISF * AB40_Fibril20),,,,,,,,,,,,,,
AB40_Fibril20,+,AB40_fibril21_dissociation,k_F21_F20_forty*AB40_Fibril21*VIS_brain,,AB40_Fibril20,-,(AB40_Fibril20 * Microglia_cell_count * (Microglia_Hi_Fract * Microglia_CL_high_AB40 + (1 - Microglia_Hi_Fract) * Microglia_CL_low_AB40)),,,,,,,,,,,,,,
AB40_Fibril20,-,AB40_Fibril20_to_PVS,(1 - sigma_ISF_ABeta40_oligomer20)*Q_PVS*AB40_Fibril20,,AB40_Fibril20,-,((1 - sigma_ISF_ABeta40_oligomer020) * Q_PVS * AB40_Fibril20 / vol_brain_ISF),,,,,,,,,,,,,,
AB40_Fibril20_Antibody_bound,+,AB40_antibody_fibril20_binding,fta2*AB40_Fibril20*Ab_t*VIS_brain,,AB40_Fibril20_Antibody_bound,-,(AB40_Fibril20_Antibody_bound * Microglia_cell_count * (Microglia_Hi_Fract * Microglia_CL_high_mab + (1 - Microglia_Hi_Fract) * Microglia_CL_low_mAb)),,,,,,,,,,,,,,
AB40_Fibril20_Antibody_bound,-,AB40_Fibril20_Antibody_bound_microglia_clearance,Microglia_Vmax_forty*AB40_Fibril20_Antibody_bound*Microglia_cell_count*(Microglia_Hi_Fract*Microglia_CL_high_mAb + (1 - Microglia_Hi_Fract)*Microglia_CL_low_mAb)*VIS_brain,,AB40_Fibril20_Antibody_bound,+,fta2 * Antibody_unbound_ISF * AB40_Fibril20,,,,,,,,,,,,,,
AB40_Fibril20_PVS,+,AB40_Fibril20_to_PVS,(1 - sigma_ISF_ABeta40_oligomer20)*Q_PVS*AB40_Fibril20,,AB40_Fibril20_PVS,-,(fta2 * C_Antibody_unbound_PVS * AB40_Fibril20_PVS),,,,,,,,,,,,,,
AB40_Fibril20_PVS,-,AB40_Fibril20_PVS_binding,fta2*AB40_Fibril20_PVS*C_Antibody_unbound_PVS*V_PVS,,AB40_Fibril20_PVS,+,(1 - sigma_ISF_ABeta40_oligomer020) * Q_PVS * AB40_Fibril20 / V_PVS,,,,,,,,,,,,,,
AB40_Fibril20_PVS,-,AB40_Fibril20_PVS_clearance,(1 - sigma_PVS_AB40)*Q_PVS*AB40_Fibril20_PVS,,AB40_Fibril20_PVS,-,((1 - sigma_PVS_ABeta40) * Q_PVS * AB40_Fibril20_PVS / V_PVS),,,,,,,,,,,,,,
AB40_Fibril20_PVS_bound,+,AB40_Fibril20_PVS_binding,fta2*AB40_Fibril20_PVS*C_Antibody_unbound_PVS*V_PVS,,AB40_Fibril20_PVS_bound,+,fta2 * C_Antibody_unbound_PVS * AB40_Fibril20_PVS,,,,,,,,,,,,,,
AB40_Fibril20_PVS_bound,-,AB40_Fibril20_PVS_bound_clearance,(1 - sigma_PVS_AB40_bound)*Q_PVS*AB40_Fibril20_PVS_bound,,AB40_Fibril20_PVS_bound,-,((1 - sigma_PVS_ABeta40_bound) * Q_PVS * AB40_Fibril20_PVS_bound / V_PVS),,,,,,,,,,,,,,
AB40_Fibril21,+,AB40_fibril21_formation,k_F20_F21_forty*AB40_Fibril20*AB40_Monomer*VIS_brain,,AB40_Fibril21,+,k_F20_F21_forty * AB40_Monomer * AB40_Fibril20,,,,,,,,,,,,,,
AB40_Fibril21,-,AB40_fibril21_dissociation,k_F21_F20_forty*AB40_Fibril21*VIS_brain,,AB40_Fibril21,-,(k_F21_F20_forty * AB40_Fibril21),,,,,,,,,,,,,,
AB40_Fibril21,-,AB40_antibody_fibril21_binding,fta2*AB40_Fibril21*Ab_t*VIS_brain,,AB40_Fibril21,-,(k_F21_F22_forty * AB40_Monomer * AB40_Fibril21),,,,,,,,,,,,,,
AB40_Fibril21,-,AB40_microglia_fibril21_clearance,Microglia_Vmax_forty*AB40_Fibril21*Microglia_cell_count*(Microglia_Hi_Fract*Microglia_CL_high_AB40 + (1 - Microglia_Hi_Fract)*Microglia_CL_low_AB40)*VIS_brain,,AB40_Fibril21,+,k_F22_F21_forty * AB40_Fibril22,,,,,,,,,,,,,,
AB40_Fibril21,-,AB40_fibril22_formation,k_F21_F22_forty*AB40_Fibril21*AB40_Monomer*VIS_brain,,AB40_Fibril21,-,(fta2 * Antibody_unbound_ISF * AB40_Fibril21),,,,,,,,,,,,,,
AB40_Fibril21,+,AB40_fibril22_dissociation,k_F22_F21_forty*AB40_Fibril22*VIS_brain,,AB40_Fibril21,-,(AB40_Fibril21 * Microglia_cell_count * (Microglia_Hi_Fract * Microglia_CL_high_AB40 + (1 - Microglia_Hi_Fract) * Microglia_CL_low_AB40)),,,,,,,,,,,,,,
AB40_Fibril21,-,AB40_Fibril21_to_PVS,(1 - sigma_ISF_ABeta40_oligomer21)*Q_PVS*AB40_Fibril21,,AB40_Fibril21,-,((1 - sigma_ISF_ABeta40_oligomer021) * Q_PVS * AB40_Fibril21 / vol_brain_ISF),,,,,,,,,,,,,,
AB40_Fibril21_Antibody_bound,+,AB40_antibody_fibril21_binding,fta2*AB40_Fibril21*Ab_t*VIS_brain,,AB40_Fibril21_Antibody_bound,-,(AB40_Fibril21_Antibody_bound * Microglia_cell_count * (Microglia_Hi_Fract * Microglia_CL_high_mab + (1 - Microglia_Hi_Fract) * Microglia_CL_low_mAb)),,,,,,,,,,,,,,
AB40_Fibril21_Antibody_bound,-,AB40_Fibril21_Antibody_bound_microglia_clearance,Microglia_Vmax_forty*AB40_Fibril21_Antibody_bound*Microglia_cell_count*(Microglia_Hi_Fract*Microglia_CL_high_mAb + (1 - Microglia_Hi_Fract)*Microglia_CL_low_mAb)*VIS_brain,,AB40_Fibril21_Antibody_bound,+,fta2 * Antibody_unbound_ISF * AB40_Fibril21,,,,,,,,,,,,,,
AB40_Fibril21_PVS,+,AB40_Fibril21_to_PVS,(1 - sigma_ISF_ABeta40_oligomer21)*Q_PVS*AB40_Fibril21,,AB40_Fibril21_PVS,-,(fta2 * C_Antibody_unbound_PVS * AB40_Fibril21_PVS),,,,,,,,,,,,,,
AB40_Fibril21_PVS,-,AB40_Fibril21_PVS_binding,fta2*AB40_Fibril21_PVS*C_Antibody_unbound_PVS*V_PVS,,AB40_Fibril21_PVS,+,(1 - sigma_ISF_ABeta40_oligomer021) * Q_PVS * AB40_Fibril21 / V_PVS,,,,,,,,,,,,,,
AB40_Fibril21_PVS,-,AB40_Fibril21_PVS_clearance,(1 - sigma_PVS_AB40)*Q_PVS*AB40_Fibril21_PVS,,AB40_Fibril21_PVS,-,((1 - sigma_PVS_ABeta40) * Q_PVS * AB40_Fibril21_PVS / V_PVS),,,,,,,,,,,,,,
AB40_Fibril21_PVS_bound,+,AB40_Fibril21_PVS_binding,fta2*AB40_Fibril21_PVS*C_Antibody_unbound_PVS*V_PVS,,AB40_Fibril21_PVS_bound,+,fta2 * C_Antibody_unbound_PVS * AB40_Fibril21_PVS,,,,,,,,,,,,,,
AB40_Fibril21_PVS_bound,-,AB40_Fibril21_PVS_bound_clearance,(1 - sigma_PVS_AB40_bound)*Q_PVS*AB40_Fibril21_PVS_bound,,AB40_Fibril21_PVS_bound,-,((1 - sigma_PVS_ABeta40_bound) * Q_PVS * AB40_Fibril21_PVS_bound / V_PVS),,,,,,,,,,,,,,
AB40_Fibril22,+,AB40_fibril22_formation,k_F21_F22_forty*AB40_Fibril21*AB40_Monomer*VIS_brain,,AB40_Fibril22,+,k_F21_F22_forty * AB40_Monomer * AB40_Fibril21,,,,,,,,,,,,,,
AB40_Fibril22,-,AB40_fibril22_dissociation,k_F22_F21_forty*AB40_Fibril22*VIS_brain,,AB40_Fibril22,-,(k_F22_F21_forty * AB40_Fibril22),,,,,,,,,,,,,,
AB40_Fibril22,-,AB40_antibody_fibril22_binding,fta2*AB40_Fibril22*Ab_t*VIS_brain,,AB40_Fibril22,-,(k_F22_F23_forty * AB40_Monomer * AB40_Fibril22),,,,,,,,,,,,,,
AB40_Fibril22,-,AB40_microglia_fibril22_clearance,Microglia_Vmax_forty*AB40_Fibril22*Microglia_cell_count*(Microglia_Hi_Fract*Microglia_CL_high_AB40 + (1 - Microglia_Hi_Fract)*Microglia_CL_low_AB40)*VIS_brain,,AB40_Fibril22,+,k_F23_F22_forty * AB40_Fibril23,,,,,,,,,,,,,,
AB40_Fibril22,-,AB40_fibril23_formation,k_F22_F23_forty*AB40_Fibril22*AB40_Monomer*VIS_brain,,AB40_Fibril22,-,(fta2 * Antibody_unbound_ISF * AB40_Fibril22),,,,,,,,,,,,,,
AB40_Fibril22,+,AB40_fibril23_dissociation,k_F23_F22_forty*AB40_Fibril23*VIS_brain,,AB40_Fibril22,-,(AB40_Fibril22 * Microglia_cell_count * (Microglia_Hi_Fract * Microglia_CL_high_AB40 + (1 - Microglia_Hi_Fract) * Microglia_CL_low_AB40)),,,,,,,,,,,,,,
AB40_Fibril22,-,AB40_Fibril22_to_PVS,(1 - sigma_ISF_ABeta40_oligomer22)*Q_PVS*AB40_Fibril22,,AB40_Fibril22,-,((1 - sigma_ISF_ABeta40_oligomer022) * Q_PVS * AB40_Fibril22 / vol_brain_ISF),,,,,,,,,,,,,,
AB40_Fibril22_Antibody_bound,+,AB40_antibody_fibril22_binding,fta2*AB40_Fibril22*Ab_t*VIS_brain,,AB40_Fibril22_Antibody_bound,-,(AB40_Fibril22_Antibody_bound * Microglia_cell_count * (Microglia_Hi_Fract * Microglia_CL_high_mab + (1 - Microglia_Hi_Fract) * Microglia_CL_low_mAb)),,,,,,,,,,,,,,
AB40_Fibril22_Antibody_bound,-,AB40_Fibril22_Antibody_bound_microglia_clearance,Microglia_Vmax_forty*AB40_Fibril22_Antibody_bound*Microglia_cell_count*(Microglia_Hi_Fract*Microglia_CL_high_mAb + (1 - Microglia_Hi_Fract)*Microglia_CL_low_mAb)*VIS_brain,,AB40_Fibril22_Antibody_bound,+,fta2 * Antibody_unbound_ISF * AB40_Fibril22,,,,,,,,,,,,,,
AB40_Fibril22_PVS,+,AB40_Fibril22_to_PVS,(1 - sigma_ISF_ABeta40_oligomer22)*Q_PVS*AB40_Fibril22,,AB40_Fibril22_PVS,-,(fta2 * C_Antibody_unbound_PVS * AB40_Fibril22_PVS),,,,,,,,,,,,,,
AB40_Fibril22_PVS,-,AB40_Fibril22_PVS_binding,fta2*AB40_Fibril22_PVS*C_Antibody_unbound_PVS*V_PVS,,AB40_Fibril22_PVS,+,(1 - sigma_ISF_ABeta40_oligomer022) * Q_PVS * AB40_Fibril22 / V_PVS,,,,,,,,,,,,,,
AB40_Fibril22_PVS,-,AB40_Fibril22_PVS_clearance,(1 - sigma_PVS_AB40)*Q_PVS*AB40_Fibril22_PVS,,AB40_Fibril22_PVS,-,((1 - sigma_PVS_ABeta40) * Q_PVS * AB40_Fibril22_PVS / V_PVS),,,,,,,,,,,,,,
AB40_Fibril22_PVS_bound,+,AB40_Fibril22_PVS_binding,fta2*AB40_Fibril22_PVS*C_Antibody_unbound_PVS*V_PVS,,AB40_Fibril22_PVS_bound,+,fta2 * C_Antibody_unbound_PVS * AB40_Fibril22_PVS,,,,,,,,,,,,,,
AB40_Fibril22_PVS_bound,-,AB40_Fibril22_PVS_bound_clearance,(1 - sigma_PVS_AB40_bound)*Q_PVS*AB40_Fibril22_PVS_bound,,AB40_Fibril22_PVS_bound,-,((1 - sigma_PVS_ABeta40_bound) * Q_PVS * AB40_Fibril22_PVS_bound / V_PVS),,,,,,,,,,,,,,
AB40_Fibril23,+,AB40_fibril23_formation,k_F22_F23_forty*AB40_Fibril22*AB40_Monomer*VIS_brain,,AB40_Fibril23,+,k_F22_F23_forty * AB40_Monomer * AB40_Fibril22,,,,,,,,,,,,,,
AB40_Fibril23,-,AB40_fibril23_dissociation,k_F23_F22_forty*AB40_Fibril23*VIS_brain,,AB40_Fibril23,-,(k_F23_F22_forty * AB40_Fibril23),,,,,,,,,,,,,,
AB40_Fibril23,-,AB40_antibody_fibril23_binding,fta2*AB40_Fibril23*Ab_t*VIS_brain,,AB40_Fibril23,-,(k_F23_F24_forty * AB40_Monomer * AB40_Fibril23),,,,,,,,,,,,,,
AB40_Fibril23,-,AB40_microglia_fibril23_clearance,Microglia_Vmax_forty*AB40_Fibril23*Microglia_cell_count*(Microglia_Hi_Fract*Microglia_CL_high_AB40 + (1 - Microglia_Hi_Fract)*Microglia_CL_low_AB40)*VIS_brain,,AB40_Fibril23,+,k_F24_F23_forty * AB40_Fibril24,,,,,,,,,,,,,,
AB40_Fibril23,-,AB40_fibril24_formation,k_F23_F24_forty*AB40_Fibril23*AB40_Monomer*VIS_brain,,AB40_Fibril23,-,(fta2 * Antibody_unbound_ISF * AB40_Fibril23),,,,,,,,,,,,,,
AB40_Fibril23,+,AB40_fibril24_dissociation,k_F24_F23_forty*AB40_Fibril24*VIS_brain,,AB40_Fibril23,-,(AB40_Fibril23 * Microglia_cell_count * (Microglia_Hi_Fract * Microglia_CL_high_AB40 + (1 - Microglia_Hi_Fract) * Microglia_CL_low_AB40)),,,,,,,,,,,,,,
AB40_Fibril23,-,AB40_Fibril23_to_PVS,(1 - sigma_ISF_ABeta40_oligomer23)*Q_PVS*AB40_Fibril23,,AB40_Fibril23,-,((1 - sigma_ISF_ABeta40_oligomer023) * Q_PVS * AB40_Fibril23 / vol_brain_ISF),,,,,,,,,,,,,,
AB40_Fibril23_Antibody_bound,+,AB40_antibody_fibril23_binding,fta2*AB40_Fibril23*Ab_t*VIS_brain,,AB40_Fibril23_Antibody_bound,-,(AB40_Fibril23_Antibody_bound * Microglia_cell_count * (Microglia_Hi_Fract * Microglia_CL_high_mab + (1 - Microglia_Hi_Fract) * Microglia_CL_low_mAb)),,,,,,,,,,,,,,
AB40_Fibril23_Antibody_bound,-,AB40_Fibril23_Antibody_bound_microglia_clearance,Microglia_Vmax_forty*AB40_Fibril23_Antibody_bound*Microglia_cell_count*(Microglia_Hi_Fract*Microglia_CL_high_mAb + (1 - Microglia_Hi_Fract)*Microglia_CL_low_mAb)*VIS_brain,,AB40_Fibril23_Antibody_bound,+,fta2 * Antibody_unbound_ISF * AB40_Fibril23,,,,,,,,,,,,,,
AB40_Fibril23_PVS,+,AB40_Fibril23_to_PVS,(1 - sigma_ISF_ABeta40_oligomer23)*Q_PVS*AB40_Fibril23,,AB40_Fibril23_PVS,-,(fta2 * C_Antibody_unbound_PVS * AB40_Fibril23_PVS),,,,,,,,,,,,,,
AB40_Fibril23_PVS,-,AB40_Fibril23_PVS_binding,fta2*AB40_Fibril23_PVS*C_Antibody_unbound_PVS*V_PVS,,AB40_Fibril23_PVS,+,(1 - sigma_ISF_ABeta40_oligomer023) * Q_PVS * AB40_Fibril23 / V_PVS,,,,,,,,,,,,,,
AB40_Fibril23_PVS,-,AB40_Fibril23_PVS_clearance,(1 - sigma_PVS_AB40)*Q_PVS*AB40_Fibril23_PVS,,AB40_Fibril23_PVS,-,((1 - sigma_PVS_ABeta40) * Q_PVS * AB40_Fibril23_PVS / V_PVS),,,,,,,,,,,,,,
AB40_Fibril23_PVS_bound,+,AB40_Fibril23_PVS_binding,fta2*AB40_Fibril23_PVS*C_Antibody_unbound_PVS*V_PVS,,AB40_Fibril23_PVS_bound,+,fta2 * C_Antibody_unbound_PVS * AB40_Fibril23_PVS,,,,,,,,,,,,,,
AB40_Fibril23_PVS_bound,-,AB40_Fibril23_PVS_bound_clearance,(1 - sigma_PVS_AB40_bound)*Q_PVS*AB40_Fibril23_PVS_bound,,AB40_Fibril23_PVS_bound,-,((1 - sigma_PVS_ABeta40_bound) * Q_PVS * AB40_Fibril23_PVS_bound / V_PVS),,,,,,,,,,,,,,
AB40_Fibril24,+,AB40_fibril24_formation,k_F23_F24_forty*AB40_Fibril23*AB40_Monomer*VIS_brain,,AB40_Fibril24,+,k_F23_F24_forty * AB40_Monomer * AB40_Fibril23,,,,,,,,,,,,,,
AB40_Fibril24,-,AB40_fibril24_dissociation,k_F24_F23_forty*AB40_Fibril24*VIS_brain,,AB40_Fibril24,-,(k_F24_F23_forty * AB40_Fibril24),,,,,,,,,,,,,,
AB40_Fibril24,-,AB40_fibril24_breakdown,k_F24_O12_forty*k_F24_F23_forty*AB40_Fibril24*VIS_brain,,AB40_Fibril24,-,(fta2 * Antibody_unbound_ISF * AB40_Fibril24),,,,,,,,,,,,,,
AB40_Fibril24,-,AB40_antibody_fibril24_binding,fta2*AB40_Fibril24*Ab_t*VIS_brain,,AB40_Fibril24,-,(AB40_Fibril24 * Microglia_cell_count * (Microglia_Hi_Fract * Microglia_CL_high_AB40 + (1 - Microglia_Hi_Fract) * Microglia_CL_low_AB40)),,,,,,,,,,,,,,
AB40_Fibril24,-,AB40_microglia_fibril24_clearance,Microglia_Vmax_forty*AB40_Fibril24*Microglia_cell_count*(Microglia_Hi_Fract*Microglia_CL_high_AB40 + (1 - Microglia_Hi_Fract)*Microglia_CL_low_AB40)*VIS_brain,,AB40_Fibril24,-,(k_F24_O12_forty * k_F24_F23_forty * AB40_Fibril24),,,,,,,,,,,,,,
AB40_Fibril24,-,AB40_Fibril24_to_PVS,(1 - sigma_ISF_ABeta40_oligomer24)*Q_PVS*AB40_Fibril24,,AB40_Fibril24,-,((1 - sigma_ISF_ABeta40_oligomer024) * Q_PVS * AB40_Fibril24 / vol_brain_ISF),,,,,,,,,,,,,,
AB40_Fibril24_Antibody_bound,+,AB40_antibody_fibril24_binding,fta2*AB40_Fibril24*Ab_t*VIS_brain,,AB40_Fibril24_Antibody_bound,-,(AB40_Fibril24_Antibody_bound * Microglia_cell_count * (Microglia_Hi_Fract * Microglia_CL_high_mab + (1 - Microglia_Hi_Fract) * Microglia_CL_low_mAb)),,,,,,,,,,,,,,
AB40_Fibril24_Antibody_bound,-,AB40_Fibril24_Antibody_bound_microglia_clearance,Microglia_Vmax_forty*AB40_Fibril24_Antibody_bound*Microglia_cell_count*(Microglia_Hi_Fract*Microglia_CL_high_mAb + (1 - Microglia_Hi_Fract)*Microglia_CL_low_mAb)*VIS_brain,,AB40_Fibril24_Antibody_bound,+,fta2 * Antibody_unbound_ISF * AB40_Fibril24,,,,,,,,,,,,,,
AB40_Fibril24_PVS,+,AB40_Fibril24_to_PVS,(1 - sigma_ISF_ABeta40_oligomer24)*Q_PVS*AB40_Fibril24,,AB40_Fibril24_PVS,-,(fta2 * C_Antibody_unbound_PVS * AB40_Fibril24_PVS),,,,,,,,,,,,,,
AB40_Fibril24_PVS,-,AB40_Fibril24_PVS_binding,fta2*AB40_Fibril24_PVS*C_Antibody_unbound_PVS*V_PVS,,AB40_Fibril24_PVS,+,(1 - sigma_ISF_ABeta40_oligomer024) * Q_PVS * AB40_Fibril24 / V_PVS,,,,,,,,,,,,,,
AB40_Fibril24_PVS,-,AB40_Fibril24_PVS_clearance,(1 - sigma_PVS_AB40)*Q_PVS*AB40_Fibril24_PVS,,AB40_Fibril24_PVS,-,((1 - sigma_PVS_ABeta40) * Q_PVS * AB40_Fibril24_PVS / V_PVS),,,,,,,,,,,,,,
AB40_Fibril24_PVS_bound,+,AB40_Fibril24_PVS_binding,fta2*AB40_Fibril24_PVS*C_Antibody_unbound_PVS*V_PVS,,AB40_Fibril24_PVS_bound,+,fta2 * C_Antibody_unbound_PVS * AB40_Fibril24_PVS,,,,,,,,,,,,,,
AB40_Fibril24_PVS_bound,-,AB40_Fibril24_PVS_bound_clearance,(1 - sigma_PVS_AB40_bound)*Q_PVS*AB40_Fibril24_PVS_bound,,AB40_Fibril24_PVS_bound,-,((1 - sigma_PVS_ABeta40_bound) * Q_PVS * AB40_Fibril24_PVS_bound / V_PVS),,,,,,,,,,,,,,
AB40_Monomer,+,C99_to_AB40,k_in_AB40*C99*VIS_brain,,AB40_Monomer,-,(k_F17_F18_forty * AB40_Monomer * AB40_Fibril17),,,,,,,,,,,,,,
AB40_Monomer,-,IDE_AB40_clearance,IDE_conc*CL_AB40_IDE*((AB40_Monomer*Unit_removal_1)^AB40_IDE_Hill/((AB40_Monomer*Unit_removal_1)^AB40_IDE_Hill + AB40_IDE_IC50^AB40_IDE_Hill))*VIS_brain,,AB40_Monomer,+,k_F17_O16_forty * AB40_Fibril17,,,,,,,,,,,,,,
AB40_Monomer,-,AB40_dimer_formation,k_M_O2_forty*AB40_Monomer*AB40_Monomer*VIS_brain,,AB40_Monomer,+,k_F18_F17_forty * AB40_Fibril18,,,,,,,,,,,,,,
AB40_Monomer,+,AB40_dimer_dissociation,k_O2_M_forty*AB40_Oligomer02*VIS_brain,,AB40_Monomer,-,(k_F18_F19_forty * AB40_Monomer * AB40_Fibril18),,,,,,,,,,,,,,
AB40_Monomer,-,AB40_Oligomer02_plaque_catalyzed_formation,k_M_O2_forty*AB40_Plaque_Vmax*AB40_Monomer*AB40_Monomer*(AB40_Plaque_unbound/(AB40_Plaque_unbound + AB40_Plaque_EC50))*VIS_brain,,AB40_Monomer,+,k_F19_F18_forty * AB40_Fibril19,,,,,,,,,,,,,,
AB40_Monomer,-,AB40_Oligomer03_formation,k_O2_O3_forty*AB40_Oligomer02*AB40_Monomer*VIS_brain,,AB40_Monomer,-,(k_F19_F20_forty * AB40_Monomer * AB40_Fibril19),,,,,,,,,,,,,,
AB40_Monomer,+,AB40_Oligomer03_dissociation,k_O3_O2_forty*AB40_Oligomer03*VIS_brain,,AB40_Monomer,+,k_F20_F19_forty * AB40_Fibril20,,,,,,,,,,,,,,
AB40_Monomer,-,AB40_Oligomer03_plaque_catalyzed_formation,k_O2_O3_forty*AB40_Plaque_Driven_Monomer_Addition_Vmax*AB40_Oligomer02*AB40_Monomer*(AB40_Plaque_unbound/(AB40_Plaque_unbound + AB40_Plaque_Driven_Monomer_Addition_EC50))*VIS_brain,,AB40_Monomer,-,(k_F20_F21_forty * AB40_Monomer * AB40_Fibril20),,,,,,,,,,,,,,
AB40_Monomer,-,AB40_Oligomer04_formation,k_O3_O4_forty*AB40_Oligomer03*AB40_Monomer*VIS_brain,,AB40_Monomer,+,k_F21_F20_forty * AB40_Fibril21,,,,,,,,,,,,,,
AB40_Monomer,+,AB40_Oligomer04_dissociation,k_O4_O3_forty*AB40_Oligomer04*VIS_brain,,AB40_Monomer,-,(k_F21_F22_forty * AB40_Monomer * AB40_Fibril21),,,,,,,,,,,,,,
AB40_Monomer,-,AB40_Oligomer04_plaque_catalyzed_formation,k_O3_O4_forty*AB40_Plaque_Driven_Monomer_Addition_Vmax*AB40_Oligomer03*AB40_Monomer*(AB40_Plaque_unbound/(AB40_Plaque_unbound + AB40_Plaque_Driven_Monomer_Addition_EC50))*VIS_brain,,AB40_Monomer,+,k_F22_F21_forty * AB40_Fibril22,,,,,,,,,,,,,,
AB40_Monomer,-,AB40_Oligomer05_formation,k_O4_O5_forty*AB40_Oligomer04*AB40_Monomer*VIS_brain,,AB40_Monomer,-,(k_F22_F23_forty * AB40_Monomer * AB40_Fibril22),,,,,,,,,,,,,,
AB40_Monomer,+,AB40_Oligomer05_dissociation,k_O5_O4_forty*AB40_Oligomer05*VIS_brain,,AB40_Monomer,+,k_F23_F22_forty * AB40_Fibril23,,,,,,,,,,,,,,
AB40_Monomer,-,AB40_Oligomer05_plaque_catalyzed_formation,k_O4_O5_forty*AB40_Plaque_Driven_Monomer_Addition_Vmax*AB40_Oligomer04*AB40_Monomer*(AB40_Plaque_unbound/(AB40_Plaque_unbound + AB40_Plaque_Driven_Monomer_Addition_EC50))*VIS_brain,,AB40_Monomer,-,(k_F23_F24_forty * AB40_Monomer * AB40_Fibril23),,,,,,,,,,,,,,
AB40_Monomer,-,AB40_Oligomer06_formation,k_O5_O6_forty*AB40_Oligomer05*AB40_Monomer*VIS_brain,,AB40_Monomer,+,k_F24_F23_forty * AB40_Fibril24,,,,,,,,,,,,,,
AB40_Monomer,+,AB40_Oligomer06_dissociation,k_O6_O5_forty*AB40_Oligomer06*VIS_brain,,AB40_Monomer,-,(K_F17_Plaque_forty * AB40_Fibril17 * AB40_Monomer),,,,,,,,,,,,,,
AB40_Monomer,-,AB40_Oligomer06_plaque_catalyzed_formation,k_O5_O6_forty*AB40_Plaque_Driven_Monomer_Addition_Vmax*AB40_Oligomer05*AB40_Monomer*(AB40_Plaque_unbound/(AB40_Plaque_unbound + AB40_Plaque_Driven_Monomer_Addition_EC50))*VIS_brain,,AB40_Monomer,-,(K_F18_Plaque_forty * AB40_Fibril18 * AB40_Monomer),,,,,,,,,,,,,,
AB40_Monomer,-,AB40_Oligomer07_formation,k_O6_O7_forty*AB40_Oligomer06*AB40_Monomer*VIS_brain,,AB40_Monomer,-,(fta0 * Antibody_unbound_ISF * AB40_Monomer),,,,,,,,,,,,,,
AB40_Monomer,+,AB40_Oligomer07_dissociation,k_O7_O6_forty*AB40_Oligomer07*VIS_brain,,AB40_Monomer,-,(2 * (k_M_O2_forty * AB40_Monomer * AB40_Monomer)),,,,,,,,,,,,,,
AB40_Monomer,-,AB40_Oligomer07_plaque_catalyzed_formation,k_O6_O7_forty*AB40_Plaque_Driven_Monomer_Addition_Vmax*AB40_Oligomer06*AB40_Monomer*(AB40_Plaque_unbound/(AB40_Plaque_unbound + AB40_Plaque_Driven_Monomer_Addition_EC50))*VIS_brain,,AB40_Monomer,-,(2 * (k_M_O2_forty * AB40_Plaque_Driven_Monomer_Addition_Vmax * AB40_Monomer * AB40_Monomer * (AB40_Plaque_unbound / (AB40_Plaque_unbound + AB40_Plaque_Driven_Monomer_Addition_EC50)))),,,,,,,,,,,,,,
AB40_Monomer,-,AB40_Oligomer08_formation,k_O7_O8_forty*AB40_Oligomer07*AB40_Monomer*VIS_brain,,AB40_Monomer,-,(k_O2_O3_forty * AB40_Monomer * AB40_Oligomer02),,,,,,,,,,,,,,
AB40_Monomer,+,AB40_Oligomer08_dissociation,k_O8_O7_forty*AB40_Oligomer08*VIS_brain,,AB40_Monomer,+,2 * (k_O2_M_forty * AB40_Oligomer02),,,,,,,,,,,,,,
AB40_Monomer,-,AB40_Oligomer08_plaque_catalyzed_formation,k_O7_O8_forty*AB40_Plaque_Driven_Monomer_Addition_Vmax*AB40_Oligomer07*AB40_Monomer*(AB40_Plaque_unbound/(AB40_Plaque_unbound + AB40_Plaque_Driven_Monomer_Addition_EC50))*VIS_brain,,AB40_Monomer,+,k_O3_O2_forty * AB40_Oligomer03,,,,,,,,,,,,,,
AB40_Monomer,-,AB40_Oligomer09_formation,k_O8_O9_forty*AB40_Oligomer08*AB40_Monomer*VIS_brain,,AB40_Monomer,-,(k_O3_O4_forty * AB40_Monomer * AB40_Oligomer03),,,,,,,,,,,,,,
AB40_Monomer,+,AB40_Oligomer09_dissociation,k_O9_O8_forty*AB40_Oligomer09*VIS_brain,,AB40_Monomer,+,k_O4_O3_forty * AB40_Oligomer04,,,,,,,,,,,,,,
AB40_Monomer,-,AB40_Oligomer09_plaque_catalyzed_formation,k_O8_O9_forty*AB40_Plaque_Driven_Monomer_Addition_Vmax*AB40_Oligomer08*AB40_Monomer*(AB40_Plaque_unbound/(AB40_Plaque_unbound + AB40_Plaque_Driven_Monomer_Addition_EC50))*VIS_brain,,AB40_Monomer,-,(k_O4_O5_forty * AB40_Monomer * AB40_Oligomer04),,,,,,,,,,,,,,
AB40_Monomer,-,AB40_Oligomer10_formation,k_O9_O10_forty*AB40_Oligomer09*AB40_Monomer*VIS_brain,,AB40_Monomer,+,k_O5_O4_forty * AB40_Oligomer05,,,,,,,,,,,,,,
AB40_Monomer,+,AB40_Oligomer10_dissociation,k_O10_O9_forty*AB40_Oligomer10*VIS_brain,,AB40_Monomer,-,(k_O5_O6_forty * AB40_Monomer * AB40_Oligomer05),,,,,,,,,,,,,,
AB40_Monomer,-,AB40_Oligomer10_plaque_catalyzed_formation,k_O9_O10_forty*AB40_Plaque_Driven_Monomer_Addition_Vmax*AB40_Oligomer09*AB40_Monomer*(AB40_Plaque_unbound/(AB40_Plaque_unbound + AB40_Plaque_Driven_Monomer_Addition_EC50))*VIS_brain,,AB40_Monomer,+,k_O6_O5_forty * AB40_Oligomer06,,,,,,,,,,,,,,
AB40_Monomer,-,AB40_Oligomer11_formation,k_O10_O11_forty*AB40_Oligomer10*AB40_Monomer*VIS_brain,,AB40_Monomer,-,(k_O6_O7_forty * AB40_Monomer * AB40_Oligomer06),,,,,,,,,,,,,,
AB40_Monomer,+,AB40_Oligomer11_dissociation,k_O11_O10_forty*AB40_Oligomer11*VIS_brain,,AB40_Monomer,+,k_O7_O6_forty * AB40_Oligomer07,,,,,,,,,,,,,,
AB40_Monomer,-,AB40_Oligomer11_plaque_catalyzed_formation,k_O10_O11_forty*AB40_Plaque_Driven_Monomer_Addition_Vmax*AB40_Oligomer10*AB40_Monomer*(AB40_Plaque_unbound/(AB40_Plaque_unbound + AB40_Plaque_Driven_Monomer_Addition_EC50))*VIS_brain,,AB40_Monomer,-,(k_O7_O8_forty * AB40_Monomer * AB40_Oligomer07),,,,,,,,,,,,,,
AB40_Monomer,-,AB40_Oligomer12_formation,k_O11_O12_forty*AB40_Oligomer11*AB40_Monomer*VIS_brain,,AB40_Monomer,+,k_O8_O7_forty * AB40_Oligomer08,,,,,,,,,,,,,,
AB40_Monomer,+,AB40_Oligomer12_dissociation,k_O12_O11_forty*AB40_Oligomer12*VIS_brain,,AB40_Monomer,-,(k_O8_O9_forty * AB40_Monomer * AB40_Oligomer08),,,,,,,,,,,,,,
AB40_Monomer,-,AB40_Oligomer12_plaque_catalyzed_formation,k_O11_O12_forty*AB40_Plaque_Driven_Monomer_Addition_Vmax*AB40_Oligomer11*AB40_Monomer*(AB40_Plaque_unbound/(AB40_Plaque_unbound + AB40_Plaque_Driven_Monomer_Addition_EC50))*VIS_brain,,AB40_Monomer,+,k_O9_O8_forty * AB40_Oligomer09,,,,,,,,,,,,,,
AB40_Monomer,-,AB40_Oligomer13_formation,k_O12_O13_forty*AB40_Oligomer12*AB40_Monomer*VIS_brain,,AB40_Monomer,-,(k_O9_O10_forty * AB40_Monomer * AB40_Oligomer09),,,,,,,,,,,,,,
AB40_Monomer,+,AB40_Oligomer13_dissociation,k_O13_O12_forty*AB40_Oligomer13*VIS_brain,,AB40_Monomer,+,k_O10_O9_forty * AB40_Oligomer10,,,,,,,,,,,,,,
AB40_Monomer,-,AB40_plaque_oligomer13_formation,k_O12_O13_forty*AB40_Plaque_Driven_Monomer_Addition_Vmax*AB40_Oligomer12*AB40_Monomer*(AB40_Plaque_unbound/(AB40_Plaque_unbound + AB40_Plaque_Driven_Monomer_Addition_EC50))*VIS_brain,,AB40_Monomer,-,(k_O10_O11_forty * AB40_Monomer * AB40_Oligomer10),,,,,,,,,,,,,,
AB40_Monomer,-,AB40_Oligomer13_to_plaque,k_O13_Plaque_forty*AB40_Oligomer13*AB40_Monomer*VIS_brain,,AB40_Monomer,+,k_O11_O10_forty * AB40_Oligomer11,,,,,,,,,,,,,,
AB40_Monomer,-,AB40_Oligomer14_formation,k_O13_O14_forty*AB40_Oligomer13*AB40_Monomer*VIS_brain,,AB40_Monomer,-,(k_O11_O12_forty * AB40_Monomer * AB40_Oligomer11),,,,,,,,,,,,,,
AB40_Monomer,+,AB40_Oligomer14_dissociation,k_O14_O13_forty*AB40_Oligomer14*VIS_brain,,AB40_Monomer,+,k_O12_O11_forty * AB40_Oligomer12,,,,,,,,,,,,,,
AB40_Monomer,-,AB40_plaque_oligomer14_formation,k_O13_O14_forty*AB40_Plaque_Driven_Monomer_Addition_Vmax*AB40_Oligomer13*AB40_Monomer*(AB40_Plaque_unbound/(AB40_Plaque_unbound + AB40_Plaque_Driven_Monomer_Addition_EC50))*VIS_brain,,AB40_Monomer,-,(k_O12_O13_forty * AB40_Monomer * AB40_Oligomer12),,,,,,,,,,,,,,
AB40_Monomer,-,AB40_Oligomer14_to_plaque,k_O14_Plaque_forty*AB40_Oligomer14*AB40_Monomer*VIS_brain,,AB40_Monomer,+,k_O13_O12_forty * AB40_Oligomer13,,,,,,,,,,,,,,
AB40_Monomer,-,AB40_Oligomer15_formation,k_O14_O15_forty*AB40_Oligomer14*AB40_Monomer*VIS_brain,,AB40_Monomer,-,(k_O13_O14_forty * AB40_Monomer * AB40_Oligomer13),,,,,,,,,,,,,,
AB40_Monomer,+,AB40_Oligomer15_dissociation,k_O15_O14_forty*AB40_Oligomer15*VIS_brain,,AB40_Monomer,+,k_O14_O13_forty * AB40_Oligomer14,,,,,,,,,,,,,,
AB40_Monomer,-,AB40_plaque_oligomer15_formation,k_O14_O15_forty*AB40_Plaque_Driven_Monomer_Addition_Vmax*AB40_Oligomer14*AB40_Monomer*(AB40_Plaque_unbound/(AB40_Plaque_unbound + AB40_Plaque_Driven_Monomer_Addition_EC50))*VIS_brain,,AB40_Monomer,-,(k_O14_O15_forty * AB40_Monomer * AB40_Oligomer14),,,,,,,,,,,,,,
AB40_Monomer,-,AB40_Oligomer15_to_plaque,k_O15_Plaque_forty*AB40_Oligomer15*AB40_Monomer*VIS_brain,,AB40_Monomer,+,k_O15_O14_forty * AB40_Oligomer15,,,,,,,,,,,,,,
AB40_Monomer,-,AB40_Oligomer16_formation,k_O15_O16_forty*AB40_Oligomer15*AB40_Monomer*VIS_brain,,AB40_Monomer,-,(k_O15_O16_forty * AB40_Monomer * AB40_Oligomer15),,,,,,,,,,,,,,
AB40_Monomer,+,AB40_Oligomer16_dissociation,k_O16_O15_forty*AB40_Oligomer16*VIS_brain,,AB40_Monomer,+,k_O16_O15_forty * AB40_Oligomer16,,,,,,,,,,,,,,
AB40_Monomer,-,AB40_plaque_oligomer16_formation,k_O15_O16_forty*AB40_Plaque_Driven_Monomer_Addition_Vmax*AB40_Oligomer15*AB40_Monomer*(AB40_Plaque_unbound/(AB40_Plaque_unbound + AB40_Plaque_Driven_Monomer_Addition_EC50))*VIS_brain,,AB40_Monomer,-,(k_O16_F17_forty * AB40_Monomer * AB40_Oligomer16),,,,,,,,,,,,,,
AB40_Monomer,-,AB40_Oligomer16_to_plaque,k_O16_Plaque_forty*AB40_Oligomer16*AB40_Monomer*VIS_brain,,AB40_Monomer,-,(k_O2_O3_forty * AB40_Plaque_Driven_Monomer_Addition_Vmax * AB40_Monomer * AB40_Oligomer02 * (AB40_Plaque_unbound / (AB40_Plaque_unbound + AB40_Plaque_Driven_Monomer_Addition_EC50))),,,,,,,,,,,,,,
AB40_Monomer,-,AB40_Fibril17_formation_from_oligomer,k_O16_F17_forty*AB40_Oligomer16*AB40_Monomer*VIS_brain,,AB40_Monomer,-,(k_O3_O4_forty * AB40_Plaque_Driven_Monomer_Addition_Vmax * AB40_Monomer * AB40_Oligomer03 * (AB40_Plaque_unbound / (AB40_Plaque_unbound + AB40_Plaque_Driven_Monomer_Addition_EC50))),,,,,,,,,,,,,,
AB40_Monomer,+,AB40_Fibril17_dissociation_to_oligomer,k_F17_O16_forty*AB40_Fibril17*VIS_brain,,AB40_Monomer,-,(k_O4_O5_forty * AB40_Plaque_Driven_Monomer_Addition_Vmax * AB40_Monomer * AB40_Oligomer04 * (AB40_Plaque_unbound / (AB40_Plaque_unbound + AB40_Plaque_Driven_Monomer_Addition_EC50))),,,,,,,,,,,,,,
AB40_Monomer,-,AB40_Plaque_formation_from_Fibril17,k_F17_Plaque_forty*AB40_Fibril17*AB40_Monomer*VIS_brain,,AB40_Monomer,-,(k_O5_O6_forty * AB40_Plaque_Driven_Monomer_Addition_Vmax * AB40_Monomer * AB40_Oligomer05 * (AB40_Plaque_unbound / (AB40_Plaque_unbound + AB40_Plaque_Driven_Monomer_Addition_EC50))),,,,,,,,,,,,,,
AB40_Monomer,-,AB40_Fibril17_plaque_driven_formation,k_O16_F17_forty*AB40_Plaque_Driven_Monomer_Addition_Vmax*AB40_Monomer*AB40_Oligomer16*(AB40_Plaque_unbound/(AB40_Plaque_unbound + AB40_Plaque_Driven_Monomer_Addition_EC50))*VIS_brain,,AB40_Monomer,-,(k_O6_O7_forty * AB40_Plaque_Driven_Monomer_Addition_Vmax * AB40_Monomer * AB40_Oligomer06 * (AB40_Plaque_unbound / (AB40_Plaque_unbound + AB40_Plaque_Driven_Monomer_Addition_EC50))),,,,,,,,,,,,,,
AB40_Monomer,-,AB40_Fibril18_formation,k_F17_F18_forty*AB40_Fibril17*AB40_Monomer*VIS_brain,,AB40_Monomer,-,(k_O7_O8_forty * AB40_Plaque_Driven_Monomer_Addition_Vmax * AB40_Monomer * AB40_Oligomer07 * (AB40_Plaque_unbound / (AB40_Plaque_unbound + AB40_Plaque_Driven_Monomer_Addition_EC50))),,,,,,,,,,,,,,
AB40_Monomer,+,AB40_Fibril17_formation_from_fibril18,k_F18_F17_forty*AB40_Fibril18*VIS_brain,,AB40_Monomer,-,(k_O8_O9_forty * AB40_Plaque_Driven_Monomer_Addition_Vmax * AB40_Monomer * AB40_Oligomer08 * (AB40_Plaque_unbound / (AB40_Plaque_unbound + AB40_Plaque_Driven_Monomer_Addition_EC50))),,,,,,,,,,,,,,
AB40_Monomer,-,AB40_Plaque_formation_from_Fibril18,k_F18_Plaque_forty*AB40_Fibril18*AB40_Monomer*VIS_brain,,AB40_Monomer,-,(k_O9_O10_forty * AB40_Plaque_Driven_Monomer_Addition_Vmax * AB40_Monomer * AB40_Oligomer09 * (AB40_Plaque_unbound / (AB40_Plaque_unbound + AB40_Plaque_Driven_Monomer_Addition_EC50))),,,,,,,,,,,,,,
AB40_Monomer,-,AB40_fibril19_formation,k_F18_F19_forty*AB40_Fibril18*AB40_Monomer*VIS_brain,,AB40_Monomer,-,(k_O10_O11_forty * AB40_Plaque_Driven_Monomer_Addition_Vmax * AB40_Monomer * AB40_Oligomer10 * (AB40_Plaque_unbound / (AB40_Plaque_unbound + AB40_Plaque_Driven_Monomer_Addition_EC50))),,,,,,,,,,,,,,
AB40_Monomer,+,AB40_fibril19_dissociation,k_F19_F18_forty*AB40_Fibril19*VIS_brain,,AB40_Monomer,-,(k_O11_O12_forty * AB40_Plaque_Driven_Monomer_Addition_Vmax * AB40_Monomer * AB40_Oligomer11 * (AB40_Plaque_unbound / (AB40_Plaque_unbound + AB40_Plaque_Driven_Monomer_Addition_EC50))),,,,,,,,,,,,,,
AB40_Monomer,-,AB40_fibril20_formation,k_F19_F20_forty*AB40_Fibril19*AB40_Monomer*VIS_brain,,AB40_Monomer,-,(k_O12_O13_forty * AB40_Plaque_Driven_Monomer_Addition_Vmax * AB40_Monomer * AB40_Oligomer12 * (AB40_Plaque_unbound / (AB40_Plaque_unbound + AB40_Plaque_Driven_Monomer_Addition_EC50))),,,,,,,,,,,,,,
AB40_Monomer,+,AB40_fibril20_dissociation,k_F20_F19_forty*AB40_Fibril20*VIS_brain,,AB40_Monomer,-,(k_O13_O14_forty * AB40_Plaque_Driven_Monomer_Addition_Vmax * AB40_Monomer * AB40_Oligomer13 * (AB40_Plaque_unbound / (AB40_Plaque_unbound + AB40_Plaque_Driven_Monomer_Addition_EC50))),,,,,,,,,,,,,,
AB40_Monomer,-,AB40_fibril21_formation,k_F20_F21_forty*AB40_Fibril20*AB40_Monomer*VIS_brain,,AB40_Monomer,-,(K_O13_Plaque_forty * AB40_Oligomer13 * AB40_Monomer),,,,,,,,,,,,,,
AB40_Monomer,+,AB40_fibril21_dissociation,k_F21_F20_forty*AB40_Fibril21*VIS_brain,,AB40_Monomer,-,(k_O14_O15_forty * AB40_Plaque_Driven_Monomer_Addition_Vmax * AB40_Monomer * AB40_Oligomer14 * (AB40_Plaque_unbound / (AB40_Plaque_unbound + AB40_Plaque_Driven_Monomer_Addition_EC50))),,,,,,,,,,,,,,
AB40_Monomer,-,AB40_fibril22_formation,k_F21_F22_forty*AB40_Fibril21*AB40_Monomer*VIS_brain,,AB40_Monomer,-,(K_O14_Plaque_forty * AB40_Oligomer14 * AB40_Monomer),,,,,,,,,,,,,,
AB40_Monomer,+,AB40_fibril22_dissociation,k_F22_F21_forty*AB40_Fibril22*VIS_brain,,AB40_Monomer,-,(k_O15_O16_forty * AB40_Plaque_Driven_Monomer_Addition_Vmax * AB40_Monomer * AB40_Oligomer15 * (AB40_Plaque_unbound / (AB40_Plaque_unbound + AB40_Plaque_Driven_Monomer_Addition_EC50))),,,,,,,,,,,,,,
AB40_Monomer,-,AB40_fibril23_formation,k_F22_F23_forty*AB40_Fibril22*AB40_Monomer*VIS_brain,,AB40_Monomer,-,(K_O15_Plaque_forty * AB40_Oligomer15 * AB40_Monomer),,,,,,,,,,,,,,
AB40_Monomer,+,AB40_fibril23_dissociation,k_F23_F22_forty*AB40_Fibril23*VIS_brain,,AB40_Monomer,-,(k_O16_F17_forty * AB40_Plaque_Driven_Monomer_Addition_Vmax * AB40_Monomer * AB40_Oligomer16 * (AB40_Plaque_unbound / (AB40_Plaque_unbound + AB40_Plaque_Driven_Monomer_Addition_EC50))),,,,,,,,,,,,,,
AB40_Monomer,-,AB40_fibril24_formation,k_F23_F24_forty*AB40_Fibril23*AB40_Monomer*VIS_brain,,AB40_Monomer,-,(K_O16_Plaque_forty * AB40_Oligomer16 * AB40_Monomer),,,,,,,,,,,,,,
AB40_Monomer,+,AB40_fibril24_dissociation,k_F24_F23_forty*AB40_Fibril24*VIS_brain,,AB40_Monomer,-,(CL_up_brain_AB40Mu * fBBB * Vol_brain_ES * AB40_Monomer / Vol_brain_interstitial),,,,,,,,,,,,,,
AB40_Monomer,-,ab40_monomer_antibody_binding_isf,fta0*Ab_t*AB40_Monomer*VIS_brain,,AB40_Monomer,+,Qbrain_ISF_AB40Mu * AB40Mu_CSF_SAS / Vol_brain_interstitial,,,,,,,,,,,,,,
AB40_Monomer,-,ab40mu_isf_to_central,(1 - sigma_L_ISF_central_AB40Mu)*Q_ISF_brain*AB40_Monomer,,AB40_Monomer,-,(f_LV * Qbrain_ISF_AB40Mu * AB40_Monomer / Vol_brain_interstitial),,,,,,,,,,,,,,
AB40_Monomer,+,ab40mu_brain_plasma_to_csf_isf,(1 - sigma_V_ISF_AB40Mu)*Q_ISF_brain*AB40Mu_Brain_Plasma,,AB40_Monomer,+,Kin_Ab40_Potter * C99,,,,,,,,,,,,,,
AB40_Monomer,-,ab40mu_isf_to_bbb,CLup_brain_AB40Mu*f_BBB*VES_brain*AB40_Monomer,,AB40_Monomer,-,((1 - sigma_ISF_ABeta40_monomer) * Q_PVS * AB40_Monomer / vol_brain_ISF),,,,,,,,,,,,,,
AB40_Monomer,-,ab40mu_isf_to_csf_lv,f_LV*Q_ISF_brain*AB40_Monomer,,AB40_Monomer,-,(IDE_conc * AB40_IDE_Kcat_lin * ((AB40_Monomer * Unit_removal_1)^AB40_IDE_Hill / ((AB40_Monomer * Unit_removal_1)^AB40_IDE_Hill + AB40_IDE_IC50^AB40_IDE_Hill))),,,,,,,,,,,,,,
AB40_Monomer,-,ab40mu_isf_to_tfv,(1 - f_LV)*Q_ISF_brain*AB40_Monomer,,AB40_Monomer,+,(1 - Sigma_v_isf_AB40Mu) * Qbrain_ISF_AB40Mu * AB40Mu_Brain_Plasma / Vol_brain_interstitial,,,,,,,,,,,,,,
AB40_Monomer,+,ab40mu_sas_to_isf,Q_ISF_brain*AB40Mu_SAS,,AB40_Monomer,-,((1 - f_LV) * Qbrain_ISF_AB40Mu * AB40_Monomer / Vol_brain_interstitial),,,,,,,,,,,,,,
AB40_Monomer,-,AB40_monomer_to_PVS,(1 - sigma_ISF_ABeta40_monomer)*Q_PVS*AB40_Monomer,,AB40_Monomer,-,((1 - Sigma_ISF_lymph_AB40Mu) * Qbrain_ISF_AB40Mu * AB40_Monomer / Vol_brain_interstitial),,,,,,,,,,,,,,
AB40_monomer_antibody_bound,+,ab40_monomer_antibody_binding_isf,fta0*Ab_t*AB40_Monomer*VIS_brain,,AB40_monomer_Antibody_bound,-,(AB40_monomer_Antibody_bound * Microglia_cell_count * (Microglia_Hi_Fract * Microglia_CL_high_mab + (1 - Microglia_Hi_Fract) * Microglia_CL_low_mAb)),,,,,,,,,,,,,,
AB40_monomer_antibody_bound,-,ab40mb_isf_to_cent,(1 - sigma_L_brain_ISF)*Q_ISF_brain*AB40_monomer_antibody_bound,,AB40_monomer_Antibody_bound,+,fta0 * Antibody_unbound_ISF * AB40_Monomer,,,,,,,,,,,,,,
AB40_monomer_antibody_bound,+,ab40mb_brain_plasma_to_isf,(1 - sigma_V_brain_ISF)*Q_ISF_brain*AB40Mb_Brain_Plasma,,AB40_monomer_Antibody_bound,+,CL_up_brain * fBBB * Vol_brain_ES * (1 - FR) * AB40Mb_Blood_Brain_Barrier_bound / Vol_brain_interstitial,,,,,,,,,,,,,,
AB40_monomer_antibody_bound,-,ab40mb_isf_to_bbb,CLup_brain*f_BBB*VES_brain*AB40_monomer_antibody_bound,,AB40_monomer_Antibody_bound,-,(CL_up_brain * fBBB * Vol_brain_ES * AB40_monomer_Antibody_bound / Vol_brain_interstitial),,,,,,,,,,,,,,
AB40_monomer_antibody_bound,+,ab40mb_bbb_bound_to_isf,CLup_brain*f_BBB*VES_brain*(1 - FR)*AB40Mb_BBB_Bound,,AB40_monomer_Antibody_bound,+,(1 - Sigma_v_isf) * Qbrain_ISF_AB40Mb * AB40Mb_Brain_Plasma / Vol_brain_interstitial,,,,,,,,,,,,,,
AB40_monomer_antibody_bound,-,ab40_isf_degradation,AB40_monomer_antibody_bound*Microglia_cell_count*(Microglia_Hi_Fract*Microglia_CL_high_AB40 + (1 - Microglia_Hi_Fract)*Microglia_CL_low_AB40),,AB40_monomer_Antibody_bound,+,Qbrain_ISF_AB40Mb * AB40Mb_CSF_SAS / Vol_brain_interstitial,,,,,,,,,,,,,,
AB40_monomer_antibody_bound,+,ab40mb_sas_to_isf,Q_ISF_brain*AB40Mb_SAS,,AB40_monomer_Antibody_bound,-,((1 - f_LV) * Qbrain_ISF_AB40Mb * AB40_monomer_Antibody_bound / Vol_brain_interstitial),,,,,,,,,,,,,,
AB40_monomer_antibody_bound,-,ab40_isf_to_lv,f_LV*Q_ISF_brain*AB40_monomer_antibody_bound,,AB40_monomer_Antibody_bound,-,((1 - Sigma_ISF_lymph) * Qbrain_ISF_AB40Mb * AB40_monomer_Antibody_bound / Vol_brain_interstitial),,,,,,,,,,,,,,
AB40_monomer_antibody_bound,-,ab40_isf_to_tfv,(1 - f_LV)*Q_ISF_brain*AB40_monomer_antibody_bound,,AB40_monomer_Antibody_bound,-,(f_LV * Qbrain_ISF_AB40Mb * AB40_monomer_Antibody_bound / Vol_brain_interstitial),,,,,,,,,,,,,,
AB40_Monomer_PVS,+,AB40_monomer_to_PVS,(1 - sigma_ISF_ABeta40_monomer)*Q_PVS*AB40_Monomer,,AB40_Monomer_PVS,-,(fta0 * C_Antibody_unbound_PVS * AB40_Monomer_PVS),,,,,,,,,,,,,,
AB40_Monomer_PVS,-,AB40_Monomer_PVS_binding,fta0*AB40_Monomer_PVS*C_Antibody_unbound_PVS*V_PVS,,AB40_Monomer_PVS,+,(1 - sigma_ISF_ABeta40_monomer) * Q_PVS * AB40_Monomer / V_PVS,,,,,,,,,,,,,,
AB40_Monomer_PVS,-,AB40_monomer_PVS_to_central_free,(1 - sigma_PVS_AB40)*Q_PVS*AB40_Monomer_PVS,,AB40_Monomer_PVS,-,((1 - sigma_PVS_ABeta40) * Q_PVS * AB40_Monomer_PVS / V_PVS),,,,,,,,,,,,,,
AB40_Monomer_PVS_bound,+,AB40_Monomer_PVS_binding,fta0*AB40_Monomer_PVS*C_Antibody_unbound_PVS*V_PVS,,AB40_Monomer_PVS_bound,+,fta0 * C_Antibody_unbound_PVS * AB40_Monomer_PVS,,,,,,,,,,,,,,
AB40_Monomer_PVS_bound,-,AB40_monomer_PVS_bound_to_central_bound,(1 - sigma_PVS_AB40_bound)*Q_PVS*AB40_Monomer_PVS_bound,,AB40_Monomer_PVS_bound,-,((1 - sigma_PVS_ABeta40_bound) * Q_PVS * AB40_Monomer_PVS_bound / V_PVS),,,,,,,,,,,,,,
AB40_Oligomer02,+,AB40_dimer_formation,k_M_O2_forty*AB40_Monomer*AB40_Monomer*VIS_brain,,AB40_Oligomer02,+,k_M_O2_forty * AB40_Monomer * AB40_Monomer,,,,,,,,,,,,,,
AB40_Oligomer02,-,AB40_dimer_dissociation,k_O2_M_forty*AB40_Oligomer02*VIS_brain,,AB40_Oligomer02,+,k_M_O2_forty * AB40_Plaque_Driven_Monomer_Addition_Vmax * AB40_Monomer * AB40_Monomer * (AB40_Plaque_unbound / (AB40_Plaque_unbound + AB40_Plaque_Driven_Monomer_Addition_EC50)),,,,,,,,,,,,,,
AB40_Oligomer02,+,AB40_Oligomer02_plaque_catalyzed_formation,k_M_O2_forty*AB40_Plaque_Vmax*AB40_Monomer*AB40_Monomer*(AB40_Plaque_unbound/(AB40_Plaque_unbound + AB40_Plaque_EC50))*VIS_brain,,AB40_Oligomer02,-,(k_O2_O3_forty * AB40_Monomer * AB40_Oligomer02),,,,,,,,,,,,,,
AB40_Oligomer02,-,AB40_antibody_dimer_binding,fta1*AB40_Oligomer02*Ab_t*VIS_brain,,AB40_Oligomer02,-,(k_O2_M_forty * AB40_Oligomer02),,,,,,,,,,,,,,
AB40_Oligomer02,-,AB40_Oligomer03_formation,k_O2_O3_forty*AB40_Oligomer02*AB40_Monomer*VIS_brain,,AB40_Oligomer02,+,k_O3_O2_forty * AB40_Oligomer03,,,,,,,,,,,,,,
AB40_Oligomer02,+,AB40_Oligomer03_dissociation,k_O3_O2_forty*AB40_Oligomer03*VIS_brain,,AB40_Oligomer02,-,(fta1 * Antibody_unbound_ISF * AB40_Oligomer02),,,,,,,,,,,,,,
AB40_Oligomer02,-,AB40_Oligomer03_plaque_catalyzed_formation,k_O2_O3_forty*AB40_Plaque_Driven_Monomer_Addition_Vmax*AB40_Oligomer02*AB40_Monomer*(AB40_Plaque_unbound/(AB40_Plaque_unbound + AB40_Plaque_Driven_Monomer_Addition_EC50))*VIS_brain,,AB40_Oligomer02,-,(k_O2_O3_forty * AB40_Plaque_Driven_Monomer_Addition_Vmax * AB40_Monomer * AB40_Oligomer02 * (AB40_Plaque_unbound / (AB40_Plaque_unbound + AB40_Plaque_Driven_Monomer_Addition_EC50))),,,,,,,,,,,,,,
AB40_Oligomer02,-,AB40_Oligomer02_to_PVS,(1 - sigma_ISF_ABeta40_oligomer02)*Q_PVS*AB40_Oligomer02,,AB40_Oligomer02,-,((1 - sigma_ISF_ABeta40_oligomer02) * Q_PVS * AB40_Oligomer02 / vol_brain_ISF),,,,,,,,,,,,,,
AB40_Oligomer02_Antibody_bound,+,AB40_antibody_dimer_binding,fta1*AB40_Oligomer02*Ab_t*VIS_brain,,AB40_Oligomer02_Antibody_bound,-,(AB40_Oligomer02_Antibody_bound * Microglia_cell_count * (Microglia_Hi_Fract * Microglia_CL_high_mab + (1 - Microglia_Hi_Fract) * Microglia_CL_low_mAb)),,,,,,,,,,,,,,
AB40_Oligomer02_Antibody_bound,-,AB40_Oligomer02_Antibody_bound_microglia_clearance,Microglia_Vmax_forty*AB40_Oligomer02_Antibody_bound*Microglia_cell_count*(Microglia_Hi_Fract*Microglia_CL_high_mAb + (1 - Microglia_Hi_Fract)*Microglia_CL_low_mAb)*VIS_brain,,AB40_Oligomer02_Antibody_bound,+,fta1 * Antibody_unbound_ISF * AB40_Oligomer02,,,,,,,,,,,,,,
AB40_Oligomer02_PVS,+,AB40_Oligomer02_to_PVS,(1 - sigma_ISF_ABeta40_oligomer02)*Q_PVS*AB40_Oligomer02,,AB40_Oligomer02_PVS,-,(fta1 * C_Antibody_unbound_PVS * AB40_Oligomer02_PVS),,,,,,,,,,,,,,
AB40_Oligomer02_PVS,-,AB40_Oligomer02_PVS_binding,fta1*AB40_Oligomer02_PVS*C_Antibody_unbound_PVS*V_PVS,,AB40_Oligomer02_PVS,+,(1 - sigma_ISF_ABeta40_oligomer02) * Q_PVS * AB40_Oligomer02 / V_PVS,,,,,,,,,,,,,,
AB40_Oligomer02_PVS,-,AB40_Oligomer02_PVS_clearance,(1 - sigma_PVS_AB40)*Q_PVS*AB40_Oligomer02_PVS,,AB40_Oligomer02_PVS,-,((1 - sigma_PVS_ABeta40) * Q_PVS * AB40_Oligomer02_PVS / V_PVS),,,,,,,,,,,,,,
AB40_Oligomer02_PVS_bound,+,AB40_Oligomer02_PVS_binding,fta1*AB40_Oligomer02_PVS*C_Antibody_unbound_PVS*V_PVS,,AB40_Oligomer02_PVS_bound,+,fta1 * C_Antibody_unbound_PVS * AB40_Oligomer02_PVS,,,,,,,,,,,,,,
AB40_Oligomer02_PVS_bound,-,AB40_Oligomer02_PVS_bound_clearance,(1 - sigma_PVS_AB40_bound)*Q_PVS*AB40_Oligomer02_PVS_bound,,AB40_Oligomer02_PVS_bound,-,((1 - sigma_PVS_ABeta40_bound) * Q_PVS * AB40_Oligomer02_PVS_bound / V_PVS),,,,,,,,,,,,,,
AB40_Oligomer03,+,AB40_Oligomer03_formation,k_O2_O3_forty*AB40_Oligomer02*AB40_Monomer*VIS_brain,,AB40_Oligomer03,+,k_O2_O3_forty * AB40_Monomer * AB40_Oligomer02,,,,,,,,,,,,,,
AB40_Oligomer03,-,AB40_Oligomer03_dissociation,k_O3_O2_forty*AB40_Oligomer03*VIS_brain,,AB40_Oligomer03,-,(k_O3_O2_forty * AB40_Oligomer03),,,,,,,,,,,,,,
AB40_Oligomer03,+,AB40_Oligomer03_plaque_catalyzed_formation,k_O2_O3_forty*AB40_Plaque_Driven_Monomer_Addition_Vmax*AB40_Oligomer02*AB40_Monomer*(AB40_Plaque_unbound/(AB40_Plaque_unbound + AB40_Plaque_Driven_Monomer_Addition_EC50))*VIS_brain,,AB40_Oligomer03,-,(k_O3_O4_forty * AB40_Monomer * AB40_Oligomer03),,,,,,,,,,,,,,
AB40_Oligomer03,-,AB40_Oligomer03_antibody_binding,fta1*AB40_Oligomer03*Ab_t*VIS_brain,,AB40_Oligomer03,+,k_O4_O3_forty * AB40_Oligomer04,,,,,,,,,,,,,,
AB40_Oligomer03,-,AB40_Oligomer03_microglia_clearance,Microglia_Vmax_forty*AB40_Oligomer03*Microglia_cell_count*(Microglia_Hi_Fract*Microglia_CL_high_AB40 + (1 - Microglia_Hi_Fract)*Microglia_CL_low_AB40)*VIS_brain,,AB40_Oligomer03,+,k_O2_O3_forty * AB40_Plaque_Driven_Monomer_Addition_Vmax * AB40_Monomer * AB40_Oligomer02 * (AB40_Plaque_unbound / (AB40_Plaque_unbound + AB40_Plaque_Driven_Monomer_Addition_EC50)),,,,,,,,,,,,,,
AB40_Oligomer03,-,AB40_Oligomer04_formation,k_O3_O4_forty*AB40_Oligomer03*AB40_Monomer*VIS_brain,,AB40_Oligomer03,-,(fta1 * Antibody_unbound_ISF * AB40_Oligomer03),,,,,,,,,,,,,,
AB40_Oligomer03,+,AB40_Oligomer04_dissociation,k_O4_O3_forty*AB40_Oligomer04*VIS_brain,,AB40_Oligomer03,-,(k_O3_O4_forty * AB40_Plaque_Driven_Monomer_Addition_Vmax * AB40_Monomer * AB40_Oligomer03 * (AB40_Plaque_unbound / (AB40_Plaque_unbound + AB40_Plaque_Driven_Monomer_Addition_EC50))),,,,,,,,,,,,,,
AB40_Oligomer03,-,AB40_Oligomer04_plaque_catalyzed_formation,k_O3_O4_forty*AB40_Plaque_Driven_Monomer_Addition_Vmax*AB40_Oligomer03*AB40_Monomer*(AB40_Plaque_unbound/(AB40_Plaque_unbound + AB40_Plaque_Driven_Monomer_Addition_EC50))*VIS_brain,,AB40_Oligomer03,-,(AB40_Oligomer03 * Microglia_cell_count * (Microglia_Hi_Fract * Microglia_CL_high_AB40 + (1 - Microglia_Hi_Fract) * Microglia_CL_low_AB40)),,,,,,,,,,,,,,
AB40_Oligomer03,-,AB40_Oligomer03_to_PVS,(1 - sigma_ISF_ABeta40_oligomer03)*Q_PVS*AB40_Oligomer03,,AB40_Oligomer03,-,((1 - sigma_ISF_ABeta40_oligomer03) * Q_PVS * AB40_Oligomer03 / vol_brain_ISF),,,,,,,,,,,,,,
AB40_Oligomer03_Antibody_bound,+,AB40_Oligomer03_antibody_binding,fta1*AB40_Oligomer03*Ab_t*VIS_brain,,AB40_Oligomer03_Antibody_bound,-,(AB40_Oligomer03_Antibody_bound * Microglia_cell_count * (Microglia_Hi_Fract * Microglia_CL_high_mab + (1 - Microglia_Hi_Fract) * Microglia_CL_low_mAb)),,,,,,,,,,,,,,
AB40_Oligomer03_Antibody_bound,-,AB40_Oligomer03_Antibody_bound_microglia_clearance,Microglia_Vmax_forty*AB40_Oligomer03_Antibody_bound*Microglia_cell_count*(Microglia_Hi_Fract*Microglia_CL_high_mAb + (1 - Microglia_Hi_Fract)*Microglia_CL_low_mAb)*VIS_brain,,AB40_Oligomer03_Antibody_bound,+,fta1 * Antibody_unbound_ISF * AB40_Oligomer03,,,,,,,,,,,,,,
AB40_Oligomer03_PVS,+,AB40_Oligomer03_to_PVS,(1 - sigma_ISF_ABeta40_oligomer03)*Q_PVS*AB40_Oligomer03,,AB40_Oligomer03_PVS,-,(fta1 * C_Antibody_unbound_PVS * AB40_Oligomer03_PVS),,,,,,,,,,,,,,
AB40_Oligomer03_PVS,-,AB40_Oligomer03_PVS_binding,fta1*AB40_Oligomer03_PVS*C_Antibody_unbound_PVS*V_PVS,,AB40_Oligomer03_PVS,+,(1 - sigma_ISF_ABeta40_oligomer03) * Q_PVS * AB40_Oligomer03 / V_PVS,,,,,,,,,,,,,,
AB40_Oligomer03_PVS,-,AB40_Oligomer03_PVS_clearance,(1 - sigma_PVS_AB40)*Q_PVS*AB40_Oligomer03_PVS,,AB40_Oligomer03_PVS,-,((1 - sigma_PVS_ABeta40) * Q_PVS * AB40_Oligomer03_PVS / V_PVS),,,,,,,,,,,,,,
AB40_Oligomer03_PVS_bound,+,AB40_Oligomer03_PVS_binding,fta1*AB40_Oligomer03_PVS*C_Antibody_unbound_PVS*V_PVS,,AB40_Oligomer03_PVS_bound,+,fta1 * C_Antibody_unbound_PVS * AB40_Oligomer03_PVS,,,,,,,,,,,,,,
AB40_Oligomer03_PVS_bound,-,AB40_Oligomer03_PVS_bound_clearance,(1 - sigma_PVS_AB40_bound)*Q_PVS*AB40_Oligomer03_PVS_bound,,AB40_Oligomer03_PVS_bound,-,((1 - sigma_PVS_ABeta40_bound) * Q_PVS * AB40_Oligomer03_PVS_bound / V_PVS),,,,,,,,,,,,,,
AB40_Oligomer04,+,AB40_Oligomer04_formation,k_O3_O4_forty*AB40_Oligomer03*AB40_Monomer*VIS_brain,,AB40_Oligomer04,+,k_O3_O4_forty * AB40_Monomer * AB40_Oligomer03,,,,,,,,,,,,,,
AB40_Oligomer04,-,AB40_Oligomer04_dissociation,k_O4_O3_forty*AB40_Oligomer04*VIS_brain,,AB40_Oligomer04,-,(k_O4_O3_forty * AB40_Oligomer04),,,,,,,,,,,,,,
AB40_Oligomer04,+,AB40_Oligomer04_plaque_catalyzed_formation,k_O3_O4_forty*AB40_Plaque_Driven_Monomer_Addition_Vmax*AB40_Oligomer03*AB40_Monomer*(AB40_Plaque_unbound/(AB40_Plaque_unbound + AB40_Plaque_Driven_Monomer_Addition_EC50))*VIS_brain,,AB40_Oligomer04,-,(k_O4_O5_forty * AB40_Monomer * AB40_Oligomer04),,,,,,,,,,,,,,
AB40_Oligomer04,-,AB40_Oligomer04_antibody_binding,fta1*AB40_Oligomer04*Ab_t*VIS_brain,,AB40_Oligomer04,+,k_O5_O4_forty * AB40_Oligomer05,,,,,,,,,,,,,,
AB40_Oligomer04,-,AB40_Oligomer04_microglia_clearance,Microglia_Vmax_forty*AB40_Oligomer04*Microglia_cell_count*(Microglia_Hi_Fract*Microglia_CL_high_AB40 + (1 - Microglia_Hi_Fract)*Microglia_CL_low_AB40)*VIS_brain,,AB40_Oligomer04,+,k_O3_O4_forty * AB40_Plaque_Driven_Monomer_Addition_Vmax * AB40_Monomer * AB40_Oligomer03 * (AB40_Plaque_unbound / (AB40_Plaque_unbound + AB40_Plaque_Driven_Monomer_Addition_EC50)),,,,,,,,,,,,,,
AB40_Oligomer04,-,AB40_Oligomer05_formation,k_O4_O5_forty*AB40_Oligomer04*AB40_Monomer*VIS_brain,,AB40_Oligomer04,-,(fta1 * Antibody_unbound_ISF * AB40_Oligomer04),,,,,,,,,,,,,,
AB40_Oligomer04,+,AB40_Oligomer05_dissociation,k_O5_O4_forty*AB40_Oligomer05*VIS_brain,,AB40_Oligomer04,-,(k_O4_O5_forty * AB40_Plaque_Driven_Monomer_Addition_Vmax * AB40_Monomer * AB40_Oligomer04 * (AB40_Plaque_unbound / (AB40_Plaque_unbound + AB40_Plaque_Driven_Monomer_Addition_EC50))),,,,,,,,,,,,,,
AB40_Oligomer04,-,AB40_Oligomer05_plaque_catalyzed_formation,k_O4_O5_forty*AB40_Plaque_Driven_Monomer_Addition_Vmax*AB40_Oligomer04*AB40_Monomer*(AB40_Plaque_unbound/(AB40_Plaque_unbound + AB40_Plaque_Driven_Monomer_Addition_EC50))*VIS_brain,,AB40_Oligomer04,-,(AB40_Oligomer04 * Microglia_cell_count * (Microglia_Hi_Fract * Microglia_CL_high_AB40 + (1 - Microglia_Hi_Fract) * Microglia_CL_low_AB40)),,,,,,,,,,,,,,
AB40_Oligomer04,-,AB40_Oligomer04_to_PVS,(1 - sigma_ISF_ABeta40_oligomer04)*Q_PVS*AB40_Oligomer04,,AB40_Oligomer04,-,((1 - sigma_ISF_ABeta40_oligomer04) * Q_PVS * AB40_Oligomer04 / vol_brain_ISF),,,,,,,,,,,,,,
AB40_Oligomer04_Antibody_bound,+,AB40_Oligomer04_antibody_binding,fta1*AB40_Oligomer04*Ab_t*VIS_brain,,AB40_Oligomer04_Antibody_bound,-,(AB40_Oligomer04_Antibody_bound * Microglia_cell_count * (Microglia_Hi_Fract * Microglia_CL_high_mab + (1 - Microglia_Hi_Fract) * Microglia_CL_low_mAb)),,,,,,,,,,,,,,
AB40_Oligomer04_Antibody_bound,-,AB40_Oligomer04_Antibody_bound_microglia_clearance,Microglia_Vmax_forty*AB40_Oligomer04_Antibody_bound*Microglia_cell_count*(Microglia_Hi_Fract*Microglia_CL_high_mAb + (1 - Microglia_Hi_Fract)*Microglia_CL_low_mAb)*VIS_brain,,AB40_Oligomer04_Antibody_bound,+,fta1 * Antibody_unbound_ISF * AB40_Oligomer04,,,,,,,,,,,,,,
AB40_Oligomer04_PVS,+,AB40_Oligomer04_to_PVS,(1 - sigma_ISF_ABeta40_oligomer04)*Q_PVS*AB40_Oligomer04,,AB40_Oligomer04_PVS,-,(fta1 * C_Antibody_unbound_PVS * AB40_Oligomer04_PVS),,,,,,,,,,,,,,
AB40_Oligomer04_PVS,-,AB40_Oligomer04_PVS_binding,fta1*AB40_Oligomer04_PVS*C_Antibody_unbound_PVS*V_PVS,,AB40_Oligomer04_PVS,+,(1 - sigma_ISF_ABeta40_oligomer04) * Q_PVS * AB40_Oligomer04 / V_PVS,,,,,,,,,,,,,,
AB40_Oligomer04_PVS,-,AB40_Oligomer04_PVS_clearance,(1 - sigma_PVS_AB40)*Q_PVS*AB40_Oligomer04_PVS,,AB40_Oligomer04_PVS,-,((1 - sigma_PVS_ABeta40) * Q_PVS * AB40_Oligomer04_PVS / V_PVS),,,,,,,,,,,,,,
AB40_Oligomer04_PVS_bound,+,AB40_Oligomer04_PVS_binding,fta1*AB40_Oligomer04_PVS*C_Antibody_unbound_PVS*V_PVS,,AB40_Oligomer04_PVS_bound,+,fta1 * C_Antibody_unbound_PVS * AB40_Oligomer04_PVS,,,,,,,,,,,,,,
AB40_Oligomer04_PVS_bound,-,AB40_Oligomer04_PVS_bound_clearance,(1 - sigma_PVS_AB40_bound)*Q_PVS*AB40_Oligomer04_PVS_bound,,AB40_Oligomer04_PVS_bound,-,((1 - sigma_PVS_ABeta40_bound) * Q_PVS * AB40_Oligomer04_PVS_bound / V_PVS),,,,,,,,,,,,,,
AB40_Oligomer05,+,AB40_Oligomer05_formation,k_O4_O5_forty*AB40_Oligomer04*AB40_Monomer*VIS_brain,,AB40_Oligomer05,+,k_O4_O5_forty * AB40_Monomer * AB40_Oligomer04,,,,,,,,,,,,,,
AB40_Oligomer05,-,AB40_Oligomer05_dissociation,k_O5_O4_forty*AB40_Oligomer05*VIS_brain,,AB40_Oligomer05,-,(k_O5_O4_forty * AB40_Oligomer05),,,,,,,,,,,,,,
AB40_Oligomer05,+,AB40_Oligomer05_plaque_catalyzed_formation,k_O4_O5_forty*AB40_Plaque_Driven_Monomer_Addition_Vmax*AB40_Oligomer04*AB40_Monomer*(AB40_Plaque_unbound/(AB40_Plaque_unbound + AB40_Plaque_Driven_Monomer_Addition_EC50))*VIS_brain,,AB40_Oligomer05,-,(k_O5_O6_forty * AB40_Monomer * AB40_Oligomer05),,,,,,,,,,,,,,
AB40_Oligomer05,-,AB40_Oligomer05_antibody_binding,fta1*AB40_Oligomer05*Ab_t*VIS_brain,,AB40_Oligomer05,+,k_O6_O5_forty * AB40_Oligomer06,,,,,,,,,,,,,,
AB40_Oligomer05,-,AB40_Oligomer05_microglia_clearance,Microglia_Vmax_forty*AB40_Oligomer05*Microglia_cell_count*(Microglia_Hi_Fract*Microglia_CL_high_AB40 + (1 - Microglia_Hi_Fract)*Microglia_CL_low_AB40)*VIS_brain,,AB40_Oligomer05,+,k_O4_O5_forty * AB40_Plaque_Driven_Monomer_Addition_Vmax * AB40_Monomer * AB40_Oligomer04 * (AB40_Plaque_unbound / (AB40_Plaque_unbound + AB40_Plaque_Driven_Monomer_Addition_EC50)),,,,,,,,,,,,,,
AB40_Oligomer05,-,AB40_Oligomer06_formation,k_O5_O6_forty*AB40_Oligomer05*AB40_Monomer*VIS_brain,,AB40_Oligomer05,-,(fta1 * Antibody_unbound_ISF * AB40_Oligomer05),,,,,,,,,,,,,,
AB40_Oligomer05,+,AB40_Oligomer06_dissociation,k_O6_O5_forty*AB40_Oligomer06*VIS_brain,,AB40_Oligomer05,-,(k_O5_O6_forty * AB40_Plaque_Driven_Monomer_Addition_Vmax * AB40_Monomer * AB40_Oligomer05 * (AB40_Plaque_unbound / (AB40_Plaque_unbound + AB40_Plaque_Driven_Monomer_Addition_EC50))),,,,,,,,,,,,,,
AB40_Oligomer05,-,AB40_Oligomer06_plaque_catalyzed_formation,k_O5_O6_forty*AB40_Plaque_Driven_Monomer_Addition_Vmax*AB40_Oligomer05*AB40_Monomer*(AB40_Plaque_unbound/(AB40_Plaque_unbound + AB40_Plaque_Driven_Monomer_Addition_EC50))*VIS_brain,,AB40_Oligomer05,-,(AB40_Oligomer05 * Microglia_cell_count * (Microglia_Hi_Fract * Microglia_CL_high_AB40 + (1 - Microglia_Hi_Fract) * Microglia_CL_low_AB40)),,,,,,,,,,,,,,
AB40_Oligomer05,-,AB40_Oligomer05_to_PVS,(1 - sigma_ISF_ABeta40_oligomer05)*Q_PVS*AB40_Oligomer05,,AB40_Oligomer05,-,((1 - sigma_ISF_ABeta40_oligomer05) * Q_PVS * AB40_Oligomer05 / vol_brain_ISF),,,,,,,,,,,,,,
AB40_Oligomer05_Antibody_bound,+,AB40_Oligomer05_antibody_binding,fta1*AB40_Oligomer05*Ab_t*VIS_brain,,AB40_Oligomer05_Antibody_bound,-,(AB40_Oligomer05_Antibody_bound * Microglia_cell_count * (Microglia_Hi_Fract * Microglia_CL_high_mab + (1 - Microglia_Hi_Fract) * Microglia_CL_low_mAb)),,,,,,,,,,,,,,
AB40_Oligomer05_Antibody_bound,-,AB40_Oligomer05_Antibody_bound_microglia_clearance,Microglia_Vmax_forty*AB40_Oligomer05_Antibody_bound*Microglia_cell_count*(Microglia_Hi_Fract*Microglia_CL_high_mAb + (1 - Microglia_Hi_Fract)*Microglia_CL_low_mAb)*VIS_brain,,AB40_Oligomer05_Antibody_bound,+,fta1 * Antibody_unbound_ISF * AB40_Oligomer05,,,,,,,,,,,,,,
AB40_Oligomer05_PVS,+,AB40_Oligomer05_to_PVS,(1 - sigma_ISF_ABeta40_oligomer05)*Q_PVS*AB40_Oligomer05,,AB40_Oligomer05_PVS,-,(fta1 * C_Antibody_unbound_PVS * AB40_Oligomer05_PVS),,,,,,,,,,,,,,
AB40_Oligomer05_PVS,-,AB40_Oligomer05_PVS_binding,fta1*AB40_Oligomer05_PVS*C_Antibody_unbound_PVS*V_PVS,,AB40_Oligomer05_PVS,+,(1 - sigma_ISF_ABeta40_oligomer05) * Q_PVS * AB40_Oligomer05 / V_PVS,,,,,,,,,,,,,,
AB40_Oligomer05_PVS,-,AB40_Oligomer05_PVS_clearance,(1 - sigma_PVS_AB40)*Q_PVS*AB40_Oligomer05_PVS,,AB40_Oligomer05_PVS,-,((1 - sigma_PVS_ABeta40) * Q_PVS * AB40_Oligomer05_PVS / V_PVS),,,,,,,,,,,,,,
AB40_Oligomer05_PVS_bound,+,AB40_Oligomer05_PVS_binding,fta1*AB40_Oligomer05_PVS*C_Antibody_unbound_PVS*V_PVS,,AB40_Oligomer05_PVS_bound,+,fta1 * C_Antibody_unbound_PVS * AB40_Oligomer05_PVS,,,,,,,,,,,,,,
AB40_Oligomer05_PVS_bound,-,AB40_Oligomer05_PVS_bound_clearance,(1 - sigma_PVS_AB40_bound)*Q_PVS*AB40_Oligomer05_PVS_bound,,AB40_Oligomer05_PVS_bound,-,((1 - sigma_PVS_ABeta40_bound) * Q_PVS * AB40_Oligomer05_PVS_bound / V_PVS),,,,,,,,,,,,,,
AB40_Oligomer06,+,AB40_Oligomer06_formation,k_O5_O6_forty*AB40_Oligomer05*AB40_Monomer*VIS_brain,,AB40_Oligomer06,+,k_O5_O6_forty * AB40_Monomer * AB40_Oligomer05,,,,,,,,,,,,,,
AB40_Oligomer06,-,AB40_Oligomer06_dissociation,k_O6_O5_forty*AB40_Oligomer06*VIS_brain,,AB40_Oligomer06,-,(k_O6_O5_forty * AB40_Oligomer06),,,,,,,,,,,,,,
AB40_Oligomer06,+,AB40_Oligomer06_plaque_catalyzed_formation,k_O5_O6_forty*AB40_Plaque_Driven_Monomer_Addition_Vmax*AB40_Oligomer05*AB40_Monomer*(AB40_Plaque_unbound/(AB40_Plaque_unbound + AB40_Plaque_Driven_Monomer_Addition_EC50))*VIS_brain,,AB40_Oligomer06,-,(k_O6_O7_forty * AB40_Monomer * AB40_Oligomer06),,,,,,,,,,,,,,
AB40_Oligomer06,-,AB40_Oligomer06_antibody_binding,fta1*AB40_Oligomer06*Ab_t*VIS_brain,,AB40_Oligomer06,+,k_O7_O6_forty * AB40_Oligomer07,,,,,,,,,,,,,,
AB40_Oligomer06,-,AB40_Oligomer06_microglia_clearance,Microglia_Vmax_forty*AB40_Oligomer06*Microglia_cell_count*(Microglia_Hi_Fract*Microglia_CL_high_AB40 + (1 - Microglia_Hi_Fract)*Microglia_CL_low_AB40)*VIS_brain,,AB40_Oligomer06,+,k_O5_O6_forty * AB40_Plaque_Driven_Monomer_Addition_Vmax * AB40_Monomer * AB40_Oligomer05 * (AB40_Plaque_unbound / (AB40_Plaque_unbound + AB40_Plaque_Driven_Monomer_Addition_EC50)),,,,,,,,,,,,,,
AB40_Oligomer06,-,AB40_Oligomer07_formation,k_O6_O7_forty*AB40_Oligomer06*AB40_Monomer*VIS_brain,,AB40_Oligomer06,-,(fta1 * Antibody_unbound_ISF * AB40_Oligomer06),,,,,,,,,,,,,,
AB40_Oligomer06,+,AB40_Oligomer07_dissociation,k_O7_O6_forty*AB40_Oligomer07*VIS_brain,,AB40_Oligomer06,-,(k_O6_O7_forty * AB40_Plaque_Driven_Monomer_Addition_Vmax * AB40_Monomer * AB40_Oligomer06 * (AB40_Plaque_unbound / (AB40_Plaque_unbound + AB40_Plaque_Driven_Monomer_Addition_EC50))),,,,,,,,,,,,,,
AB40_Oligomer06,-,AB40_Oligomer07_plaque_catalyzed_formation,k_O6_O7_forty*AB40_Plaque_Driven_Monomer_Addition_Vmax*AB40_Oligomer06*AB40_Monomer*(AB40_Plaque_unbound/(AB40_Plaque_unbound + AB40_Plaque_Driven_Monomer_Addition_EC50))*VIS_brain,,AB40_Oligomer06,-,(AB40_Oligomer06 * Microglia_cell_count * (Microglia_Hi_Fract * Microglia_CL_high_AB40 + (1 - Microglia_Hi_Fract) * Microglia_CL_low_AB40)),,,,,,,,,,,,,,
AB40_Oligomer06,-,AB40_Oligomer06_to_PVS,(1 - sigma_ISF_ABeta40_oligomer06)*Q_PVS*AB40_Oligomer06,,AB40_Oligomer06,-,((1 - sigma_ISF_ABeta40_oligomer06) * Q_PVS * AB40_Oligomer06 / vol_brain_ISF),,,,,,,,,,,,,,
AB40_Oligomer06_Antibody_bound,+,AB40_Oligomer06_antibody_binding,fta1*AB40_Oligomer06*Ab_t*VIS_brain,,AB40_Oligomer06_Antibody_bound,-,(AB40_Oligomer06_Antibody_bound * Microglia_cell_count * (Microglia_Hi_Fract * Microglia_CL_high_mab + (1 - Microglia_Hi_Fract) * Microglia_CL_low_mAb)),,,,,,,,,,,,,,
AB40_Oligomer06_Antibody_bound,-,AB40_Oligomer06_Antibody_bound_microglia_clearance,Microglia_Vmax_forty*AB40_Oligomer06_Antibody_bound*Microglia_cell_count*(Microglia_Hi_Fract*Microglia_CL_high_mAb + (1 - Microglia_Hi_Fract)*Microglia_CL_low_mAb)*VIS_brain,,AB40_Oligomer06_Antibody_bound,+,fta1 * Antibody_unbound_ISF * AB40_Oligomer06,,,,,,,,,,,,,,
AB40_Oligomer06_PVS,+,AB40_Oligomer06_to_PVS,(1 - sigma_ISF_ABeta40_oligomer06)*Q_PVS*AB40_Oligomer06,,AB40_Oligomer06_PVS,-,(fta1 * C_Antibody_unbound_PVS * AB40_Oligomer06_PVS),,,,,,,,,,,,,,
AB40_Oligomer06_PVS,-,AB40_Oligomer06_PVS_binding,fta1*AB40_Oligomer06_PVS*C_Antibody_unbound_PVS*V_PVS,,AB40_Oligomer06_PVS,+,(1 - sigma_ISF_ABeta40_oligomer06) * Q_PVS * AB40_Oligomer06 / V_PVS,,,,,,,,,,,,,,
AB40_Oligomer06_PVS,-,AB40_Oligomer06_PVS_clearance,(1 - sigma_PVS_AB40)*Q_PVS*AB40_Oligomer06_PVS,,AB40_Oligomer06_PVS,-,((1 - sigma_PVS_ABeta40) * Q_PVS * AB40_Oligomer06_PVS / V_PVS),,,,,,,,,,,,,,
AB40_Oligomer06_PVS_bound,+,AB40_Oligomer06_PVS_binding,fta1*AB40_Oligomer06_PVS*C_Antibody_unbound_PVS*V_PVS,,AB40_Oligomer06_PVS_bound,+,fta1 * C_Antibody_unbound_PVS * AB40_Oligomer06_PVS,,,,,,,,,,,,,,
AB40_Oligomer06_PVS_bound,-,AB40_Oligomer06_PVS_bound_clearance,(1 - sigma_PVS_AB40_bound)*Q_PVS*AB40_Oligomer06_PVS_bound,,AB40_Oligomer06_PVS_bound,-,((1 - sigma_PVS_ABeta40_bound) * Q_PVS * AB40_Oligomer06_PVS_bound / V_PVS),,,,,,,,,,,,,,
AB40_Oligomer07,+,AB40_Oligomer07_formation,k_O6_O7_forty*AB40_Oligomer06*AB40_Monomer*VIS_brain,,AB40_Oligomer07,+,k_O6_O7_forty * AB40_Monomer * AB40_Oligomer06,,,,,,,,,,,,,,
AB40_Oligomer07,-,AB40_Oligomer07_dissociation,k_O7_O6_forty*AB40_Oligomer07*VIS_brain,,AB40_Oligomer07,-,(k_O7_O6_forty * AB40_Oligomer07),,,,,,,,,,,,,,
AB40_Oligomer07,+,AB40_Oligomer07_plaque_catalyzed_formation,k_O6_O7_forty*AB40_Plaque_Driven_Monomer_Addition_Vmax*AB40_Oligomer06*AB40_Monomer*(AB40_Plaque_unbound/(AB40_Plaque_unbound + AB40_Plaque_Driven_Monomer_Addition_EC50))*VIS_brain,,AB40_Oligomer07,-,(k_O7_O8_forty * AB40_Monomer * AB40_Oligomer07),,,,,,,,,,,,,,
AB40_Oligomer07,-,AB40_Oligomer07_antibody_binding,fta1*AB40_Oligomer07*Ab_t*VIS_brain,,AB40_Oligomer07,+,k_O8_O7_forty * AB40_Oligomer08,,,,,,,,,,,,,,
AB40_Oligomer07,-,AB40_Oligomer07_microglia_clearance,Microglia_Vmax_forty*AB40_Oligomer07*Microglia_cell_count*(Microglia_Hi_Fract*Microglia_CL_high_AB40 + (1 - Microglia_Hi_Fract)*Microglia_CL_low_AB40)*VIS_brain,,AB40_Oligomer07,+,k_O6_O7_forty * AB40_Plaque_Driven_Monomer_Addition_Vmax * AB40_Monomer * AB40_Oligomer06 * (AB40_Plaque_unbound / (AB40_Plaque_unbound + AB40_Plaque_Driven_Monomer_Addition_EC50)),,,,,,,,,,,,,,
AB40_Oligomer07,-,AB40_Oligomer08_formation,k_O7_O8_forty*AB40_Oligomer07*AB40_Monomer*VIS_brain,,AB40_Oligomer07,-,(fta1 * Antibody_unbound_ISF * AB40_Oligomer07),,,,,,,,,,,,,,
AB40_Oligomer07,+,AB40_Oligomer08_dissociation,k_O8_O7_forty*AB40_Oligomer08*VIS_brain,,AB40_Oligomer07,-,(k_O7_O8_forty * AB40_Plaque_Driven_Monomer_Addition_Vmax * AB40_Monomer * AB40_Oligomer07 * (AB40_Plaque_unbound / (AB40_Plaque_unbound + AB40_Plaque_Driven_Monomer_Addition_EC50))),,,,,,,,,,,,,,
AB40_Oligomer07,-,AB40_Oligomer08_plaque_catalyzed_formation,k_O7_O8_forty*AB40_Plaque_Driven_Monomer_Addition_Vmax*AB40_Oligomer07*AB40_Monomer*(AB40_Plaque_unbound/(AB40_Plaque_unbound + AB40_Plaque_Driven_Monomer_Addition_EC50))*VIS_brain,,AB40_Oligomer07,-,(AB40_Oligomer07 * Microglia_cell_count * (Microglia_Hi_Fract * Microglia_CL_high_AB40 + (1 - Microglia_Hi_Fract) * Microglia_CL_low_AB40)),,,,,,,,,,,,,,
AB40_Oligomer07,-,AB40_Oligomer07_to_PVS,(1 - sigma_ISF_ABeta40_oligomer07)*Q_PVS*AB40_Oligomer07,,AB40_Oligomer07,-,((1 - sigma_ISF_ABeta40_oligomer07) * Q_PVS * AB40_Oligomer07 / vol_brain_ISF),,,,,,,,,,,,,,
AB40_Oligomer07_Antibody_bound,+,AB40_Oligomer07_antibody_binding,fta1*AB40_Oligomer07*Ab_t*VIS_brain,,AB40_Oligomer07_Antibody_bound,-,(AB40_Oligomer07_Antibody_bound * Microglia_cell_count * (Microglia_Hi_Fract * Microglia_CL_high_mab + (1 - Microglia_Hi_Fract) * Microglia_CL_low_mAb)),,,,,,,,,,,,,,
AB40_Oligomer07_Antibody_bound,-,AB40_Oligomer07_Antibody_bound_microglia_clearance,Microglia_Vmax_forty*AB40_Oligomer07_Antibody_bound*Microglia_cell_count*(Microglia_Hi_Fract*Microglia_CL_high_mAb + (1 - Microglia_Hi_Fract)*Microglia_CL_low_mAb)*VIS_brain,,AB40_Oligomer07_Antibody_bound,+,fta1 * Antibody_unbound_ISF * AB40_Oligomer07,,,,,,,,,,,,,,
AB40_Oligomer07_PVS,+,AB40_Oligomer07_to_PVS,(1 - sigma_ISF_ABeta40_oligomer07)*Q_PVS*AB40_Oligomer07,,AB40_Oligomer07_PVS,-,(fta1 * C_Antibody_unbound_PVS * AB40_Oligomer07_PVS),,,,,,,,,,,,,,
AB40_Oligomer07_PVS,-,AB40_Oligomer07_PVS_binding,fta1*AB40_Oligomer07_PVS*C_Antibody_unbound_PVS*V_PVS,,AB40_Oligomer07_PVS,+,(1 - sigma_ISF_ABeta40_oligomer07) * Q_PVS * AB40_Oligomer07 / V_PVS,,,,,,,,,,,,,,
AB40_Oligomer07_PVS,-,AB40_Oligomer07_PVS_clearance,(1 - sigma_PVS_AB40)*Q_PVS*AB40_Oligomer07_PVS,,AB40_Oligomer07_PVS,-,((1 - sigma_PVS_ABeta40) * Q_PVS * AB40_Oligomer07_PVS / V_PVS),,,,,,,,,,,,,,
AB40_Oligomer07_PVS_bound,+,AB40_Oligomer07_PVS_binding,fta1*AB40_Oligomer07_PVS*C_Antibody_unbound_PVS*V_PVS,,AB40_Oligomer07_PVS_bound,+,fta1 * C_Antibody_unbound_PVS * AB40_Oligomer07_PVS,,,,,,,,,,,,,,
AB40_Oligomer07_PVS_bound,-,AB40_Oligomer07_PVS_bound_clearance,(1 - sigma_PVS_AB40_bound)*Q_PVS*AB40_Oligomer07_PVS_bound,,AB40_Oligomer07_PVS_bound,-,((1 - sigma_PVS_ABeta40_bound) * Q_PVS * AB40_Oligomer07_PVS_bound / V_PVS),,,,,,,,,,,,,,
AB40_Oligomer08,+,AB40_Oligomer08_formation,k_O7_O8_forty*AB40_Oligomer07*AB40_Monomer*VIS_brain,,AB40_Oligomer08,+,k_O7_O8_forty * AB40_Monomer * AB40_Oligomer07,,,,,,,,,,,,,,
AB40_Oligomer08,-,AB40_Oligomer08_dissociation,k_O8_O7_forty*AB40_Oligomer08*VIS_brain,,AB40_Oligomer08,-,(k_O8_O7_forty * AB40_Oligomer08),,,,,,,,,,,,,,
AB40_Oligomer08,+,AB40_Oligomer08_plaque_catalyzed_formation,k_O7_O8_forty*AB40_Plaque_Driven_Monomer_Addition_Vmax*AB40_Oligomer07*AB40_Monomer*(AB40_Plaque_unbound/(AB40_Plaque_unbound + AB40_Plaque_Driven_Monomer_Addition_EC50))*VIS_brain,,AB40_Oligomer08,-,(k_O8_O9_forty * AB40_Monomer * AB40_Oligomer08),,,,,,,,,,,,,,
AB40_Oligomer08,-,AB40_Oligomer08_antibody_binding,fta1*AB40_Oligomer08*Ab_t*VIS_brain,,AB40_Oligomer08,+,k_O9_O8_forty * AB40_Oligomer09,,,,,,,,,,,,,,
AB40_Oligomer08,-,AB40_Oligomer08_microglia_clearance,Microglia_Vmax_forty*AB40_Oligomer08*Microglia_cell_count*(Microglia_Hi_Fract*Microglia_CL_high_AB40 + (1 - Microglia_Hi_Fract)*Microglia_CL_low_AB40)*VIS_brain,,AB40_Oligomer08,+,k_O7_O8_forty * AB40_Plaque_Driven_Monomer_Addition_Vmax * AB40_Monomer * AB40_Oligomer07 * (AB40_Plaque_unbound / (AB40_Plaque_unbound + AB40_Plaque_Driven_Monomer_Addition_EC50)),,,,,,,,,,,,,,
AB40_Oligomer08,-,AB40_Oligomer09_formation,k_O8_O9_forty*AB40_Oligomer08*AB40_Monomer*VIS_brain,,AB40_Oligomer08,-,(fta1 * Antibody_unbound_ISF * AB40_Oligomer08),,,,,,,,,,,,,,
AB40_Oligomer08,+,AB40_Oligomer09_dissociation,k_O9_O8_forty*AB40_Oligomer09*VIS_brain,,AB40_Oligomer08,-,(k_O8_O9_forty * AB40_Plaque_Driven_Monomer_Addition_Vmax * AB40_Monomer * AB40_Oligomer08 * (AB40_Plaque_unbound / (AB40_Plaque_unbound + AB40_Plaque_Driven_Monomer_Addition_EC50))),,,,,,,,,,,,,,
AB40_Oligomer08,-,AB40_Oligomer09_plaque_catalyzed_formation,k_O8_O9_forty*AB40_Plaque_Driven_Monomer_Addition_Vmax*AB40_Oligomer08*AB40_Monomer*(AB40_Plaque_unbound/(AB40_Plaque_unbound + AB40_Plaque_Driven_Monomer_Addition_EC50))*VIS_brain,,AB40_Oligomer08,-,(AB40_Oligomer08 * Microglia_cell_count * (Microglia_Hi_Fract * Microglia_CL_high_AB40 + (1 - Microglia_Hi_Fract) * Microglia_CL_low_AB40)),,,,,,,,,,,,,,
AB40_Oligomer08,-,AB40_Oligomer08_to_PVS,(1 - sigma_ISF_ABeta40_oligomer08)*Q_PVS*AB40_Oligomer08,,AB40_Oligomer08,-,((1 - sigma_ISF_ABeta40_oligomer08) * Q_PVS * AB40_Oligomer08 / vol_brain_ISF),,,,,,,,,,,,,,
AB40_Oligomer08_Antibody_bound,+,AB40_Oligomer08_antibody_binding,fta1*AB40_Oligomer08*Ab_t*VIS_brain,,AB40_Oligomer08_Antibody_bound,-,(AB40_Oligomer08_Antibody_bound * Microglia_cell_count * (Microglia_Hi_Fract * Microglia_CL_high_mab + (1 - Microglia_Hi_Fract) * Microglia_CL_low_mAb)),,,,,,,,,,,,,,
AB40_Oligomer08_Antibody_bound,-,AB40_Oligomer08_Antibody_bound_microglia_clearance,Microglia_Vmax_forty*AB40_Oligomer08_Antibody_bound*Microglia_cell_count*(Microglia_Hi_Fract*Microglia_CL_high_mAb + (1 - Microglia_Hi_Fract)*Microglia_CL_low_mAb)*VIS_brain,,AB40_Oligomer08_Antibody_bound,+,fta1 * Antibody_unbound_ISF * AB40_Oligomer08,,,,,,,,,,,,,,
AB40_Oligomer08_PVS,+,AB40_Oligomer08_to_PVS,(1 - sigma_ISF_ABeta40_oligomer08)*Q_PVS*AB40_Oligomer08,,AB40_Oligomer08_PVS,-,(fta1 * C_Antibody_unbound_PVS * AB40_Oligomer08_PVS),,,,,,,,,,,,,,
AB40_Oligomer08_PVS,-,AB40_Oligomer08_PVS_binding,fta1*AB40_Oligomer08_PVS*C_Antibody_unbound_PVS*V_PVS,,AB40_Oligomer08_PVS,+,(1 - sigma_ISF_ABeta40_oligomer08) * Q_PVS * AB40_Oligomer08 / V_PVS,,,,,,,,,,,,,,
AB40_Oligomer08_PVS,-,AB40_Oligomer08_PVS_clearance,(1 - sigma_PVS_AB40)*Q_PVS*AB40_Oligomer08_PVS,,AB40_Oligomer08_PVS,-,((1 - sigma_PVS_ABeta40) * Q_PVS * AB40_Oligomer08_PVS / V_PVS),,,,,,,,,,,,,,
AB40_Oligomer08_PVS_bound,+,AB40_Oligomer08_PVS_binding,fta1*AB40_Oligomer08_PVS*C_Antibody_unbound_PVS*V_PVS,,AB40_Oligomer08_PVS_bound,+,fta1 * C_Antibody_unbound_PVS * AB40_Oligomer08_PVS,,,,,,,,,,,,,,
AB40_Oligomer08_PVS_bound,-,AB40_Oligomer08_PVS_bound_clearance,(1 - sigma_PVS_AB40_bound)*Q_PVS*AB40_Oligomer08_PVS_bound,,AB40_Oligomer08_PVS_bound,-,((1 - sigma_PVS_ABeta40_bound) * Q_PVS * AB40_Oligomer08_PVS_bound / V_PVS),,,,,,,,,,,,,,
AB40_Oligomer09,+,AB40_Oligomer09_formation,k_O8_O9_forty*AB40_Oligomer08*AB40_Monomer*VIS_brain,,AB40_Oligomer09,+,k_O8_O9_forty * AB40_Monomer * AB40_Oligomer08,,,,,,,,,,,,,,
AB40_Oligomer09,-,AB40_Oligomer09_dissociation,k_O9_O8_forty*AB40_Oligomer09*VIS_brain,,AB40_Oligomer09,-,(k_O9_O8_forty * AB40_Oligomer09),,,,,,,,,,,,,,
AB40_Oligomer09,+,AB40_Oligomer09_plaque_catalyzed_formation,k_O8_O9_forty*AB40_Plaque_Driven_Monomer_Addition_Vmax*AB40_Oligomer08*AB40_Monomer*(AB40_Plaque_unbound/(AB40_Plaque_unbound + AB40_Plaque_Driven_Monomer_Addition_EC50))*VIS_brain,,AB40_Oligomer09,-,(k_O9_O10_forty * AB40_Monomer * AB40_Oligomer09),,,,,,,,,,,,,,
AB40_Oligomer09,-,AB40_Oligomer09_antibody_binding,fta1*AB40_Oligomer09*Ab_t*VIS_brain,,AB40_Oligomer09,+,k_O10_O9_forty * AB40_Oligomer10,,,,,,,,,,,,,,
AB40_Oligomer09,-,AB40_Oligomer09_microglia_clearance,Microglia_Vmax_forty*AB40_Oligomer09*Microglia_cell_count*(Microglia_Hi_Fract*Microglia_CL_high_AB40 + (1 - Microglia_Hi_Fract)*Microglia_CL_low_AB40)*VIS_brain,,AB40_Oligomer09,+,k_O8_O9_forty * AB40_Plaque_Driven_Monomer_Addition_Vmax * AB40_Monomer * AB40_Oligomer08 * (AB40_Plaque_unbound / (AB40_Plaque_unbound + AB40_Plaque_Driven_Monomer_Addition_EC50)),,,,,,,,,,,,,,
AB40_Oligomer09,-,AB40_Oligomer10_formation,k_O9_O10_forty*AB40_Oligomer09*AB40_Monomer*VIS_brain,,AB40_Oligomer09,-,(fta1 * Antibody_unbound_ISF * AB40_Oligomer09),,,,,,,,,,,,,,
AB40_Oligomer09,+,AB40_Oligomer10_dissociation,k_O10_O9_forty*AB40_Oligomer10*VIS_brain,,AB40_Oligomer09,-,(k_O9_O10_forty * AB40_Plaque_Driven_Monomer_Addition_Vmax * AB40_Monomer * AB40_Oligomer09 * (AB40_Plaque_unbound / (AB40_Plaque_unbound + AB40_Plaque_Driven_Monomer_Addition_EC50))),,,,,,,,,,,,,,
AB40_Oligomer09,-,AB40_Oligomer10_plaque_catalyzed_formation,k_O9_O10_forty*AB40_Plaque_Driven_Monomer_Addition_Vmax*AB40_Oligomer09*AB40_Monomer*(AB40_Plaque_unbound/(AB40_Plaque_unbound + AB40_Plaque_Driven_Monomer_Addition_EC50))*VIS_brain,,AB40_Oligomer09,-,(AB40_Oligomer09 * Microglia_cell_count * (Microglia_Hi_Fract * Microglia_CL_high_AB40 + (1 - Microglia_Hi_Fract) * Microglia_CL_low_AB40)),,,,,,,,,,,,,,
AB40_Oligomer09,-,AB40_Oligomer09_to_PVS,(1 - sigma_ISF_ABeta40_oligomer09)*Q_PVS*AB40_Oligomer09,,AB40_Oligomer09,-,((1 - sigma_ISF_ABeta40_oligomer09) * Q_PVS * AB40_Oligomer09 / vol_brain_ISF),,,,,,,,,,,,,,
AB40_Oligomer09_Antibody_bound,+,AB40_Oligomer09_antibody_binding,fta1*AB40_Oligomer09*Ab_t*VIS_brain,,AB40_Oligomer09_Antibody_bound,-,(AB40_Oligomer09_Antibody_bound * Microglia_cell_count * (Microglia_Hi_Fract * Microglia_CL_high_mab + (1 - Microglia_Hi_Fract) * Microglia_CL_low_mAb)),,,,,,,,,,,,,,
AB40_Oligomer09_Antibody_bound,-,AB40_Oligomer09_Antibody_bound_microglia_clearance,Microglia_Vmax_forty*AB40_Oligomer09_Antibody_bound*Microglia_cell_count*(Microglia_Hi_Fract*Microglia_CL_high_mAb + (1 - Microglia_Hi_Fract)*Microglia_CL_low_mAb)*VIS_brain,,AB40_Oligomer09_Antibody_bound,+,fta1 * Antibody_unbound_ISF * AB40_Oligomer09,,,,,,,,,,,,,,
AB40_Oligomer09_PVS,+,AB40_Oligomer09_to_PVS,(1 - sigma_ISF_ABeta40_oligomer09)*Q_PVS*AB40_Oligomer09,,AB40_Oligomer09_PVS,-,(fta1 * C_Antibody_unbound_PVS * AB40_Oligomer09_PVS),,,,,,,,,,,,,,
AB40_Oligomer09_PVS,-,AB40_Oligomer09_PVS_binding,fta1*AB40_Oligomer09_PVS*C_Antibody_unbound_PVS*V_PVS,,AB40_Oligomer09_PVS,+,(1 - sigma_ISF_ABeta40_oligomer09) * Q_PVS * AB40_Oligomer09 / V_PVS,,,,,,,,,,,,,,
AB40_Oligomer09_PVS,-,AB40_Oligomer09_PVS_clearance,(1 - sigma_PVS_AB40)*Q_PVS*AB40_Oligomer09_PVS,,AB40_Oligomer09_PVS,-,((1 - sigma_PVS_ABeta40) * Q_PVS * AB40_Oligomer09_PVS / V_PVS),,,,,,,,,,,,,,
AB40_Oligomer09_PVS_bound,+,AB40_Oligomer09_PVS_binding,fta1*AB40_Oligomer09_PVS*C_Antibody_unbound_PVS*V_PVS,,AB40_Oligomer09_PVS_bound,+,fta1 * C_Antibody_unbound_PVS * AB40_Oligomer09_PVS,,,,,,,,,,,,,,
AB40_Oligomer09_PVS_bound,-,AB40_Oligomer09_PVS_bound_clearance,(1 - sigma_PVS_AB40_bound)*Q_PVS*AB40_Oligomer09_PVS_bound,,AB40_Oligomer09_PVS_bound,-,((1 - sigma_PVS_ABeta40_bound) * Q_PVS * AB40_Oligomer09_PVS_bound / V_PVS),,,,,,,,,,,,,,
AB40_Oligomer10,+,AB40_Oligomer10_formation,k_O9_O10_forty*AB40_Oligomer09*AB40_Monomer*VIS_brain,,AB40_Oligomer10,+,k_O9_O10_forty * AB40_Monomer * AB40_Oligomer09,,,,,,,,,,,,,,
AB40_Oligomer10,-,AB40_Oligomer10_dissociation,k_O10_O9_forty*AB40_Oligomer10*VIS_brain,,AB40_Oligomer10,-,(k_O10_O9_forty * AB40_Oligomer10),,,,,,,,,,,,,,
AB40_Oligomer10,+,AB40_Oligomer10_plaque_catalyzed_formation,k_O9_O10_forty*AB40_Plaque_Driven_Monomer_Addition_Vmax*AB40_Oligomer09*AB40_Monomer*(AB40_Plaque_unbound/(AB40_Plaque_unbound + AB40_Plaque_Driven_Monomer_Addition_EC50))*VIS_brain,,AB40_Oligomer10,-,(k_O10_O11_forty * AB40_Monomer * AB40_Oligomer10),,,,,,,,,,,,,,
AB40_Oligomer10,-,AB40_Oligomer10_antibody_binding,fta1*AB40_Oligomer10*Ab_t*VIS_brain,,AB40_Oligomer10,+,k_O11_O10_forty * AB40_Oligomer11,,,,,,,,,,,,,,
AB40_Oligomer10,-,AB40_Oligomer10_microglia_clearance,Microglia_Vmax_forty*AB40_Oligomer10*Microglia_cell_count*(Microglia_Hi_Fract*Microglia_CL_high_AB40 + (1 - Microglia_Hi_Fract)*Microglia_CL_low_AB40)*VIS_brain,,AB40_Oligomer10,+,k_O9_O10_forty * AB40_Plaque_Driven_Monomer_Addition_Vmax * AB40_Monomer * AB40_Oligomer09 * (AB40_Plaque_unbound / (AB40_Plaque_unbound + AB40_Plaque_Driven_Monomer_Addition_EC50)),,,,,,,,,,,,,,
AB40_Oligomer10,-,AB40_Oligomer11_formation,k_O10_O11_forty*AB40_Oligomer10*AB40_Monomer*VIS_brain,,AB40_Oligomer10,-,(fta1 * Antibody_unbound_ISF * AB40_Oligomer10),,,,,,,,,,,,,,
AB40_Oligomer10,+,AB40_Oligomer11_dissociation,k_O11_O10_forty*AB40_Oligomer11*VIS_brain,,AB40_Oligomer10,-,(AB40_Oligomer10 * Microglia_cell_count * (Microglia_Hi_Fract * Microglia_CL_high_AB40 + (1 - Microglia_Hi_Fract) * Microglia_CL_low_AB40)),,,,,,,,,,,,,,
AB40_Oligomer10,-,AB40_Oligomer11_plaque_catalyzed_formation,k_O10_O11_forty*AB40_Plaque_Driven_Monomer_Addition_Vmax*AB40_Oligomer10*AB40_Monomer*(AB40_Plaque_unbound/(AB40_Plaque_unbound + AB40_Plaque_Driven_Monomer_Addition_EC50))*VIS_brain,,AB40_Oligomer10,-,(k_O10_O11_forty * AB40_Plaque_Driven_Monomer_Addition_Vmax * AB40_Monomer * AB40_Oligomer10 * (AB40_Plaque_unbound / (AB40_Plaque_unbound + AB40_Plaque_Driven_Monomer_Addition_EC50))),,,,,,,,,,,,,,
AB40_Oligomer10,-,AB40_Oligomer10_to_PVS,(1 - sigma_ISF_ABeta40_oligomer10)*Q_PVS*AB40_Oligomer10,,AB40_Oligomer10,-,((1 - sigma_ISF_ABeta40_oligomer010) * Q_PVS * AB40_Oligomer10 / vol_brain_ISF),,,,,,,,,,,,,,
AB40_Oligomer10_Antibody_bound,+,AB40_Oligomer10_antibody_binding,fta1*AB40_Oligomer10*Ab_t*VIS_brain,,AB40_Oligomer10_Antibody_bound,-,(AB40_Oligomer10_Antibody_bound * Microglia_cell_count * (Microglia_Hi_Fract * Microglia_CL_high_mab + (1 - Microglia_Hi_Fract) * Microglia_CL_low_mAb)),,,,,,,,,,,,,,
AB40_Oligomer10_Antibody_bound,-,AB40_Oligomer10_Antibody_bound_microglia_clearance,Microglia_Vmax_forty*AB40_Oligomer10_Antibody_bound*Microglia_cell_count*(Microglia_Hi_Fract*Microglia_CL_high_mAb + (1 - Microglia_Hi_Fract)*Microglia_CL_low_mAb)*VIS_brain,,AB40_Oligomer10_Antibody_bound,+,fta1 * Antibody_unbound_ISF * AB40_Oligomer10,,,,,,,,,,,,,,
AB40_Oligomer10_PVS,+,AB40_Oligomer10_to_PVS,(1 - sigma_ISF_ABeta40_oligomer10)*Q_PVS*AB40_Oligomer10,,AB40_Oligomer10_PVS,-,(fta1 * C_Antibody_unbound_PVS * AB40_Oligomer10_PVS),,,,,,,,,,,,,,
AB40_Oligomer10_PVS,-,AB40_Oligomer10_PVS_binding,fta1*AB40_Oligomer10_PVS*C_Antibody_unbound_PVS*V_PVS,,AB40_Oligomer10_PVS,+,(1 - sigma_ISF_ABeta40_oligomer010) * Q_PVS * AB40_Oligomer10 / V_PVS,,,,,,,,,,,,,,
AB40_Oligomer10_PVS,-,AB40_Oligomer10_PVS_clearance,(1 - sigma_PVS_AB40)*Q_PVS*AB40_Oligomer10_PVS,,AB40_Oligomer10_PVS,-,((1 - sigma_PVS_ABeta40) * Q_PVS * AB40_Oligomer10_PVS / V_PVS),,,,,,,,,,,,,,
AB40_Oligomer10_PVS_bound,+,AB40_Oligomer10_PVS_binding,fta1*AB40_Oligomer10_PVS*C_Antibody_unbound_PVS*V_PVS,,AB40_Oligomer10_PVS_bound,+,fta1 * C_Antibody_unbound_PVS * AB40_Oligomer10_PVS,,,,,,,,,,,,,,
AB40_Oligomer10_PVS_bound,-,AB40_Oligomer10_PVS_bound_clearance,(1 - sigma_PVS_AB40_bound)*Q_PVS*AB40_Oligomer10_PVS_bound,,AB40_Oligomer10_PVS_bound,-,((1 - sigma_PVS_ABeta40_bound) * Q_PVS * AB40_Oligomer10_PVS_bound / V_PVS),,,,,,,,,,,,,,
AB40_Oligomer11,+,AB40_Oligomer11_formation,k_O10_O11_forty*AB40_Oligomer10*AB40_Monomer*VIS_brain,,AB40_Oligomer11,+,k_O10_O11_forty * AB40_Monomer * AB40_Oligomer10,,,,,,,,,,,,,,
AB40_Oligomer11,-,AB40_Oligomer11_dissociation,k_O11_O10_forty*AB40_Oligomer11*VIS_brain,,AB40_Oligomer11,-,(k_O11_O10_forty * AB40_Oligomer11),,,,,,,,,,,,,,
AB40_Oligomer11,+,AB40_Oligomer11_plaque_catalyzed_formation,k_O10_O11_forty*AB40_Plaque_Driven_Monomer_Addition_Vmax*AB40_Oligomer10*AB40_Monomer*(AB40_Plaque_unbound/(AB40_Plaque_unbound + AB40_Plaque_Driven_Monomer_Addition_EC50))*VIS_brain,,AB40_Oligomer11,-,(k_O11_O12_forty * AB40_Monomer * AB40_Oligomer11),,,,,,,,,,,,,,
AB40_Oligomer11,-,AB40_Oligomer11_antibody_binding,fta1*AB40_Oligomer11*Ab_t*VIS_brain,,AB40_Oligomer11,+,k_O12_O11_forty * AB40_Oligomer12,,,,,,,,,,,,,,
AB40_Oligomer11,-,AB40_Oligomer11_microglia_clearance,Microglia_Vmax_forty*AB40_Oligomer11*Microglia_cell_count*(Microglia_Hi_Fract*Microglia_CL_high_AB40 + (1 - Microglia_Hi_Fract)*Microglia_CL_low_AB40)*VIS_brain,,AB40_Oligomer11,+,k_O10_O11_forty * AB40_Plaque_Driven_Monomer_Addition_Vmax * AB40_Monomer * AB40_Oligomer10 * (AB40_Plaque_unbound / (AB40_Plaque_unbound + AB40_Plaque_Driven_Monomer_Addition_EC50)),,,,,,,,,,,,,,
AB40_Oligomer11,-,AB40_Oligomer12_formation,k_O11_O12_forty*AB40_Oligomer11*AB40_Monomer*VIS_brain,,AB40_Oligomer11,-,(fta1 * Antibody_unbound_ISF * AB40_Oligomer11),,,,,,,,,,,,,,
AB40_Oligomer11,+,AB40_Oligomer12_dissociation,k_O12_O11_forty*AB40_Oligomer12*VIS_brain,,AB40_Oligomer11,-,(AB40_Oligomer11 * Microglia_cell_count * (Microglia_Hi_Fract * Microglia_CL_high_AB40 + (1 - Microglia_Hi_Fract) * Microglia_CL_low_AB40)),,,,,,,,,,,,,,
AB40_Oligomer11,-,AB40_Oligomer12_plaque_catalyzed_formation,k_O11_O12_forty*AB40_Plaque_Driven_Monomer_Addition_Vmax*AB40_Oligomer11*AB40_Monomer*(AB40_Plaque_unbound/(AB40_Plaque_unbound + AB40_Plaque_Driven_Monomer_Addition_EC50))*VIS_brain,,AB40_Oligomer11,-,(k_O11_O12_forty * AB40_Plaque_Driven_Monomer_Addition_Vmax * AB40_Monomer * AB40_Oligomer11 * (AB40_Plaque_unbound / (AB40_Plaque_unbound + AB40_Plaque_Driven_Monomer_Addition_EC50))),,,,,,,,,,,,,,
AB40_Oligomer11,-,AB40_Oligomer11_to_PVS,(1 - sigma_ISF_ABeta40_oligomer11)*Q_PVS*AB40_Oligomer11,,AB40_Oligomer11,-,((1 - sigma_ISF_ABeta40_oligomer011) * Q_PVS * AB40_Oligomer11 / vol_brain_ISF),,,,,,,,,,,,,,
AB40_Oligomer11_Antibody_bound,+,AB40_Oligomer11_antibody_binding,fta1*AB40_Oligomer11*Ab_t*VIS_brain,,AB40_Oligomer11_Antibody_bound,-,(AB40_Oligomer11_Antibody_bound * Microglia_cell_count * (Microglia_Hi_Fract * Microglia_CL_high_mab + (1 - Microglia_Hi_Fract) * Microglia_CL_low_mAb)),,,,,,,,,,,,,,
AB40_Oligomer11_Antibody_bound,-,AB40_Oligomer11_Antibody_bound_microglia_clearance,Microglia_Vmax_forty*AB40_Oligomer11_Antibody_bound*Microglia_cell_count*(Microglia_Hi_Fract*Microglia_CL_high_mAb + (1 - Microglia_Hi_Fract)*Microglia_CL_low_mAb)*VIS_brain,,AB40_Oligomer11_Antibody_bound,+,fta1 * Antibody_unbound_ISF * AB40_Oligomer11,,,,,,,,,,,,,,
AB40_Oligomer11_PVS,+,AB40_Oligomer11_to_PVS,(1 - sigma_ISF_ABeta40_oligomer11)*Q_PVS*AB40_Oligomer11,,AB40_Oligomer11_PVS,-,(fta1 * C_Antibody_unbound_PVS * AB40_Oligomer11_PVS),,,,,,,,,,,,,,
AB40_Oligomer11_PVS,-,AB40_Oligomer11_PVS_binding,fta1*AB40_Oligomer11_PVS*C_Antibody_unbound_PVS*V_PVS,,AB40_Oligomer11_PVS,+,(1 - sigma_ISF_ABeta40_oligomer011) * Q_PVS * AB40_Oligomer11 / V_PVS,,,,,,,,,,,,,,
AB40_Oligomer11_PVS,-,AB40_Oligomer11_PVS_clearance,(1 - sigma_PVS_AB40)*Q_PVS*AB40_Oligomer11_PVS,,AB40_Oligomer11_PVS,-,((1 - sigma_PVS_ABeta40) * Q_PVS * AB40_Oligomer11_PVS / V_PVS),,,,,,,,,,,,,,
AB40_Oligomer11_PVS_bound,+,AB40_Oligomer11_PVS_binding,fta1*AB40_Oligomer11_PVS*C_Antibody_unbound_PVS*V_PVS,,AB40_Oligomer11_PVS_bound,+,fta1 * C_Antibody_unbound_PVS * AB40_Oligomer11_PVS,,,,,,,,,,,,,,
AB40_Oligomer11_PVS_bound,-,AB40_Oligomer11_PVS_bound_clearance,(1 - sigma_PVS_AB40_bound)*Q_PVS*AB40_Oligomer11_PVS_bound,,AB40_Oligomer11_PVS_bound,-,((1 - sigma_PVS_ABeta40_bound) * Q_PVS * AB40_Oligomer11_PVS_bound / V_PVS),,,,,,,,,,,,,,
AB40_Oligomer12,+,AB40_Oligomer12_formation,k_O11_O12_forty*AB40_Oligomer11*AB40_Monomer*VIS_brain,,AB40_Oligomer12,+,2 * (k_F24_O12_forty * k_F24_F23_forty * AB40_Fibril24),,,,,,,,,,,,,,
AB40_Oligomer12,-,AB40_Oligomer12_dissociation,k_O12_O11_forty*AB40_Oligomer12*VIS_brain,,AB40_Oligomer12,+,k_O11_O12_forty * AB40_Monomer * AB40_Oligomer11,,,,,,,,,,,,,,
AB40_Oligomer12,+,AB40_Oligomer12_plaque_catalyzed_formation,k_O11_O12_forty*AB40_Plaque_Driven_Monomer_Addition_Vmax*AB40_Oligomer11*AB40_Monomer*(AB40_Plaque_unbound/(AB40_Plaque_unbound + AB40_Plaque_Driven_Monomer_Addition_EC50))*VIS_brain,,AB40_Oligomer12,-,(k_O12_O11_forty * AB40_Oligomer12),,,,,,,,,,,,,,
AB40_Oligomer12,-,AB40_Oligomer12_antibody_binding,fta1*AB40_Oligomer12*Ab_t*VIS_brain,,AB40_Oligomer12,-,(k_O12_O13_forty * AB40_Monomer * AB40_Oligomer12),,,,,,,,,,,,,,
AB40_Oligomer12,-,AB40_Oligomer12_microglia_clearance,Microglia_Vmax_forty*AB40_Oligomer12*Microglia_cell_count*(Microglia_Hi_Fract*Microglia_CL_high_AB40 + (1 - Microglia_Hi_Fract)*Microglia_CL_low_AB40)*VIS_brain,,AB40_Oligomer12,+,k_O13_O12_forty * AB40_Oligomer13,,,,,,,,,,,,,,
AB40_Oligomer12,-,AB40_Oligomer13_formation,k_O12_O13_forty*AB40_Oligomer12*AB40_Monomer*VIS_brain,,AB40_Oligomer12,+,k_O11_O12_forty * AB40_Plaque_Driven_Monomer_Addition_Vmax * AB40_Monomer * AB40_Oligomer11 * (AB40_Plaque_unbound / (AB40_Plaque_unbound + AB40_Plaque_Driven_Monomer_Addition_EC50)),,,,,,,,,,,,,,
AB40_Oligomer12,+,AB40_Oligomer13_dissociation,k_O13_O12_forty*AB40_Oligomer13*VIS_brain,,AB40_Oligomer12,-,(fta1 * Antibody_unbound_ISF * AB40_Oligomer12),,,,,,,,,,,,,,
AB40_Oligomer12,-,AB40_plaque_oligomer13_formation,k_O12_O13_forty*AB40_Plaque_Driven_Monomer_Addition_Vmax*AB40_Oligomer12*AB40_Monomer*(AB40_Plaque_unbound/(AB40_Plaque_unbound + AB40_Plaque_Driven_Monomer_Addition_EC50))*VIS_brain,,AB40_Oligomer12,-,(AB40_Oligomer12 * Microglia_cell_count * (Microglia_Hi_Fract * Microglia_CL_high_AB40 + (1 - Microglia_Hi_Fract) * Microglia_CL_low_AB40)),,,,,,,,,,,,,,
AB40_Oligomer12,+,AB40_fibril24_breakdown,k_F24_O12_forty*k_F24_F23_forty*AB40_Fibril24*VIS_brain,,AB40_Oligomer12,-,(k_O12_O13_forty * AB40_Plaque_Driven_Monomer_Addition_Vmax * AB40_Monomer * AB40_Oligomer12 * (AB40_Plaque_unbound / (AB40_Plaque_unbound + AB40_Plaque_Driven_Monomer_Addition_EC50))),,,,,,,,,,,,,,
AB40_Oligomer12,-,AB40_Oligomer12_to_PVS,(1 - sigma_ISF_ABeta40_oligomer12)*Q_PVS*AB40_Oligomer12,,AB40_Oligomer12,-,((1 - sigma_ISF_ABeta40_oligomer012) * Q_PVS * AB40_Oligomer12 / vol_brain_ISF),,,,,,,,,,,,,,
AB40_Oligomer12_Antibody_bound,+,AB40_Oligomer12_antibody_binding,fta1*AB40_Oligomer12*Ab_t*VIS_brain,,AB40_Oligomer12_Antibody_bound,-,(AB40_Oligomer12_Antibody_bound * Microglia_cell_count * (Microglia_Hi_Fract * Microglia_CL_high_mab + (1 - Microglia_Hi_Fract) * Microglia_CL_low_mAb)),,,,,,,,,,,,,,
AB40_Oligomer12_Antibody_bound,-,AB40_Oligomer12_Antibody_bound_microglia_clearance,Microglia_Vmax_forty*AB40_Oligomer12_Antibody_bound*Microglia_cell_count*(Microglia_Hi_Fract*Microglia_CL_high_mAb + (1 - Microglia_Hi_Fract)*Microglia_CL_low_mAb)*VIS_brain,,AB40_Oligomer12_Antibody_bound,+,fta1 * Antibody_unbound_ISF * AB40_Oligomer12,,,,,,,,,,,,,,
AB40_Oligomer12_PVS,+,AB40_Oligomer12_to_PVS,(1 - sigma_ISF_ABeta40_oligomer12)*Q_PVS*AB40_Oligomer12,,AB40_Oligomer12_PVS,-,(fta1 * C_Antibody_unbound_PVS * AB40_Oligomer12_PVS),,,,,,,,,,,,,,
AB40_Oligomer12_PVS,-,AB40_Oligomer12_PVS_binding,fta1*AB40_Oligomer12_PVS*C_Antibody_unbound_PVS*V_PVS,,AB40_Oligomer12_PVS,+,(1 - sigma_ISF_ABeta40_oligomer012) * Q_PVS * AB40_Oligomer12 / V_PVS,,,,,,,,,,,,,,
AB40_Oligomer12_PVS,-,AB40_Oligomer12_PVS_clearance,(1 - sigma_PVS_AB40)*Q_PVS*AB40_Oligomer12_PVS,,AB40_Oligomer12_PVS,-,((1 - sigma_PVS_ABeta40) * Q_PVS * AB40_Oligomer12_PVS / V_PVS),,,,,,,,,,,,,,
AB40_Oligomer12_PVS_bound,+,AB40_Oligomer12_PVS_binding,fta1*AB40_Oligomer12_PVS*C_Antibody_unbound_PVS*V_PVS,,AB40_Oligomer12_PVS_bound,+,fta1 * C_Antibody_unbound_PVS * AB40_Oligomer12_PVS,,,,,,,,,,,,,,
AB40_Oligomer12_PVS_bound,-,AB40_Oligomer12_PVS_bound_clearance,(1 - sigma_PVS_AB40_bound)*Q_PVS*AB40_Oligomer12_PVS_bound,,AB40_Oligomer12_PVS_bound,-,((1 - sigma_PVS_ABeta40_bound) * Q_PVS * AB40_Oligomer12_PVS_bound / V_PVS),,,,,,,,,,,,,,
AB40_Oligomer13,+,AB40_Oligomer13_formation,k_O12_O13_forty*AB40_Oligomer12*AB40_Monomer*VIS_brain,,AB40_Oligomer13,+,k_O12_O13_forty * AB40_Monomer * AB40_Oligomer12,,,,,,,,,,,,,,
AB40_Oligomer13,-,AB40_Oligomer13_dissociation,k_O13_O12_forty*AB40_Oligomer13*VIS_brain,,AB40_Oligomer13,-,(k_O13_O12_forty * AB40_Oligomer13),,,,,,,,,,,,,,
AB40_Oligomer13,+,AB40_plaque_oligomer13_formation,k_O12_O13_forty*AB40_Plaque_Driven_Monomer_Addition_Vmax*AB40_Oligomer12*AB40_Monomer*(AB40_Plaque_unbound/(AB40_Plaque_unbound + AB40_Plaque_Driven_Monomer_Addition_EC50))*VIS_brain,,AB40_Oligomer13,-,(k_O13_O14_forty * AB40_Monomer * AB40_Oligomer13),,,,,,,,,,,,,,
AB40_Oligomer13,-,AB40_Oligomer13_to_plaque,k_O13_Plaque_forty*AB40_Oligomer13*AB40_Monomer*VIS_brain,,AB40_Oligomer13,+,k_O14_O13_forty * AB40_Oligomer14,,,,,,,,,,,,,,
AB40_Oligomer13,-,AB40_Oligomer13_antibody_binding,fta1*AB40_Oligomer13*Ab_t*VIS_brain,,AB40_Oligomer13,+,k_O12_O13_forty * AB40_Plaque_Driven_Monomer_Addition_Vmax * AB40_Monomer * AB40_Oligomer12 * (AB40_Plaque_unbound / (AB40_Plaque_unbound + AB40_Plaque_Driven_Monomer_Addition_EC50)),,,,,,,,,,,,,,
AB40_Oligomer13,-,AB40_Oligomer13_microglia_clearance,Microglia_Vmax_forty*AB40_Oligomer13*Microglia_cell_count*(Microglia_Hi_Fract*Microglia_CL_high_AB40 + (1 - Microglia_Hi_Fract)*Microglia_CL_low_AB40)*VIS_brain,,AB40_Oligomer13,-,(fta1 * Antibody_unbound_ISF * AB40_Oligomer13),,,,,,,,,,,,,,
AB40_Oligomer13,-,AB40_Oligomer14_formation,k_O13_O14_forty*AB40_Oligomer13*AB40_Monomer*VIS_brain,,AB40_Oligomer13,-,(AB40_Oligomer13 * Microglia_cell_count * (Microglia_Hi_Fract * Microglia_CL_high_AB40 + (1 - Microglia_Hi_Fract) * Microglia_CL_low_AB40)),,,,,,,,,,,,,,
AB40_Oligomer13,+,AB40_Oligomer14_dissociation,k_O14_O13_forty*AB40_Oligomer14*VIS_brain,,AB40_Oligomer13,-,(k_O13_O14_forty * AB40_Plaque_Driven_Monomer_Addition_Vmax * AB40_Monomer * AB40_Oligomer13 * (AB40_Plaque_unbound / (AB40_Plaque_unbound + AB40_Plaque_Driven_Monomer_Addition_EC50))),,,,,,,,,,,,,,
AB40_Oligomer13,-,AB40_plaque_oligomer14_formation,k_O13_O14_forty*AB40_Plaque_Driven_Monomer_Addition_Vmax*AB40_Oligomer13*AB40_Monomer*(AB40_Plaque_unbound/(AB40_Plaque_unbound + AB40_Plaque_Driven_Monomer_Addition_EC50))*VIS_brain,,AB40_Oligomer13,-,(K_O13_Plaque_forty * AB40_Oligomer13 * AB40_Monomer),,,,,,,,,,,,,,
AB40_Oligomer13,-,AB40_Oligomer13_to_PVS,(1 - sigma_ISF_ABeta40_oligomer13)*Q_PVS*AB40_Oligomer13,,AB40_Oligomer13,-,((1 - sigma_ISF_ABeta40_oligomer013) * Q_PVS * AB40_Oligomer13 / vol_brain_ISF),,,,,,,,,,,,,,
AB40_Oligomer13_Antibody_bound,+,AB40_Oligomer13_antibody_binding,fta1*AB40_Oligomer13*Ab_t*VIS_brain,,AB40_Oligomer13_Antibody_bound,-,(AB40_Oligomer13_Antibody_bound * Microglia_cell_count * (Microglia_Hi_Fract * Microglia_CL_high_mab + (1 - Microglia_Hi_Fract) * Microglia_CL_low_mAb)),,,,,,,,,,,,,,
AB40_Oligomer13_Antibody_bound,-,AB40_Oligomer13_Antibody_bound_microglia_clearance,Microglia_Vmax_forty*AB40_Oligomer13_Antibody_bound*Microglia_cell_count*(Microglia_Hi_Fract*Microglia_CL_high_mAb + (1 - Microglia_Hi_Fract)*Microglia_CL_low_mAb)*VIS_brain,,AB40_Oligomer13_Antibody_bound,+,fta1 * Antibody_unbound_ISF * AB40_Oligomer13,,,,,,,,,,,,,,
AB40_Oligomer13_PVS,+,AB40_Oligomer13_to_PVS,(1 - sigma_ISF_ABeta40_oligomer13)*Q_PVS*AB40_Oligomer13,,AB40_Oligomer13_PVS,-,(fta1 * C_Antibody_unbound_PVS * AB40_Oligomer13_PVS),,,,,,,,,,,,,,
AB40_Oligomer13_PVS,-,AB40_Oligomer13_PVS_binding,fta1*AB40_Oligomer13_PVS*C_Antibody_unbound_PVS*V_PVS,,AB40_Oligomer13_PVS,+,(1 - sigma_ISF_ABeta40_oligomer013) * Q_PVS * AB40_Oligomer13 / V_PVS,,,,,,,,,,,,,,
AB40_Oligomer13_PVS,-,AB40_Oligomer13_PVS_clearance,(1 - sigma_PVS_AB40)*Q_PVS*AB40_Oligomer13_PVS,,AB40_Oligomer13_PVS,-,((1 - sigma_PVS_ABeta40) * Q_PVS * AB40_Oligomer13_PVS / V_PVS),,,,,,,,,,,,,,
AB40_Oligomer13_PVS_bound,+,AB40_Oligomer13_PVS_binding,fta1*AB40_Oligomer13_PVS*C_Antibody_unbound_PVS*V_PVS,,AB40_Oligomer13_PVS_bound,+,fta1 * C_Antibody_unbound_PVS * AB40_Oligomer13_PVS,,,,,,,,,,,,,,
AB40_Oligomer13_PVS_bound,-,AB40_Oligomer13_PVS_bound_clearance,(1 - sigma_PVS_AB40_bound)*Q_PVS*AB40_Oligomer13_PVS_bound,,AB40_Oligomer13_PVS_bound,-,((1 - sigma_PVS_ABeta40_bound) * Q_PVS * AB40_Oligomer13_PVS_bound / V_PVS),,,,,,,,,,,,,,
AB40_Oligomer14,+,AB40_Oligomer14_formation,k_O13_O14_forty*AB40_Oligomer13*AB40_Monomer*VIS_brain,,AB40_Oligomer14,+,k_O13_O14_forty * AB40_Monomer * AB40_Oligomer13,,,,,,,,,,,,,,
AB40_Oligomer14,-,AB40_Oligomer14_dissociation,k_O14_O13_forty*AB40_Oligomer14*VIS_brain,,AB40_Oligomer14,-,(k_O14_O13_forty * AB40_Oligomer14),,,,,,,,,,,,,,
AB40_Oligomer14,+,AB40_plaque_oligomer14_formation,k_O13_O14_forty*AB40_Plaque_Driven_Monomer_Addition_Vmax*AB40_Oligomer13*AB40_Monomer*(AB40_Plaque_unbound/(AB40_Plaque_unbound + AB40_Plaque_Driven_Monomer_Addition_EC50))*VIS_brain,,AB40_Oligomer14,-,(k_O14_O15_forty * AB40_Monomer * AB40_Oligomer14),,,,,,,,,,,,,,
AB40_Oligomer14,-,AB40_Oligomer14_to_plaque,k_O14_Plaque_forty*AB40_Oligomer14*AB40_Monomer*VIS_brain,,AB40_Oligomer14,+,k_O15_O14_forty * AB40_Oligomer15,,,,,,,,,,,,,,
AB40_Oligomer14,-,AB40_Oligomer14_antibody_binding,fta1*AB40_Oligomer14*Ab_t*VIS_brain,,AB40_Oligomer14,+,k_O13_O14_forty * AB40_Plaque_Driven_Monomer_Addition_Vmax * AB40_Monomer * AB40_Oligomer13 * (AB40_Plaque_unbound / (AB40_Plaque_unbound + AB40_Plaque_Driven_Monomer_Addition_EC50)),,,,,,,,,,,,,,
AB40_Oligomer14,-,AB40_Oligomer14_microglia_clearance,Microglia_Vmax_forty*AB40_Oligomer14*Microglia_cell_count*(Microglia_Hi_Fract*Microglia_CL_high_AB40 + (1 - Microglia_Hi_Fract)*Microglia_CL_low_AB40)*VIS_brain,,AB40_Oligomer14,-,(fta1 * Antibody_unbound_ISF * AB40_Oligomer14),,,,,,,,,,,,,,
AB40_Oligomer14,-,AB40_Oligomer15_formation,k_O14_O15_forty*AB40_Oligomer14*AB40_Monomer*VIS_brain,,AB40_Oligomer14,-,(AB40_Oligomer14 * Microglia_cell_count * (Microglia_Hi_Fract * Microglia_CL_high_AB40 + (1 - Microglia_Hi_Fract) * Microglia_CL_low_AB40)),,,,,,,,,,,,,,
AB40_Oligomer14,+,AB40_Oligomer15_dissociation,k_O15_O14_forty*AB40_Oligomer15*VIS_brain,,AB40_Oligomer14,-,(k_O14_O15_forty * AB40_Plaque_Driven_Monomer_Addition_Vmax * AB40_Monomer * AB40_Oligomer14 * (AB40_Plaque_unbound / (AB40_Plaque_unbound + AB40_Plaque_Driven_Monomer_Addition_EC50))),,,,,,,,,,,,,,
AB40_Oligomer14,-,AB40_plaque_oligomer15_formation,k_O14_O15_forty*AB40_Plaque_Driven_Monomer_Addition_Vmax*AB40_Oligomer14*AB40_Monomer*(AB40_Plaque_unbound/(AB40_Plaque_unbound + AB40_Plaque_Driven_Monomer_Addition_EC50))*VIS_brain,,AB40_Oligomer14,-,(K_O14_Plaque_forty * AB40_Oligomer14 * AB40_Monomer),,,,,,,,,,,,,,
AB40_Oligomer14,-,AB40_Oligomer14_to_PVS,(1 - sigma_ISF_ABeta40_oligomer14)*Q_PVS*AB40_Oligomer14,,AB40_Oligomer14,-,((1 - sigma_ISF_ABeta40_oligomer014) * Q_PVS * AB40_Oligomer14 / vol_brain_ISF),,,,,,,,,,,,,,
AB40_Oligomer14_Antibody_bound,+,AB40_Oligomer14_antibody_binding,fta1*AB40_Oligomer14*Ab_t*VIS_brain,,AB40_Oligomer14_Antibody_bound,-,(AB40_Oligomer14_Antibody_bound * Microglia_cell_count * (Microglia_Hi_Fract * Microglia_CL_high_mab + (1 - Microglia_Hi_Fract) * Microglia_CL_low_mAb)),,,,,,,,,,,,,,
AB40_Oligomer14_Antibody_bound,-,AB40_Oligomer14_Antibody_bound_microglia_clearance,Microglia_Vmax_forty*AB40_Oligomer14_Antibody_bound*Microglia_cell_count*(Microglia_Hi_Fract*Microglia_CL_high_mAb + (1 - Microglia_Hi_Fract)*Microglia_CL_low_mAb)*VIS_brain,,AB40_Oligomer14_Antibody_bound,+,fta1 * Antibody_unbound_ISF * AB40_Oligomer14,,,,,,,,,,,,,,
AB40_Oligomer14_PVS,+,AB40_Oligomer14_to_PVS,(1 - sigma_ISF_ABeta40_oligomer14)*Q_PVS*AB40_Oligomer14,,AB40_Oligomer14_PVS,-,(fta1 * C_Antibody_unbound_PVS * AB40_Oligomer14_PVS),,,,,,,,,,,,,,
AB40_Oligomer14_PVS,-,AB40_Oligomer14_PVS_binding,fta1*AB40_Oligomer14_PVS*C_Antibody_unbound_PVS*V_PVS,,AB40_Oligomer14_PVS,+,(1 - sigma_ISF_ABeta40_oligomer014) * Q_PVS * AB40_Oligomer14 / V_PVS,,,,,,,,,,,,,,
AB40_Oligomer14_PVS,-,AB40_Oligomer14_PVS_clearance,(1 - sigma_PVS_AB40)*Q_PVS*AB40_Oligomer14_PVS,,AB40_Oligomer14_PVS,-,((1 - sigma_PVS_ABeta40) * Q_PVS * AB40_Oligomer14_PVS / V_PVS),,,,,,,,,,,,,,
AB40_Oligomer14_PVS_bound,+,AB40_Oligomer14_PVS_binding,fta1*AB40_Oligomer14_PVS*C_Antibody_unbound_PVS*V_PVS,,AB40_Oligomer14_PVS_bound,+,fta1 * C_Antibody_unbound_PVS * AB40_Oligomer14_PVS,,,,,,,,,,,,,,
AB40_Oligomer14_PVS_bound,-,AB40_Oligomer14_PVS_bound_clearance,(1 - sigma_PVS_AB40_bound)*Q_PVS*AB40_Oligomer14_PVS_bound,,AB40_Oligomer14_PVS_bound,-,((1 - sigma_PVS_ABeta40_bound) * Q_PVS * AB40_Oligomer14_PVS_bound / V_PVS),,,,,,,,,,,,,,
AB40_Oligomer15,+,AB40_Oligomer15_formation,k_O14_O15_forty*AB40_Oligomer14*AB40_Monomer*VIS_brain,,AB40_Oligomer15,+,k_O14_O15_forty * AB40_Monomer * AB40_Oligomer14,,,,,,,,,,,,,,
AB40_Oligomer15,-,AB40_Oligomer15_dissociation,k_O15_O14_forty*AB40_Oligomer15*VIS_brain,,AB40_Oligomer15,-,(k_O15_O14_forty * AB40_Oligomer15),,,,,,,,,,,,,,
AB40_Oligomer15,+,AB40_plaque_oligomer15_formation,k_O14_O15_forty*AB40_Plaque_Driven_Monomer_Addition_Vmax*AB40_Oligomer14*AB40_Monomer*(AB40_Plaque_unbound/(AB40_Plaque_unbound + AB40_Plaque_Driven_Monomer_Addition_EC50))*VIS_brain,,AB40_Oligomer15,-,(k_O15_O16_forty * AB40_Monomer * AB40_Oligomer15),,,,,,,,,,,,,,
AB40_Oligomer15,-,AB40_Oligomer15_to_plaque,k_O15_Plaque_forty*AB40_Oligomer15*AB40_Monomer*VIS_brain,,AB40_Oligomer15,+,k_O16_O15_forty * AB40_Oligomer16,,,,,,,,,,,,,,
AB40_Oligomer15,-,AB40_Oligomer15_antibody_binding,fta1*AB40_Oligomer15*Ab_t*VIS_brain,,AB40_Oligomer15,+,k_O14_O15_forty * AB40_Plaque_Driven_Monomer_Addition_Vmax * AB40_Monomer * AB40_Oligomer14 * (AB40_Plaque_unbound / (AB40_Plaque_unbound + AB40_Plaque_Driven_Monomer_Addition_EC50)),,,,,,,,,,,,,,
AB40_Oligomer15,-,AB40_Oligomer15_microglia_clearance,Microglia_Vmax_forty*AB40_Oligomer15*Microglia_cell_count*(Microglia_Hi_Fract*Microglia_CL_high_AB40 + (1 - Microglia_Hi_Fract)*Microglia_CL_low_AB40)*VIS_brain,,AB40_Oligomer15,-,(fta1 * Antibody_unbound_ISF * AB40_Oligomer15),,,,,,,,,,,,,,
AB40_Oligomer15,-,AB40_Oligomer16_formation,k_O15_O16_forty*AB40_Oligomer15*AB40_Monomer*VIS_brain,,AB40_Oligomer15,-,(AB40_Oligomer15 * Microglia_cell_count * (Microglia_Hi_Fract * Microglia_CL_high_AB40 + (1 - Microglia_Hi_Fract) * Microglia_CL_low_AB40)),,,,,,,,,,,,,,
AB40_Oligomer15,+,AB40_Oligomer16_dissociation,k_O16_O15_forty*AB40_Oligomer16*VIS_brain,,AB40_Oligomer15,-,(k_O15_O16_forty * AB40_Plaque_Driven_Monomer_Addition_Vmax * AB40_Monomer * AB40_Oligomer15 * (AB40_Plaque_unbound / (AB40_Plaque_unbound + AB40_Plaque_Driven_Monomer_Addition_EC50))),,,,,,,,,,,,,,
AB40_Oligomer15,-,AB40_plaque_oligomer16_formation,k_O15_O16_forty*AB40_Plaque_Driven_Monomer_Addition_Vmax*AB40_Oligomer15*AB40_Monomer*(AB40_Plaque_unbound/(AB40_Plaque_unbound + AB40_Plaque_Driven_Monomer_Addition_EC50))*VIS_brain,,AB40_Oligomer15,-,(K_O15_Plaque_forty * AB40_Oligomer15 * AB40_Monomer),,,,,,,,,,,,,,
AB40_Oligomer15,-,AB40_Oligomer15_to_PVS,(1 - sigma_ISF_ABeta40_oligomer15)*Q_PVS*AB40_Oligomer15,,AB40_Oligomer15,-,((1 - sigma_ISF_ABeta40_oligomer015) * Q_PVS * AB40_Oligomer15 / vol_brain_ISF),,,,,,,,,,,,,,
AB40_Oligomer15_Antibody_bound,+,AB40_Oligomer15_antibody_binding,fta1*AB40_Oligomer15*Ab_t*VIS_brain,,AB40_Oligomer15_Antibody_bound,-,(AB40_Oligomer15_Antibody_bound * Microglia_cell_count * (Microglia_Hi_Fract * Microglia_CL_high_mab + (1 - Microglia_Hi_Fract) * Microglia_CL_low_mAb)),,,,,,,,,,,,,,
AB40_Oligomer15_Antibody_bound,-,AB40_Oligomer15_Antibody_bound_microglia_clearance,Microglia_Vmax_forty*AB40_Oligomer15_Antibody_bound*Microglia_cell_count*(Microglia_Hi_Fract*Microglia_CL_high_mAb + (1 - Microglia_Hi_Fract)*Microglia_CL_low_mAb)*VIS_brain,,AB40_Oligomer15_Antibody_bound,+,fta1 * Antibody_unbound_ISF * AB40_Oligomer15,,,,,,,,,,,,,,
AB40_Oligomer15_PVS,+,AB40_Oligomer15_to_PVS,(1 - sigma_ISF_ABeta40_oligomer15)*Q_PVS*AB40_Oligomer15,,AB40_Oligomer15_PVS,-,(fta1 * C_Antibody_unbound_PVS * AB40_Oligomer15_PVS),,,,,,,,,,,,,,
AB40_Oligomer15_PVS,-,AB40_Oligomer15_PVS_binding,fta1*AB40_Oligomer15_PVS*C_Antibody_unbound_PVS*V_PVS,,AB40_Oligomer15_PVS,+,(1 - sigma_ISF_ABeta40_oligomer015) * Q_PVS * AB40_Oligomer15 / V_PVS,,,,,,,,,,,,,,
AB40_Oligomer15_PVS,-,AB40_Oligomer15_PVS_clearance,(1 - sigma_PVS_AB40)*Q_PVS*AB40_Oligomer15_PVS,,AB40_Oligomer15_PVS,-,((1 - sigma_PVS_ABeta40) * Q_PVS * AB40_Oligomer15_PVS / V_PVS),,,,,,,,,,,,,,
AB40_Oligomer15_PVS_bound,+,AB40_Oligomer15_PVS_binding,fta1*AB40_Oligomer15_PVS*C_Antibody_unbound_PVS*V_PVS,,AB40_Oligomer15_PVS_bound,+,fta1 * C_Antibody_unbound_PVS * AB40_Oligomer15_PVS,,,,,,,,,,,,,,
AB40_Oligomer15_PVS_bound,-,AB40_Oligomer15_PVS_bound_clearance,(1 - sigma_PVS_AB40_bound)*Q_PVS*AB40_Oligomer15_PVS_bound,,AB40_Oligomer15_PVS_bound,-,((1 - sigma_PVS_ABeta40_bound) * Q_PVS * AB40_Oligomer15_PVS_bound / V_PVS),,,,,,,,,,,,,,
AB40_Oligomer16,+,AB40_Oligomer16_formation,k_O15_O16_forty*AB40_Oligomer15*AB40_Monomer*VIS_brain,,AB40_Oligomer16,+,k_F17_O16_forty * AB40_Fibril17,,,,,,,,,,,,,,
AB40_Oligomer16,-,AB40_Oligomer16_dissociation,k_O16_O15_forty*AB40_Oligomer16*VIS_brain,,AB40_Oligomer16,+,k_O15_O16_forty * AB40_Monomer * AB40_Oligomer15,,,,,,,,,,,,,,
AB40_Oligomer16,+,AB40_plaque_oligomer16_formation,k_O15_O16_forty*AB40_Plaque_Driven_Monomer_Addition_Vmax*AB40_Oligomer15*AB40_Monomer*(AB40_Plaque_unbound/(AB40_Plaque_unbound + AB40_Plaque_Driven_Monomer_Addition_EC50))*VIS_brain,,AB40_Oligomer16,-,(k_O16_O15_forty * AB40_Oligomer16),,,,,,,,,,,,,,
AB40_Oligomer16,-,AB40_Oligomer16_to_plaque,k_O16_Plaque_forty*AB40_Oligomer16*AB40_Monomer*VIS_brain,,AB40_Oligomer16,-,(k_O16_F17_forty * AB40_Monomer * AB40_Oligomer16),,,,,,,,,,,,,,
AB40_Oligomer16,-,AB40_Oligomer16_antibody_binding,fta1*AB40_Oligomer16*Ab_t*VIS_brain,,AB40_Oligomer16,+,k_O15_O16_forty * AB40_Plaque_Driven_Monomer_Addition_Vmax * AB40_Monomer * AB40_Oligomer15 * (AB40_Plaque_unbound / (AB40_Plaque_unbound + AB40_Plaque_Driven_Monomer_Addition_EC50)),,,,,,,,,,,,,,
AB40_Oligomer16,-,AB40_Oligomer16_microglia_clearance,Microglia_Vmax_forty*AB40_Oligomer16*Microglia_cell_count*(Microglia_Hi_Fract*Microglia_CL_high_AB40 + (1 - Microglia_Hi_Fract)*Microglia_CL_low_AB40)*VIS_brain,,AB40_Oligomer16,-,(fta1 * Antibody_unbound_ISF * AB40_Oligomer16),,,,,,,,,,,,,,
AB40_Oligomer16,-,AB40_Fibril17_formation_from_oligomer,k_O16_F17_forty*AB40_Oligomer16*AB40_Monomer*VIS_brain,,AB40_Oligomer16,-,(k_O16_F17_forty * AB40_Plaque_Driven_Monomer_Addition_Vmax * AB40_Monomer * AB40_Oligomer16 * (AB40_Plaque_unbound / (AB40_Plaque_unbound + AB40_Plaque_Driven_Monomer_Addition_EC50))),,,,,,,,,,,,,,
AB40_Oligomer16,+,AB40_Fibril17_dissociation_to_oligomer,k_F17_O16_forty*AB40_Fibril17*VIS_brain,,AB40_Oligomer16,-,(AB40_Oligomer16 * Microglia_cell_count * (Microglia_Hi_Fract * Microglia_CL_high_AB40 + (1 - Microglia_Hi_Fract) * Microglia_CL_low_AB40)),,,,,,,,,,,,,,
AB40_Oligomer16,-,AB40_Fibril17_plaque_driven_formation,k_O16_F17_forty*AB40_Plaque_Driven_Monomer_Addition_Vmax*AB40_Monomer*AB40_Oligomer16*(AB40_Plaque_unbound/(AB40_Plaque_unbound + AB40_Plaque_Driven_Monomer_Addition_EC50))*VIS_brain,,AB40_Oligomer16,-,(K_O16_Plaque_forty * AB40_Oligomer16 * AB40_Monomer),,,,,,,,,,,,,,
AB40_Oligomer16,-,AB40_Oligomer16_to_PVS,(1 - sigma_ISF_ABeta40_oligomer16)*Q_PVS*AB40_Oligomer16,,AB40_Oligomer16,-,((1 - sigma_ISF_ABeta40_oligomer016) * Q_PVS * AB40_Oligomer16 / vol_brain_ISF),,,,,,,,,,,,,,
AB40_Oligomer16_Antibody_bound,+,AB40_Oligomer16_antibody_binding,fta1*AB40_Oligomer16*Ab_t*VIS_brain,,AB40_Oligomer16_Antibody_bound,-,(AB40_Oligomer16_Antibody_bound * Microglia_cell_count * (Microglia_Hi_Fract * Microglia_CL_high_mab + (1 - Microglia_Hi_Fract) * Microglia_CL_low_mAb)),,,,,,,,,,,,,,
AB40_Oligomer16_Antibody_bound,-,AB40_Oligomer16_Antibody_bound_microglia_clearance,Microglia_Vmax_forty*AB40_Oligomer16_Antibody_bound*Microglia_cell_count*(Microglia_Hi_Fract*Microglia_CL_high_mAb + (1 - Microglia_Hi_Fract)*Microglia_CL_low_mAb)*VIS_brain,,AB40_Oligomer16_Antibody_bound,+,fta1 * Antibody_unbound_ISF * AB40_Oligomer16,,,,,,,,,,,,,,
AB40_Oligomer16_PVS,+,AB40_Oligomer16_to_PVS,(1 - sigma_ISF_ABeta40_oligomer16)*Q_PVS*AB40_Oligomer16,,AB40_Oligomer16_PVS,-,(fta1 * C_Antibody_unbound_PVS * AB40_Oligomer16_PVS),,,,,,,,,,,,,,
AB40_Oligomer16_PVS,-,AB40_Oligomer16_PVS_binding,fta1*AB40_Oligomer16_PVS*C_Antibody_unbound_PVS*V_PVS,,AB40_Oligomer16_PVS,+,(1 - sigma_ISF_ABeta40_oligomer016) * Q_PVS * AB40_Oligomer16 / V_PVS,,,,,,,,,,,,,,
AB40_Oligomer16_PVS,-,AB40_Oligomer16_PVS_clearance,(1 - sigma_PVS_AB40)*Q_PVS*AB40_Oligomer16_PVS,,AB40_Oligomer16_PVS,-,((1 - sigma_PVS_ABeta40) * Q_PVS * AB40_Oligomer16_PVS / V_PVS),,,,,,,,,,,,,,
AB40_Oligomer16_PVS_bound,+,AB40_Oligomer16_PVS_binding,fta1*AB40_Oligomer16_PVS*C_Antibody_unbound_PVS*V_PVS,,AB40_Oligomer16_PVS_bound,+,fta1 * C_Antibody_unbound_PVS * AB40_Oligomer16_PVS,,,,,,,,,,,,,,
AB40_Oligomer16_PVS_bound,-,AB40_Oligomer16_PVS_bound_clearance,(1 - sigma_PVS_AB40_bound)*Q_PVS*AB40_Oligomer16_PVS_bound,,AB40_Oligomer16_PVS_bound,-,((1 - sigma_PVS_ABeta40_bound) * Q_PVS * AB40_Oligomer16_PVS_bound / V_PVS),,,,,,,,,,,,,,
AB40_Plaque_Antibody_bound,+,AB40_antibody_plaque_binding,fta3*AB40_Plaque_unbound*Ab_t*VIS_brain,,AB40_Plaque_Antibody_bound,-,(0.5 * AB40_Plaque_Antibody_bound * Microglia_cell_count * (Microglia_Hi_Fract * Microglia_CL_high_mab + (1 - Microglia_Hi_Fract) * Microglia_CL_low_mAb)),,,,,,,,,,,,,,
AB40_Plaque_Antibody_bound,-,AB40_Plaque_Antibody_bound_microglia_clearance,Microglia_Vmax_forty*AB40_Plaque_Antibody_bound*Microglia_cell_count*(Microglia_Hi_Fract*Microglia_CL_high_mAb + (1 - Microglia_Hi_Fract)*Microglia_CL_low_mAb)*VIS_brain,,AB40_Plaque_Antibody_bound,+,fta3 * Antibody_unbound_ISF * AB40_Plaque_unbound,,,,,,,,,,,,,,
AB40_Plaque_bound_PVS,+,AB40_Plaque_binding,fta3*AB40_Plaque_unbound_PVS*C_Antibody_unbound_PVS*V_PVS,,,,,,,,,,,,,,,,,,
AB40_Plaque_bound_PVS,-,AB40_Plaque_bound_clearance,CL_AB40_plaque_bound_PVS*AB40_Plaque_bound_PVS,,,,,,,,,,,,,,,,,,
AB40_Plaque_unbound,+,AB40_Oligomer13_to_plaque,k_O13_Plaque_forty*AB40_Oligomer13*AB40_Monomer*VIS_brain,,AB40_Plaque_unbound,+,K_F17_Plaque_forty * AB40_Fibril17 * AB40_Monomer,,,,,,,,,,,,,,
AB40_Plaque_unbound,+,AB40_Oligomer14_to_plaque,k_O14_Plaque_forty*AB40_Oligomer14*AB40_Monomer*VIS_brain,,AB40_Plaque_unbound,+,K_F18_Plaque_forty * AB40_Fibril18 * AB40_Monomer,,,,,,,,,,,,,,
AB40_Plaque_unbound,+,AB40_Oligomer15_to_plaque,k_O15_Plaque_forty*AB40_Oligomer15*AB40_Monomer*VIS_brain,,AB40_Plaque_unbound,+,K_O13_Plaque_forty * AB40_Oligomer13 * AB40_Monomer,,,,,,,,,,,,,,
AB40_Plaque_unbound,+,AB40_Oligomer16_to_plaque,k_O16_Plaque_forty*AB40_Oligomer16*AB40_Monomer*VIS_brain,,AB40_Plaque_unbound,+,K_O14_Plaque_forty * AB40_Oligomer14 * AB40_Monomer,,,,,,,,,,,,,,
AB40_Plaque_unbound,+,AB40_Plaque_formation_from_Fibril17,k_F17_Plaque_forty*AB40_Fibril17*AB40_Monomer*VIS_brain,,AB40_Plaque_unbound,+,K_O15_Plaque_forty * AB40_Oligomer15 * AB40_Monomer,,,,,,,,,,,,,,
AB40_Plaque_unbound,+,AB40_Plaque_formation_from_Fibril18,k_F18_Plaque_forty*AB40_Fibril18*AB40_Monomer*VIS_brain,,AB40_Plaque_unbound,+,K_O16_Plaque_forty * AB40_Oligomer16 * AB40_Monomer,,,,,,,,,,,,,,
AB40_Plaque_unbound,-,AB40_antibody_plaque_binding,fta3*AB40_Plaque_unbound*Ab_t*VIS_brain,,AB40_Plaque_unbound,-,(fta3 * Antibody_unbound_ISF * AB40_Plaque_unbound),,,,,,,,,,,,,,
AB40_Plaque_unbound,-,AB40_microglia_plaque_clearance,0.5*Microglia_Vmax_forty*AB40_Plaque_unbound*Microglia_cell_count*(Microglia_Hi_Fract*Microglia_CL_high_AB40 + (1 - Microglia_Hi_Fract)*Microglia_CL_low_AB40)*VIS_brain,,AB40_Plaque_unbound,-,(0.5 * AB40_Plaque_unbound * Microglia_cell_count * (Microglia_Hi_Fract * Microglia_CL_high_AB40 + (1 - Microglia_Hi_Fract) * Microglia_CL_low_AB40)),,,,,,,,,,,,,,
AB40_Plaque_unbound_PVS,-,AB40_Plaque_binding,fta3*AB40_Plaque_unbound_PVS*C_Antibody_unbound_PVS*V_PVS,,,,,,,,,,,,,,,,,,
AB40_Plaque_unbound_PVS,-,AB40_Plaque_unbound_clearance,CL_AB40_plaque_free_PVS*AB40_Plaque_unbound_PVS,,,,,,,,,,,,,,,,,,
AB40Mb_BBB_Bound,-,ab40mb_bbb_to_brain_plasma,CLup_brain*f_BBB*VES_brain*FR*AB40Mb_BBB_Bound,,AB40Mb_Blood_Brain_Barrier_bound,-,(CL_up_brain * fBBB * Vol_brain_ES * (1 - FR) * AB40Mb_Blood_Brain_Barrier_bound / Vol_brain_BBB),,,,,,,,,,,,,,
AB40Mb_BBB_Bound,+,ab40mb_bbb_unbound_to_bound,kon_FcRn*AB40Mb_BBB_Unbound*FcRn_free_BBB*VBBB_brain,,AB40Mb_Blood_Brain_Barrier_bound,-,(CL_up_brain * fBBB * Vol_brain_ES * FR * AB40Mb_Blood_Brain_Barrier_bound / Vol_brain_BBB),,,,,,,,,,,,,,
AB40Mb_BBB_Bound,-,ab40mb_bbb_bound_to_unbound,koff_FcRn*AB40Mb_BBB_Bound*VBBB_brain,,AB40Mb_Blood_Brain_Barrier_bound,+,kon_FcRn * AB40Mb_Blood_Brain_Barrier_unbound * FcRn_free_BBB,,,,,,,,,,,,,,
AB40Mb_BBB_Bound,-,ab40mb_bbb_bound_to_isf,CLup_brain*f_BBB*VES_brain*(1 - FR)*AB40Mb_BBB_Bound,,AB40Mb_Blood_Brain_Barrier_bound,-,(koff_FcRn * AB40Mb_Blood_Brain_Barrier_bound),,,,,,,,,,,,,,
AB40Mb_BBB_Unbound,+,ab40_monomer_antibody_binding_bbb,fta0*AB40Mu_BBB*PK_BBB_unbound_brain*VBBB_brain,,AB40Mb_Blood_Brain_Barrier_unbound,+,CL_up_brain * fBBB * Vol_brain_ES * AB40Mb_Brain_Plasma / Vol_brain_BBB,,,,,,,,,,,,,,
AB40Mb_BBB_Unbound,+,ab40mb_brain_plasma_to_bbb,CLup_brain*f_BBB*VES_brain*AB40Mb_Brain_Plasma,,AB40Mb_Blood_Brain_Barrier_unbound,+,CL_up_brain * fBBB * Vol_brain_ES * AB40_monomer_Antibody_bound / Vol_brain_BBB,,,,,,,,,,,,,,
AB40Mb_BBB_Unbound,+,ab40mb_isf_to_bbb,CLup_brain*f_BBB*VES_brain*AB40_monomer_antibody_bound,,AB40Mb_Blood_Brain_Barrier_unbound,-,(kdeg * AB40Mb_Blood_Brain_Barrier_unbound),,,,,,,,,,,,,,
AB40Mb_BBB_Unbound,-,ab40mb_bbb_unbound_degradation,kdeg*AB40Mb_BBB_Unbound*VBBB_brain,,AB40Mb_Blood_Brain_Barrier_unbound,-,(kon_FcRn * AB40Mb_Blood_Brain_Barrier_unbound * FcRn_free_BBB),,,,,,,,,,,,,,
AB40Mb_BBB_Unbound,-,ab40mb_bbb_unbound_to_bound,kon_FcRn*AB40Mb_BBB_Unbound*FcRn_free_BBB*VBBB_brain,,AB40Mb_Blood_Brain_Barrier_unbound,+,koff_FcRn * AB40Mb_Blood_Brain_Barrier_bound,,,,,,,,,,,,,,
AB40Mb_BBB_Unbound,+,ab40mb_bbb_bound_to_unbound,koff_FcRn*AB40Mb_BBB_Bound*VBBB_brain,,AB40Mb_Blood_Brain_Barrier_unbound,+,fta0 * AB40Mu_Blood_Brain_Barrier * PK_Blood_Brain_Barrier_unbound,,,,,,,,,,,,,,
AB40Mb_BCSFB_Bound,-,ab40mb_bcsfb_to_brain_plasma,CLup_brain*(1 - f_BBB)*VES_brain*FR*AB40Mb_BCSFB_Bound,,AB40Mb_Blood_CSF_Barrier_bound,-,(CL_up_brain * (1 - fBBB) * Vol_brain_ES * FR * AB40Mb_Blood_CSF_Barrier_bound / Vol_brain_BCSFB),,,,,,,,,,,,,,
AB40Mb_BCSFB_Bound,+,ab40mb_bcsfb_unbound_to_bound,kon_FcRn*AB40Mb_BCSFB_Unbound*FcRn_free_BCSFB*V_BCSFB_brain,,AB40Mb_Blood_CSF_Barrier_bound,-,(f_LV * CL_up_brain * (1 - fBBB) * Vol_brain_ES * (1 - FR) * AB40Mb_Blood_CSF_Barrier_bound / Vol_brain_BCSFB),,,,,,,,,,,,,,
AB40Mb_BCSFB_Bound,-,ab40mb_bcsfb_bound_to_unbound,koff_FcRn*AB40Mb_BCSFB_Bound*V_BCSFB_brain,,AB40Mb_Blood_CSF_Barrier_bound,-,((1 - f_LV) * CL_up_brain * (1 - fBBB) * Vol_brain_ES * (1 - FR) * AB40Mb_Blood_CSF_Barrier_bound / Vol_brain_BCSFB),,,,,,,,,,,,,,
AB40Mb_BCSFB_Bound,-,ab40mb_bcsfb_bound_to_lv,f_LV*CLup_brain*(1 - f_BBB)*VES_brain*(1 - FR)*AB40Mb_BCSFB_Bound,,AB40Mb_Blood_CSF_Barrier_bound,+,kon_FcRn * AB40Mb_Blood_CSF_Barrier_unbound * FcRn_free_BcsfB,,,,,,,,,,,,,,
AB40Mb_BCSFB_Bound,-,ab40mb_bcsfb_bound_to_tfv,(1 - f_LV)*CLup_brain*(1 - f_BBB)*VES_brain*(1 - FR)*AB40Mb_BCSFB_Bound,,AB40Mb_Blood_CSF_Barrier_bound,-,(koff_FcRn * AB40Mb_Blood_CSF_Barrier_bound),,,,,,,,,,,,,,
AB40Mb_BCSFB_Unbound,+,ab40_monomer_antibody_binding_bcsfb,fta0*AB40Mu_BCSFB*PK_BCSFB_unbound_brain*V_BCSFB_brain,,AB40Mb_Blood_CSF_Barrier_unbound,+,CL_up_brain * FBcsfB * Vol_brain_ES * AB40Mb_Brain_Plasma / Vol_brain_BCSFB,,,,,,,,,,,,,,
AB40Mb_BCSFB_Unbound,+,ab40mb_brain_plasma_to_bcsfb,CLup_brain*f_BCSFB*VES_brain*AB40Mb_Brain_Plasma,,AB40Mb_Blood_CSF_Barrier_unbound,+,(1 - f_LV) * CL_up_brain * (1 - fBBB) * Vol_brain_ES * AB40Mb_CSF_TFV / Vol_brain_BCSFB,,,,,,,,,,,,,,
AB40Mb_BCSFB_Unbound,+,ab40mb_csf_tfv_to_bcsfb,(1 - f_LV)*CLup_brain*(1 - f_BBB)*VES_brain*AB40Mb_TFV,,AB40Mb_Blood_CSF_Barrier_unbound,+,f_LV * CL_up_brain * (1 - fBBB) * Vol_brain_ES * AB40Mb_CSF_LV / Vol_brain_BCSFB,,,,,,,,,,,,,,
AB40Mb_BCSFB_Unbound,+,ab40mb_csf_lv_to_bcsfb,f_LV*CLup_brain*(1 - f_BBB)*VES_brain*AB40Mb_LV,,AB40Mb_Blood_CSF_Barrier_unbound,-,(kdeg * AB40Mb_Blood_CSF_Barrier_unbound),,,,,,,,,,,,,,
AB40Mb_BCSFB_Unbound,-,ab40mb_bcsfb_unbound_degradation,kdeg*AB40Mb_BCSFB_Unbound*V_BCSFB_brain,,AB40Mb_Blood_CSF_Barrier_unbound,-,(kon_FcRn * AB40Mb_Blood_CSF_Barrier_unbound * FcRn_free_BcsfB),,,,,,,,,,,,,,
AB40Mb_BCSFB_Unbound,-,ab40mb_bcsfb_unbound_to_bound,kon_FcRn*AB40Mb_BCSFB_Unbound*FcRn_free_BCSFB*V_BCSFB_brain,,AB40Mb_Blood_CSF_Barrier_unbound,+,koff_FcRn * AB40Mb_Blood_CSF_Barrier_bound,,,,,,,,,,,,,,
AB40Mb_BCSFB_Unbound,+,ab40mb_bcsfb_bound_to_unbound,koff_FcRn*AB40Mb_BCSFB_Bound*V_BCSFB_brain,,AB40Mb_Blood_CSF_Barrier_unbound,+,fta0 * AB40Mu_Blood_CSF_Barrier * PK_Blood_CSF_Barrier_unbound,,,,,,,,,,,,,,
AB40Mb_Brain_Plasma,+,ab40_monomer_antibody_binding_brain_plasma,fta0*AB40Mu_Brain_Plasma*PK_p_brain*Vp_brain,,AB40Mb_Brain_Plasma,+,CL_up_brain * fBBB * Vol_brain_ES * FR * AB40Mb_Blood_Brain_Barrier_bound / Vol_brain_plasma,,,,,,,,,,,,,,
AB40Mb_Brain_Plasma,+,ab40mb_cent_to_brain_plasma,Q_p_brain*AB40Mb_Central,,AB40Mb_Brain_Plasma,+,CL_up_brain * (1 - fBBB) * Vol_brain_ES * FR * AB40Mb_Blood_CSF_Barrier_bound / Vol_brain_plasma,,,,,,,,,,,,,,
AB40Mb_Brain_Plasma,-,ab40mb_brain_plasma_to_cent,(Q_p_brain - L_brain)*AB40Mb_Brain_Plasma,,AB40Mb_Brain_Plasma,-,(CL_up_brain * Vol_brain_ES * AB40Mb_Brain_Plasma / Vol_brain_plasma),,,,,,,,,,,,,,
AB40Mb_Brain_Plasma,-,ab40mb_brain_plasma_to_csf_lv,f_LV*(1 - sigma_V_BCSFB)*Q_CSF_brain*AB40Mb_Brain_Plasma,,AB40Mb_Brain_Plasma,+,Qbrain_plasma * (AB40Mb_central_compartment / PK_Vcent) / Vol_brain_plasma,,,,,,,,,,,,,,
AB40Mb_Brain_Plasma,-,ab40mb_brain_plasma_to_csf_tfv,(1 - f_LV)*(1 - sigma_V_BCSFB)*Q_CSF_brain*AB40Mb_Brain_Plasma,,AB40Mb_Brain_Plasma,-,((Qbrain_plasma - Qlymph_Brain) * AB40Mb_Brain_Plasma / Vol_brain_plasma),,,,,,,,,,,,,,
AB40Mb_Brain_Plasma,-,ab40mb_brain_plasma_to_isf,(1 - sigma_V_brain_ISF)*Q_ISF_brain*AB40Mb_Brain_Plasma,,AB40Mb_Brain_Plasma,-,((1 - Sigma_v_bcsfb) * Qbrain_CSF_AB40Mb * AB40Mb_Brain_Plasma / Vol_brain_plasma),,,,,,,,,,,,,,
AB40Mb_Brain_Plasma,-,ab40mb_brain_plasma_to_bcsfb,CLup_brain*f_BCSFB*VES_brain*AB40Mb_Brain_Plasma,,AB40Mb_Brain_Plasma,-,((1 - Sigma_v_isf) * Qbrain_ISF_AB40Mb * AB40Mb_Brain_Plasma / Vol_brain_plasma),,,,,,,,,,,,,,
AB40Mb_Brain_Plasma,-,ab40mb_brain_plasma_to_bbb,CLup_brain*f_BBB*VES_brain*AB40Mb_Brain_Plasma,,AB40Mb_Brain_Plasma,+,fta0 * AB40Mu_Brain_Plasma * PK_Brain_Plasma,,,,,,,,,,,,,,
AB40Mb_Brain_Plasma,+,ab40mb_bbb_to_brain_plasma,CLup_brain*f_BBB*VES_brain*FR*AB40Mb_BBB_Bound,,,,,,,,,,,,,,,,,,
AB40Mb_Brain_Plasma,+,ab40mb_bcsfb_to_brain_plasma,CLup_brain*(1 - f_BBB)*VES_brain*FR*AB40Mb_BCSFB_Bound,,,,,,,,,,,,,,,,,,
AB40Mb_Central,+,ab40_monomer_antibody_binding_central,fta0*AB40Mu_Central*PK_central,,AB40Mb_central_compartment,+,(1 - Sigma_CSFSAS_Lymph) * Qbrain_CSF_AB40Mb * AB40Mb_CSF_SAS,,,,,,,,,,,,,,
AB40Mb_Central,-,ab40mb_cent_clearance,PK_CL*AB40Mb_Central,,AB40Mb_central_compartment,-,(PK_CLd2 * AB40Mb_central_compartment / PK_Vcent),,,,,,,,,,,,,,
AB40Mb_Central,-,ab40mb_cent_to_per,PK_CLd2*AB40Mb_Central,,AB40Mb_central_compartment,+,PK_CLd2 * AB40Mb_peripheral_compartment / PK_Vper,,,,,,,,,,,,,,
AB40Mb_Central,+,ab40mb_per_to_cent,PK_CLd2*AB40Mb_Peripheral,,AB40Mb_central_compartment,-,(PK_CL / PK_Vcent * AB40Mb_central_compartment),,,,,,,,,,,,,,
AB40Mb_Central,-,ab40mb_cent_to_brain_plasma,Q_p_brain*AB40Mb_Central,,AB40Mb_central_compartment,+,(Qbrain_plasma - Qlymph_Brain) * AB40Mb_Brain_Plasma,,,,,,,,,,,,,,
AB40Mb_Central,+,ab40mb_brain_plasma_to_cent,(Q_p_brain - L_brain)*AB40Mb_Brain_Plasma,,AB40Mb_central_compartment,-,(Qbrain_plasma * AB40Mb_central_compartment / PK_Vcent),,,,,,,,,,,,,,
AB40Mb_Central,+,ab40mb_csf_sas_to_cent,(1 - sigma_L_SAS)*Q_CSF_brain*AB40Mb_SAS,,AB40Mb_central_compartment,+,fta0 * (AB40Mu_central_compartment / AB40Mu_Vcent) * (PK_central_compartment / PK_Vcent) * PK_Vcent,,,,,,,,,,,,,,
AB40Mb_Central,+,ab40mb_isf_to_cent,(1 - sigma_L_brain_ISF)*Q_ISF_brain*AB40_monomer_antibody_bound,,AB40Mb_central_compartment,+,(1 - sigma_PVS_ABeta40_bound) * Q_PVS * AB40_Monomer_PVS_bound,,,,,,,,,,,,,,
AB40Mb_Central,+,AB40_monomer_PVS_bound_to_central_bound,(1 - sigma_PVS_AB40_bound)*Q_PVS*AB40_Monomer_PVS_bound,,AB40Mb_central_compartment,+,(1 - Sigma_ISF_lymph) * Qbrain_ISF_AB40Mb * AB40_monomer_Antibody_bound,,,,,,,,,,,,,,
AB40Mb_CM,+,ab40_monomer_antibody_binding_cm,fta0*AB40Mu_CM*PK_CM_brain*V_CM_brain,,AB40Mb_CSF_CM,+,(Qbrain_CSF_AB40Mb + Qbrain_ISF_AB40Mb) * AB40Mb_CSF_TFV / Vol_brain_CSFCM,,,,,,,,,,,,,,
AB40Mb_CM,+,ab40mb_tfv_to_cm,(Q_CSF_brain + Q_ISF_brain)*AB40Mb_TFV,,AB40Mb_CSF_CM,-,((Qbrain_CSF_AB40Mb + Qbrain_ISF_AB40Mb) * AB40Mb_CSF_CM / Vol_brain_CSFCM),,,,,,,,,,,,,,
AB40Mb_CM,-,ab40mb_cm_to_sas,(Q_CSF_brain + Q_ISF_brain)*AB40Mb_CM,,AB40Mb_CSF_CM,+,fta0 * AB40Mu_CSF_CM * PK_CSF_CM,,,,,,,,,,,,,,
AB40Mb_LV,+,ab40_monomer_antibody_binding_lv,fta0*AB40Mu_LV*PK_LV_brain*V_LV_brain,,AB40Mb_CSF_LV,+,f_LV * CL_up_brain * (1 - fBBB) * Vol_brain_ES * (1 - FR) * AB40Mb_Blood_CSF_Barrier_bound / Vol_brain_CSFLV,,,,,,,,,,,,,,
AB40Mb_LV,+,ab40mb_brain_plasma_to_csf_lv,f_LV*(1 - sigma_V_BCSFB)*Q_CSF_brain*AB40Mb_Brain_Plasma,,AB40Mb_CSF_LV,-,(f_LV * CL_up_brain * (1 - fBBB) * Vol_brain_ES * AB40Mb_CSF_LV / Vol_brain_CSFLV),,,,,,,,,,,,,,
AB40Mb_LV,-,ab40mb_csf_lv_to_bcsfb,f_LV*CLup_brain*(1 - f_BBB)*VES_brain*AB40Mb_LV,,AB40Mb_CSF_LV,-,(f_LV * (Qbrain_CSF_AB40Mb + Qbrain_ISF_AB40Mb) * AB40Mb_CSF_LV / Vol_brain_CSFLV),,,,,,,,,,,,,,
AB40Mb_LV,+,ab40mb_bcsfb_bound_to_lv,f_LV*CLup_brain*(1 - f_BBB)*VES_brain*(1 - FR)*AB40Mb_BCSFB_Bound,,AB40Mb_CSF_LV,+,f_LV * Qbrain_ISF_AB40Mb * AB40_monomer_Antibody_bound / Vol_brain_CSFLV,,,,,,,,,,,,,,
AB40Mb_LV,+,ab40_isf_to_lv,f_LV*Q_ISF_brain*AB40_monomer_antibody_bound,,AB40Mb_CSF_LV,+,(1 - Sigma_v_bcsfb) * Qbrain_CSF_AB40Mb * f_LV * AB40Mb_Brain_Plasma / Vol_brain_CSFLV,,,,,,,,,,,,,,
AB40Mb_LV,-,ab40mb_lv_to_tfv,f_LV*(Q_CSF_brain + Q_ISF_brain)*AB40Mb_LV,,AB40Mb_CSF_LV,+,fta0 * AB40Mu_CSF_LV * PK_CSF_LV,,,,,,,,,,,,,,
AB40Mb_Peripheral,+,ab40mb_cent_to_per,PK_CLd2*AB40Mb_Central,,AB40Mb_CSF_SAS,+,(Qbrain_CSF_AB40Mb + Qbrain_ISF_AB40Mb) * AB40Mb_CSF_CM / Vol_brain_CSFSAS,,,,,,,,,,,,,,
AB40Mb_Peripheral,-,ab40mb_per_to_cent,PK_CLd2*AB40Mb_Peripheral,,AB40Mb_CSF_SAS,-,((1 - Sigma_CSFSAS_Lymph) * Qbrain_CSF_AB40Mb * AB40Mb_CSF_SAS / Vol_brain_CSFSAS),,,,,,,,,,,,,,
AB40Mb_SAS,+,ab40_monomer_antibody_binding_sas,fta0*AB40Mu_SAS*PK_SAS_brain*V_SAS_brain,,AB40Mb_CSF_SAS,-,(Qbrain_ISF_AB40Mb * AB40Mb_CSF_SAS / Vol_brain_CSFSAS),,,,,,,,,,,,,,
AB40Mb_SAS,-,ab40mb_csf_sas_to_cent,(1 - sigma_L_SAS)*Q_CSF_brain*AB40Mb_SAS,,AB40Mb_CSF_SAS,+,fta0 * AB40Mu_CSF_SAS * PK_CSF_SAS,,,,,,,,,,,,,,
AB40Mb_SAS,-,ab40mb_sas_to_isf,Q_ISF_brain*AB40Mb_SAS,,AB40Mb_CSF_TFV,+,(1 - f_LV) * CL_up_brain * (1 - fBBB) * Vol_brain_ES * (1 - FR) * AB40Mb_Blood_CSF_Barrier_bound / Vol_brain_CSFTFV,,,,,,,,,,,,,,
AB40Mb_SAS,+,ab40mb_cm_to_sas,(Q_CSF_brain + Q_ISF_brain)*AB40Mb_CM,,AB40Mb_CSF_TFV,-,((1 - f_LV) * CL_up_brain * (1 - fBBB) * Vol_brain_ES * AB40Mb_CSF_TFV / Vol_brain_CSFTFV),,,,,,,,,,,,,,
AB40Mb_TFV,+,ab40_monomer_antibody_binding_tfv,fta0*AB40Mu_TFV*PK_TFV_brain*V_TFV_brain,,AB40Mb_CSF_TFV,+,f_LV * (Qbrain_CSF_AB40Mb + Qbrain_ISF_AB40Mb) * AB40Mb_CSF_LV / Vol_brain_CSFTFV,,,,,,,,,,,,,,
AB40Mb_TFV,+,ab40mb_brain_plasma_to_csf_tfv,(1 - f_LV)*(1 - sigma_V_BCSFB)*Q_CSF_brain*AB40Mb_Brain_Plasma,,AB40Mb_CSF_TFV,-,((Qbrain_CSF_AB40Mb + Qbrain_ISF_AB40Mb) * AB40Mb_CSF_TFV / Vol_brain_CSFTFV),,,,,,,,,,,,,,
AB40Mb_TFV,-,ab40mb_csf_tfv_to_bcsfb,(1 - f_LV)*CLup_brain*(1 - f_BBB)*VES_brain*AB40Mb_TFV,,AB40Mb_CSF_TFV,+,(1 - f_LV) * Qbrain_ISF_AB40Mb * AB40_monomer_Antibody_bound / Vol_brain_CSFTFV,,,,,,,,,,,,,,
AB40Mb_TFV,+,ab40mb_bcsfb_bound_to_tfv,(1 - f_LV)*CLup_brain*(1 - f_BBB)*VES_brain*(1 - FR)*AB40Mb_BCSFB_Bound,,AB40Mb_CSF_TFV,+,(1 - Sigma_v_bcsfb) * Qbrain_CSF_AB40Mb * (1 - f_LV) * AB40Mb_Brain_Plasma / Vol_brain_CSFTFV,,,,,,,,,,,,,,
AB40Mb_TFV,+,ab40_isf_to_tfv,(1 - f_LV)*Q_ISF_brain*AB40_monomer_antibody_bound,,AB40Mb_CSF_TFV,+,fta0 * AB40Mu_CSF_TFV * PK_CSF_TFV,,,,,,,,,,,,,,
AB40Mb_TFV,+,ab40mb_lv_to_tfv,f_LV*(Q_CSF_brain + Q_ISF_brain)*AB40Mb_LV,,AB40Mb_peripheral_compartment,+,PK_CLd2 * AB40Mb_central_compartment / PK_Vcent,,,,,,,,,,,,,,
AB40Mb_TFV,-,ab40mb_tfv_to_cm,(Q_CSF_brain + Q_ISF_brain)*AB40Mb_TFV,,AB40Mb_peripheral_compartment,-,(PK_CLd2 * AB40Mb_peripheral_compartment / PK_Vper),,,,,,,,,,,,,,
AB40Mu_BBB,-,ab40_monomer_antibody_binding_bbb,fta0*AB40Mu_BBB*PK_BBB_unbound_brain*VBBB_brain,,AB40Mu_Blood_Brain_Barrier,-,(fta0 * AB40Mu_Blood_Brain_Barrier * PK_Blood_Brain_Barrier_unbound),,,,,,,,,,,,,,
AB40Mu_BBB,+,ab40mu_brain_plasma_to_bbb,CLup_brain_AB40Mu*f_BBB*VES_brain*AB40Mu_Brain_Plasma,,AB40Mu_Blood_Brain_Barrier,+,CL_up_brain_AB40Mu * fBBB * Vol_brain_ES * AB40_Monomer / Vol_brain_BBB,,,,,,,,,,,,,,
AB40Mu_BBB,+,ab40mu_isf_to_bbb,CLup_brain_AB40Mu*f_BBB*VES_brain*AB40_Monomer,,AB40Mu_Blood_Brain_Barrier,+,CL_up_brain_AB40Mu * fBBB * Vol_brain_ES * AB40Mu_Brain_Plasma / Vol_brain_BBB,,,,,,,,,,,,,,
AB40Mu_BBB,-,ab40mu_bbb_degradation,kdeg_AB40Mu*AB40Mu_BBB*VBBB_brain,,AB40Mu_Blood_Brain_Barrier,-,(kdeg_AB40Mu * AB40Mu_Blood_Brain_Barrier),,,,,,,,,,,,,,
AB40Mu_BCSFB,-,ab40_monomer_antibody_binding_bcsfb,fta0*AB40Mu_BCSFB*PK_BCSFB_unbound_brain*V_BCSFB_brain,,AB40Mu_Blood_CSF_Barrier,-,(fta0 * AB40Mu_Blood_CSF_Barrier * PK_Blood_CSF_Barrier_unbound),,,,,,,,,,,,,,
AB40Mu_BCSFB,+,ab40mu_brain_plasma_to_bcsfb,CLup_brain_AB40Mu*f_BCSFB*VES_brain*AB40Mu_Brain_Plasma,,AB40Mu_Blood_CSF_Barrier,+,CL_up_brain_AB40Mu * FBcsfB * Vol_brain_ES * AB40Mu_Brain_Plasma / Vol_brain_BCSFB,,,,,,,,,,,,,,
AB40Mu_BCSFB,+,ab40mu_csf_tfv_to_bcsfb,(1 - f_LV)*CLup_brain_AB40Mu*(1 - f_BBB)*VES_brain*AB40Mu_TFV,,AB40Mu_Blood_CSF_Barrier,+,f_LV * CL_up_brain_AB40Mu * (1 - fBBB) * Vol_brain_ES * AB40Mu_CSF_LV / Vol_brain_BCSFB,,,,,,,,,,,,,,
AB40Mu_BCSFB,+,ab40mu_csf_lv_to_bcsfb,f_LV*CLup_brain_AB40Mu*(1 - f_BBB)*VES_brain*AB40Mu_LV,,AB40Mu_Blood_CSF_Barrier,+,(1 - f_LV) * CL_up_brain_AB40Mu * (1 - fBBB) * Vol_brain_ES * AB40Mu_CSF_TFV / Vol_brain_BCSFB,,,,,,,,,,,,,,
AB40Mu_BCSFB,-,ab40mu_bcsfb_degradation,kdeg_AB40Mu*AB40Mu_BCSFB*V_BCSFB_brain,,AB40Mu_Blood_CSF_Barrier,-,(kdeg_AB40Mu * AB40Mu_Blood_CSF_Barrier),,,,,,,,,,,,,,
AB40Mu_Brain_Plasma,-,ab40_monomer_antibody_binding_brain_plasma,fta0*AB40Mu_Brain_Plasma*PK_p_brain*Vp_brain,,AB40Mu_Brain_Plasma,-,(fta0 * AB40Mu_Brain_Plasma * PK_Brain_Plasma),,,,,,,,,,,,,,
AB40Mu_Brain_Plasma,+,ab40mu_central_to_brain_plasma,Q_p_brain*AB40Mu_Central,,AB40Mu_Brain_Plasma,-,(CL_up_brain_AB40Mu * Vol_brain_ES * AB40Mu_Brain_Plasma / Vol_brain_plasma),,,,,,,,,,,,,,
AB40Mu_Brain_Plasma,-,ab40mu_brain_plasma_to_central,(Q_p_brain - L_brain)*AB40Mu_Brain_Plasma,,AB40Mu_Brain_Plasma,+,Qbrain_plasma * (AB40Mu_central_compartment / AB40Mu_Vcent) / Vol_brain_plasma,,,,,,,,,,,,,,
AB40Mu_Brain_Plasma,-,ab40mu_brain_plasma_to_csf_lv,f_LV*(1 - sigma_V_BCSFB_AB40Mu)*Q_CSF_brain*AB40Mu_Brain_Plasma,,AB40Mu_Brain_Plasma,-,((Qbrain_plasma - Qlymph_Brain) * AB40Mu_Brain_Plasma / Vol_brain_plasma),,,,,,,,,,,,,,
AB40Mu_Brain_Plasma,-,ab40mu_brain_plasma_to_csf_tfv,(1 - f_LV)*(1 - sigma_V_BCSFB_AB40Mu)*Q_CSF_brain*AB40Mu_Brain_Plasma,,AB40Mu_Brain_Plasma,-,((1 - Sigma_v_bcsfb_AB40Mu) * Qbrain_CSF_AB40Mu * AB40Mu_Brain_Plasma / Vol_brain_plasma),,,,,,,,,,,,,,
AB40Mu_Brain_Plasma,-,ab40mu_brain_plasma_to_csf_isf,(1 - sigma_V_ISF_AB40Mu)*Q_ISF_brain*AB40Mu_Brain_Plasma,,AB40Mu_Brain_Plasma,-,((1 - Sigma_v_isf_AB40Mu) * Qbrain_ISF_AB40Mu * AB40Mu_Brain_Plasma / Vol_brain_plasma),,,,,,,,,,,,,,
AB40Mu_Brain_Plasma,-,ab40mu_brain_plasma_to_bbb,CLup_brain_AB40Mu*f_BBB*VES_brain*AB40Mu_Brain_Plasma,,,,,,,,,,,,,,,,,,
AB40Mu_Brain_Plasma,-,ab40mu_brain_plasma_to_bcsfb,CLup_brain_AB40Mu*f_BCSFB*VES_brain*AB40Mu_Brain_Plasma,,,,,,,,,,,,,,,,,,
AB40Mu_Central,-,ab40_monomer_antibody_binding_central,fta0*AB40Mu_Central*PK_central,,AB40Mu_central_compartment,+,AB40Mu_systemic_synthesis_rate,,,,,,,,,,,,,,
AB40Mu_Central,+,ab40mu_systemic_synthesis,AB40Mu_systemic_synthesis_rate,,AB40Mu_central_compartment,-,(fta0 * (AB40Mu_central_compartment / AB40Mu_Vcent) * (PK_central_compartment / PK_Vcent) * AB40Mu_Vcent),,,,,,,,,,,,,,
AB40Mu_Central,-,ab40mu_central_clearance,AB40MuCL*AB40Mu_Central,,AB40Mu_central_compartment,+,(1 - Sigma_CSFSAS_Lymph_AB40Mu) * Qbrain_CSF_AB40Mu * AB40Mu_CSF_SAS,,,,,,,,,,,,,,
AB40Mu_Central,-,ab40mu_central_to_peripheral,AB40MuCLd2*AB40Mu_Central,,AB40Mu_central_compartment,-,(AB40Mu_CLd2 * AB40Mu_central_compartment / AB40Mu_Vcent),,,,,,,,,,,,,,
AB40Mu_Central,+,ab40mu_peripheral_to_central,AB40MuCLd2*AB40Mu_Peripheral,,AB40Mu_central_compartment,+,AB40Mu_CLd2 * AB40Mu_peripheral_compartment / AB40Mu_Vper,,,,,,,,,,,,,,
AB40Mu_Central,-,ab40mu_central_to_brain_plasma,Q_p_brain*AB40Mu_Central,,AB40Mu_central_compartment,-,(AB40Mu_CL / AB40Mu_Vcent * AB40Mu_central_compartment),,,,,,,,,,,,,,
AB40Mu_Central,+,ab40mu_brain_plasma_to_central,(Q_p_brain - L_brain)*AB40Mu_Brain_Plasma,,AB40Mu_central_compartment,+,(Qbrain_plasma - Qlymph_Brain) * AB40Mu_Brain_Plasma,,,,,,,,,,,,,,
AB40Mu_Central,+,ab40mu_csf_sas_to_central,(1 - sigma_L_SAS_AB40Mu)*Q_CSF_brain*AB40Mu_SAS,,AB40Mu_central_compartment,-,(Qbrain_plasma * AB40Mu_central_compartment / AB40Mu_Vcent),,,,,,,,,,,,,,
AB40Mu_Central,+,ab40mu_isf_to_central,(1 - sigma_L_ISF_central_AB40Mu)*Q_ISF_brain*AB40_Monomer,,AB40Mu_central_compartment,+,(1 - sigma_PVS_ABeta40) * Q_PVS * AB40_Monomer_PVS,,,,,,,,,,,,,,
AB40Mu_Central,+,AB40_monomer_PVS_to_central_free,(1 - sigma_PVS_AB40)*Q_PVS*AB40_Monomer_PVS,,AB40Mu_central_compartment,+,(1 - Sigma_ISF_lymph_AB40Mu) * Qbrain_ISF_AB40Mu * AB40_Monomer,,,,,,,,,,,,,,
AB40Mu_CM,-,ab40_monomer_antibody_binding_cm,fta0*AB40Mu_CM*PK_CM_brain*V_CM_brain,,AB40Mu_CSF_CM,-,(fta0 * AB40Mu_CSF_CM * PK_CSF_CM),,,,,,,,,,,,,,
AB40Mu_CM,+,ab40mu_tfv_to_cm,(Q_CSF_brain + Q_ISF_brain)*AB40Mu_TFV,,AB40Mu_CSF_CM,+,(Qbrain_CSF_AB40Mu + Qbrain_ISF_AB40Mu) * AB40Mu_CSF_TFV / Vol_brain_CSFCM,,,,,,,,,,,,,,
AB40Mu_CM,-,ab40mu_cm_to_sas,(Q_CSF_brain + Q_ISF_brain)*AB40Mu_CM,,AB40Mu_CSF_CM,-,((Qbrain_CSF_AB40Mu + Qbrain_ISF_AB40Mu) * AB40Mu_CSF_CM / Vol_brain_CSFCM),,,,,,,,,,,,,,
AB40Mu_LV,-,ab40_monomer_antibody_binding_lv,fta0*AB40Mu_LV*PK_LV_brain*V_LV_brain,,AB40Mu_CSF_LV,-,(fta0 * AB40Mu_CSF_LV * PK_CSF_LV),,,,,,,,,,,,,,
AB40Mu_LV,+,ab40mu_brain_plasma_to_csf_lv,f_LV*(1 - sigma_V_BCSFB_AB40Mu)*Q_CSF_brain*AB40Mu_Brain_Plasma,,AB40Mu_CSF_LV,-,(f_LV * CL_up_brain_AB40Mu * (1 - fBBB) * Vol_brain_ES * AB40Mu_CSF_LV / Vol_brain_CSFLV),,,,,,,,,,,,,,
AB40Mu_LV,-,ab40mu_csf_lv_to_bcsfb,f_LV*CLup_brain_AB40Mu*(1 - f_BBB)*VES_brain*AB40Mu_LV,,AB40Mu_CSF_LV,-,(f_LV * (Qbrain_CSF_AB40Mu + Qbrain_ISF_AB40Mu) * AB40Mu_CSF_LV / Vol_brain_CSFLV),,,,,,,,,,,,,,
AB40Mu_LV,-,ab40mu_csf_lv_to_tfv,f_LV*(Q_CSF_brain + Q_ISF_brain)*AB40Mu_LV,,AB40Mu_CSF_LV,+,f_LV * Qbrain_ISF_AB40Mu * AB40_Monomer / Vol_brain_CSFLV,,,,,,,,,,,,,,
AB40Mu_LV,+,ab40mu_isf_to_csf_lv,f_LV*Q_ISF_brain*AB40_Monomer,,AB40Mu_CSF_LV,+,(1 - Sigma_v_bcsfb_AB40Mu) * Qbrain_CSF_AB40Mu * f_LV * AB40Mu_Brain_Plasma / Vol_brain_CSFLV,,,,,,,,,,,,,,
AB40Mu_Peripheral,+,ab40mu_central_to_peripheral,AB40MuCLd2*AB40Mu_Central,,AB40Mu_peripheral_compartment,+,AB40Mu_CLd2 * AB40Mu_central_compartment / AB40Mu_Vcent,,,,,,,,,,,,,,
AB40Mu_Peripheral,-,ab40mu_peripheral_to_central,AB40MuCLd2*AB40Mu_Peripheral,,AB40Mu_peripheral_compartment,-,(AB40Mu_CLd2 * AB40Mu_peripheral_compartment / AB40Mu_Vper),,,,,,,,,,,,,,
AB40Mu_SAS,-,ab40_monomer_antibody_binding_sas,fta0*AB40Mu_SAS*PK_SAS_brain*V_SAS_brain,,AB40Mu_CSF_SAS,-,(fta0 * AB40Mu_CSF_SAS * PK_CSF_SAS),,,,,,,,,,,,,,
AB40Mu_SAS,-,ab40mu_csf_sas_to_central,(1 - sigma_L_SAS_AB40Mu)*Q_CSF_brain*AB40Mu_SAS,,AB40Mu_CSF_SAS,+,(Qbrain_CSF_AB40Mu + Qbrain_ISF_AB40Mu) * AB40Mu_CSF_CM / Vol_brain_CSFSAS,,,,,,,,,,,,,,
AB40Mu_SAS,+,ab40mu_cm_to_sas,(Q_CSF_brain + Q_ISF_brain)*AB40Mu_CM,,AB40Mu_CSF_SAS,-,((1 - Sigma_CSFSAS_Lymph_AB40Mu) * Qbrain_CSF_AB40Mu * AB40Mu_CSF_SAS / Vol_brain_CSFSAS),,,,,,,,,,,,,,
AB40Mu_SAS,-,ab40mu_sas_to_isf,Q_ISF_brain*AB40Mu_SAS,,AB40Mu_CSF_SAS,-,(Qbrain_ISF_AB40Mu * AB40Mu_CSF_SAS / Vol_brain_CSFSAS),,,,,,,,,,,,,,
AB40Mu_TFV,-,ab40_monomer_antibody_binding_tfv,fta0*AB40Mu_TFV*PK_TFV_brain*V_TFV_brain,,AB40Mu_CSF_TFV,-,(fta0 * AB40Mu_CSF_TFV * PK_CSF_TFV),,,,,,,,,,,,,,
AB40Mu_TFV,+,ab40mu_brain_plasma_to_csf_tfv,(1 - f_LV)*(1 - sigma_V_BCSFB_AB40Mu)*Q_CSF_brain*AB40Mu_Brain_Plasma,,AB40Mu_CSF_TFV,-,((1 - f_LV) * CL_up_brain * (1 - fBBB) * Vol_brain_ES * AB40Mu_CSF_TFV / Vol_brain_CSFTFV),,,,,,,,,,,,,,
AB40Mu_TFV,-,ab40mu_csf_tfv_to_bcsfb,(1 - f_LV)*CLup_brain_AB40Mu*(1 - f_BBB)*VES_brain*AB40Mu_TFV,,AB40Mu_CSF_TFV,+,f_LV * (Qbrain_CSF_AB40Mu + Qbrain_ISF_AB40Mu) * AB40Mu_CSF_LV / Vol_brain_CSFTFV,,,,,,,,,,,,,,
AB40Mu_TFV,+,ab40mu_csf_lv_to_tfv,f_LV*(Q_CSF_brain + Q_ISF_brain)*AB40Mu_LV,,AB40Mu_CSF_TFV,-,((Qbrain_CSF_AB40Mu + Qbrain_ISF_AB40Mu) * AB40Mu_CSF_TFV / Vol_brain_CSFTFV),,,,,,,,,,,,,,
AB40Mu_TFV,-,ab40mu_tfv_to_cm,(Q_CSF_brain + Q_ISF_brain)*AB40Mu_TFV,,AB40Mu_CSF_TFV,+,(1 - Sigma_v_bcsfb_AB40Mu) * Qbrain_CSF_AB40Mu * (1 - f_LV) * AB40Mu_Brain_Plasma / Vol_brain_CSFTFV,,,,,,,,,,,,,,
AB40Mu_TFV,+,ab40mu_isf_to_tfv,(1 - f_LV)*Q_ISF_brain*AB40_Monomer,,AB40Mu_CSF_TFV,+,(1 - f_LV) * Qbrain_ISF_AB40Mu * AB40_Monomer / Vol_brain_CSFTFV,,,,,,,,,,,,,,
AB42_Fibril17,+,AB42_Fibril17_formation_from_oligomer,k_O16_F17_fortytwo*AB42_Oligomer16*AB42_Monomer*VIS_brain,,AB42_Fibril17,-,(k_F17_F18_fortytwo * AB42_Monomer * AB42_Fibril17),,,,,,,,,,,,,,
AB42_Fibril17,-,AB42_Fibril17_dissociation_to_oligomer,k_F17_O16_fortytwo*AB42_Fibril17*VIS_brain,,AB42_Fibril17,-,(k_F17_O16_fortytwo * AB42_Fibril17),,,,,,,,,,,,,,
AB42_Fibril17,-,AB42_Plaque_formation_from_Fibril17,k_F17_Plaque_fortytwo*AB42_Fibril17*AB42_Monomer*VIS_brain,,AB42_Fibril17,+,k_F18_F17_fortytwo * AB42_Fibril18,,,,,,,,,,,,,,
AB42_Fibril17,+,AB42_Fibril17_plaque_driven_formation,k_O16_F17_fortytwo*AB42_Plaque_Driven_Monomer_Addition_Vmax*AB42_Monomer*AB42_Oligomer16*(AB42_Plaque_unbound/(AB42_Plaque_unbound + AB42_Plaque_Driven_Monomer_Addition_EC50))*VIS_brain,,AB42_Fibril17,-,(fta1 * Antibody_unbound_ISF * AB42_Fibril17),,,,,,,,,,,,,,
AB42_Fibril17,-,AB42_Fibril17_antibody_binding,fta1*Ab_t*AB42_Fibril17*VIS_brain,,AB42_Fibril17,-,(AB42_Fibril17 * Microglia_cell_count * (Microglia_Hi_Fract * Microglia_CL_high_AB42 + (1 - Microglia_Hi_Fract) * Microglia_CL_low_AB42)),,,,,,,,,,,,,,
AB42_Fibril17,-,AB42_Fibril17_microglia_clearance,Microglia_Vmax_fortytwo*AB42_Fibril17*Microglia_cell_count*(Microglia_Hi_Fract*Microglia_CL_high_AB42 + (1 - Microglia_Hi_Fract)*Microglia_CL_low_AB42)*VIS_brain,,AB42_Fibril17,-,(K_F17_Plaque_fortytwo * AB42_Fibril17 * AB42_Monomer),,,,,,,,,,,,,,
AB42_Fibril17,-,AB42_Fibril18_formation,k_F17_F18_fortytwo*AB42_Fibril17*AB42_Monomer*VIS_brain,,AB42_Fibril17,+,k_O16_F17_fortytwo * AB42_Monomer * AB42_Oligomer16,,,,,,,,,,,,,,
AB42_Fibril17,+,AB42_Fibril17_formation_from_fibril18,k_F18_F17_fortytwo*AB42_Fibril18*VIS_brain,,AB42_Fibril17,+,k_O16_F17_fortytwo * AB42_Plaque_Driven_Monomer_Addition_Vmax * AB42_Monomer * AB42_Oligomer16 * (AB42_Plaque_unbound / (AB42_Plaque_unbound + AB42_Plaque_Driven_Monomer_Addition_EC50)),,,,,,,,,,,,,,
AB42_Fibril17,-,AB42_Fibril17_to_PVS,(1 - sigma_ISF_ABeta42_oligomer17)*Q_PVS*AB42_Fibril17,,AB42_Fibril17,-,((1 - sigma_ISF_ABeta42_oligomer017) * Q_PVS * AB42_Fibril17 / vol_brain_ISF),,,,,,,,,,,,,,
AB42_Fibril17_Antibody_bound,+,AB42_Fibril17_antibody_binding,fta1*Ab_t*AB42_Fibril17*VIS_brain,,AB42_Fibril17_Antibody_bound,-,(AB42_Fibril17_Antibody_bound * Microglia_cell_count * (Microglia_Hi_Fract * Microglia_CL_high_mab + (1 - Microglia_Hi_Fract) * Microglia_CL_low_mAb)),,,,,,,,,,,,,,
AB42_Fibril17_Antibody_bound,-,AB42_Fibril17_Antibody_bound_microglia_clearance,Microglia_Vmax_fortytwo*AB42_Fibril17_Antibody_bound*Microglia_cell_count*(Microglia_Hi_Fract*Microglia_CL_high_mAb + (1 - Microglia_Hi_Fract)*Microglia_CL_low_mAb)*VIS_brain,,AB42_Fibril17_Antibody_bound,+,fta1 * Antibody_unbound_ISF * AB42_Fibril17,,,,,,,,,,,,,,
AB42_Fibril17_PVS,+,AB42_Fibril17_to_PVS,(1 - sigma_ISF_ABeta42_oligomer17)*Q_PVS*AB42_Fibril17,,AB42_Fibril17_PVS,-,(fta2 * C_Antibody_unbound_PVS * AB42_Fibril17_PVS),,,,,,,,,,,,,,
AB42_Fibril17_PVS,-,AB42_Fibril17_PVS_binding,fta2*AB42_Fibril17_PVS*C_Antibody_unbound_PVS*V_PVS,,AB42_Fibril17_PVS,+,(1 - sigma_ISF_ABeta42_oligomer017) * Q_PVS * AB42_Fibril17 / V_PVS,,,,,,,,,,,,,,
AB42_Fibril17_PVS,-,AB42_Fibril17_PVS_clearance,(1 - sigma_PVS_AB42)*Q_PVS*AB42_Fibril17_PVS,,AB42_Fibril17_PVS,-,((1 - sigma_PVS_ABeta42) * Q_PVS * AB42_Fibril17_PVS / V_PVS),,,,,,,,,,,,,,
AB42_Fibril17_PVS_bound,+,AB42_Fibril17_PVS_binding,fta2*AB42_Fibril17_PVS*C_Antibody_unbound_PVS*V_PVS,,AB42_Fibril17_PVS_bound,+,fta2 * C_Antibody_unbound_PVS * AB42_Fibril17_PVS,,,,,,,,,,,,,,
AB42_Fibril17_PVS_bound,-,AB42_Fibril17_PVS_bound_clearance,(1 - sigma_PVS_AB42_bound)*Q_PVS*AB42_Fibril17_PVS_bound,,AB42_Fibril17_PVS_bound,-,((1 - sigma_PVS_ABeta42_bound) * Q_PVS * AB42_Fibril17_PVS_bound / V_PVS),,,,,,,,,,,,,,
AB42_Fibril18,+,AB42_Fibril18_formation,k_F17_F18_fortytwo*AB42_Fibril17*AB42_Monomer*VIS_brain,,AB42_Fibril18,+,k_F17_F18_fortytwo * AB42_Monomer * AB42_Fibril17,,,,,,,,,,,,,,
AB42_Fibril18,-,AB42_Fibril17_formation_from_fibril18,k_F18_F17_fortytwo*AB42_Fibril18*VIS_brain,,AB42_Fibril18,-,(k_F18_F17_fortytwo * AB42_Fibril18),,,,,,,,,,,,,,
AB42_Fibril18,-,AB42_Plaque_formation_from_Fibril18,k_F18_Plaque_fortytwo*AB42_Fibril18*AB42_Monomer*VIS_brain,,AB42_Fibril18,-,(k_F18_F19_fortytwo * AB42_Monomer * AB42_Fibril18),,,,,,,,,,,,,,
AB42_Fibril18,-,AB42_Fibril18_antibody_binding,fta2*Ab_t*AB42_Fibril18*VIS_brain,,AB42_Fibril18,+,k_F19_F18_fortytwo * AB42_Fibril19,,,,,,,,,,,,,,
AB42_Fibril18,-,AB42_Fibril18_microglia_clearance,Microglia_Vmax_fortytwo*AB42_Fibril18*Microglia_cell_count*(Microglia_Hi_Fract*Microglia_CL_high_AB42 + (1 - Microglia_Hi_Fract)*Microglia_CL_low_AB42)*VIS_brain,,AB42_Fibril18,-,(fta2 * Antibody_unbound_ISF * AB42_Fibril18),,,,,,,,,,,,,,
AB42_Fibril18,-,AB42_fibril19_formation,k_F18_F19_fortytwo*AB42_Fibril18*AB42_Monomer*VIS_brain,,AB42_Fibril18,-,(AB42_Fibril18 * Microglia_cell_count * (Microglia_Hi_Fract * Microglia_CL_high_AB42 + (1 - Microglia_Hi_Fract) * Microglia_CL_low_AB42)),,,,,,,,,,,,,,
AB42_Fibril18,+,AB42_fibril19_dissociation,k_F19_F18_fortytwo*AB42_Fibril19*VIS_brain,,AB42_Fibril18,-,(K_F18_Plaque_fortytwo * AB42_Fibril18 * AB42_Monomer),,,,,,,,,,,,,,
AB42_Fibril18,-,AB42_Fibril18_to_PVS,(1 - sigma_ISF_ABeta42_oligomer18)*Q_PVS*AB42_Fibril18,,AB42_Fibril18,-,((1 - sigma_ISF_ABeta42_oligomer018) * Q_PVS * AB42_Fibril18 / vol_brain_ISF),,,,,,,,,,,,,,
AB42_Fibril18_Antibody_bound,+,AB42_Fibril18_antibody_binding,fta2*Ab_t*AB42_Fibril18*VIS_brain,,AB42_Fibril18_Antibody_bound,-,(AB42_Fibril18_Antibody_bound * Microglia_cell_count * (Microglia_Hi_Fract * Microglia_CL_high_mab + (1 - Microglia_Hi_Fract) * Microglia_CL_low_mAb)),,,,,,,,,,,,,,
AB42_Fibril18_Antibody_bound,-,AB42_Fibril18_Antibody_bound_microglia_clearance,Microglia_Vmax_fortytwo*AB42_Fibril18_Antibody_bound*Microglia_cell_count*(Microglia_Hi_Fract*Microglia_CL_high_mAb + (1 - Microglia_Hi_Fract)*Microglia_CL_low_mAb)*VIS_brain,,AB42_Fibril18_Antibody_bound,+,fta2 * Antibody_unbound_ISF * AB42_Fibril18,,,,,,,,,,,,,,
AB42_Fibril18_PVS,+,AB42_Fibril18_to_PVS,(1 - sigma_ISF_ABeta42_oligomer18)*Q_PVS*AB42_Fibril18,,AB42_Fibril18_PVS,-,(fta2 * C_Antibody_unbound_PVS * AB42_Fibril18_PVS),,,,,,,,,,,,,,
AB42_Fibril18_PVS,-,AB42_Fibril18_PVS_binding,fta2*AB42_Fibril18_PVS*C_Antibody_unbound_PVS*V_PVS,,AB42_Fibril18_PVS,+,(1 - sigma_ISF_ABeta42_oligomer018) * Q_PVS * AB42_Fibril18 / V_PVS,,,,,,,,,,,,,,
AB42_Fibril18_PVS,-,AB42_Fibril18_PVS_clearance,(1 - sigma_PVS_AB42)*Q_PVS*AB42_Fibril18_PVS,,AB42_Fibril18_PVS,-,((1 - sigma_PVS_ABeta42) * Q_PVS * AB42_Fibril18_PVS / V_PVS),,,,,,,,,,,,,,
AB42_Fibril18_PVS_bound,+,AB42_Fibril18_PVS_binding,fta2*AB42_Fibril18_PVS*C_Antibody_unbound_PVS*V_PVS,,AB42_Fibril18_PVS_bound,+,fta2 * C_Antibody_unbound_PVS * AB42_Fibril18_PVS,,,,,,,,,,,,,,
AB42_Fibril18_PVS_bound,-,AB42_Fibril18_PVS_bound_clearance,(1 - sigma_PVS_AB42_bound)*Q_PVS*AB42_Fibril18_PVS_bound,,AB42_Fibril18_PVS_bound,-,((1 - sigma_PVS_ABeta42_bound) * Q_PVS * AB42_Fibril18_PVS_bound / V_PVS),,,,,,,,,,,,,,
AB42_Fibril19,+,AB42_fibril19_formation,k_F18_F19_fortytwo*AB42_Fibril18*AB42_Monomer*VIS_brain,,AB42_Fibril19,+,k_F18_F19_fortytwo * AB42_Monomer * AB42_Fibril18,,,,,,,,,,,,,,
AB42_Fibril19,-,AB42_fibril19_dissociation,k_F19_F18_fortytwo*AB42_Fibril19*VIS_brain,,AB42_Fibril19,-,(k_F19_F18_fortytwo * AB42_Fibril19),,,,,,,,,,,,,,
AB42_Fibril19,-,AB42_antibody_fibril19_binding,fta2*AB42_Fibril19*Ab_t*VIS_brain,,AB42_Fibril19,-,(k_F19_F20_fortytwo * AB42_Monomer * AB42_Fibril19),,,,,,,,,,,,,,
AB42_Fibril19,-,AB42_microglia_fibril19_clearance,Microglia_Vmax_fortytwo*AB42_Fibril19*Microglia_cell_count*(Microglia_Hi_Fract*Microglia_CL_high_AB42 + (1 - Microglia_Hi_Fract)*Microglia_CL_low_AB42)*VIS_brain,,AB42_Fibril19,+,k_F20_F19_fortytwo * AB42_Fibril20,,,,,,,,,,,,,,
AB42_Fibril19,-,AB42_fibril20_formation,k_F19_F20_fortytwo*AB42_Fibril19*AB42_Monomer*VIS_brain,,AB42_Fibril19,-,(fta2 * Antibody_unbound_ISF * AB42_Fibril19),,,,,,,,,,,,,,
AB42_Fibril19,+,AB42_fibril20_dissociation,k_F20_F19_fortytwo*AB42_Fibril20*VIS_brain,,AB42_Fibril19,-,(AB42_Fibril19 * Microglia_cell_count * (Microglia_Hi_Fract * Microglia_CL_high_AB42 + (1 - Microglia_Hi_Fract) * Microglia_CL_low_AB42)),,,,,,,,,,,,,,
AB42_Fibril19,-,AB42_Fibril19_to_PVS,(1 - sigma_ISF_ABeta42_oligomer19)*Q_PVS*AB42_Fibril19,,AB42_Fibril19,-,((1 - sigma_ISF_ABeta42_oligomer019) * Q_PVS * AB42_Fibril19 / vol_brain_ISF),,,,,,,,,,,,,,
AB42_Fibril19_Antibody_bound,+,AB42_antibody_fibril19_binding,fta2*AB42_Fibril19*Ab_t*VIS_brain,,AB42_Fibril19_Antibody_bound,-,(AB42_Fibril19_Antibody_bound * Microglia_cell_count * (Microglia_Hi_Fract * Microglia_CL_high_mab + (1 - Microglia_Hi_Fract) * Microglia_CL_low_mAb)),,,,,,,,,,,,,,
AB42_Fibril19_Antibody_bound,-,AB42_Fibril19_Antibody_bound_microglia_clearance,Microglia_Vmax_fortytwo*AB42_Fibril19_Antibody_bound*Microglia_cell_count*(Microglia_Hi_Fract*Microglia_CL_high_mAb + (1 - Microglia_Hi_Fract)*Microglia_CL_low_mAb)*VIS_brain,,AB42_Fibril19_Antibody_bound,+,fta2 * Antibody_unbound_ISF * AB42_Fibril19,,,,,,,,,,,,,,
AB42_Fibril19_PVS,+,AB42_Fibril19_to_PVS,(1 - sigma_ISF_ABeta42_oligomer19)*Q_PVS*AB42_Fibril19,,AB42_Fibril19_PVS,-,(fta2 * C_Antibody_unbound_PVS * AB42_Fibril19_PVS),,,,,,,,,,,,,,
AB42_Fibril19_PVS,-,AB42_Fibril19_PVS_binding,fta2*AB42_Fibril19_PVS*C_Antibody_unbound_PVS*V_PVS,,AB42_Fibril19_PVS,+,(1 - sigma_ISF_ABeta42_oligomer019) * Q_PVS * AB42_Fibril19 / V_PVS,,,,,,,,,,,,,,
AB42_Fibril19_PVS,-,AB42_Fibril19_PVS_clearance,(1 - sigma_PVS_AB42)*Q_PVS*AB42_Fibril19_PVS,,AB42_Fibril19_PVS,-,((1 - sigma_PVS_ABeta42) * Q_PVS * AB42_Fibril19_PVS / V_PVS),,,,,,,,,,,,,,
AB42_Fibril19_PVS_bound,+,AB42_Fibril19_PVS_binding,fta2*AB42_Fibril19_PVS*C_Antibody_unbound_PVS*V_PVS,,AB42_Fibril19_PVS_bound,+,fta2 * C_Antibody_unbound_PVS * AB42_Fibril19_PVS,,,,,,,,,,,,,,
AB42_Fibril19_PVS_bound,-,AB42_Fibril19_PVS_bound_clearance,(1 - sigma_PVS_AB42_bound)*Q_PVS*AB42_Fibril19_PVS_bound,,AB42_Fibril19_PVS_bound,-,((1 - sigma_PVS_ABeta42_bound) * Q_PVS * AB42_Fibril19_PVS_bound / V_PVS),,,,,,,,,,,,,,
AB42_Fibril20,+,AB42_fibril20_formation,k_F19_F20_fortytwo*AB42_Fibril19*AB42_Monomer*VIS_brain,,AB42_Fibril20,+,k_F19_F20_fortytwo * AB42_Monomer * AB42_Fibril19,,,,,,,,,,,,,,
AB42_Fibril20,-,AB42_fibril20_dissociation,k_F20_F19_fortytwo*AB42_Fibril20*VIS_brain,,AB42_Fibril20,-,(k_F20_F19_fortytwo * AB42_Fibril20),,,,,,,,,,,,,,
AB42_Fibril20,-,AB42_antibody_fibril20_binding,fta2*AB42_Fibril20*Ab_t*VIS_brain,,AB42_Fibril20,-,(k_F20_F21_fortytwo * AB42_Monomer * AB42_Fibril20),,,,,,,,,,,,,,
AB42_Fibril20,-,AB42_microglia_fibril20_clearance,Microglia_Vmax_fortytwo*AB42_Fibril20*Microglia_cell_count*(Microglia_Hi_Fract*Microglia_CL_high_AB42 + (1 - Microglia_Hi_Fract)*Microglia_CL_low_AB42)*VIS_brain,,AB42_Fibril20,+,k_F21_F20_fortytwo * AB42_Fibril21,,,,,,,,,,,,,,
AB42_Fibril20,-,AB42_fibril21_formation,k_F20_F21_fortytwo*AB42_Fibril20*AB42_Monomer*VIS_brain,,AB42_Fibril20,-,(fta2 * Antibody_unbound_ISF * AB42_Fibril20),,,,,,,,,,,,,,
AB42_Fibril20,+,AB42_fibril21_dissociation,k_F21_F20_fortytwo*AB42_Fibril21*VIS_brain,,AB42_Fibril20,-,(AB42_Fibril20 * Microglia_cell_count * (Microglia_Hi_Fract * Microglia_CL_high_AB42 + (1 - Microglia_Hi_Fract) * Microglia_CL_low_AB42)),,,,,,,,,,,,,,
AB42_Fibril20,-,AB42_Fibril20_to_PVS,(1 - sigma_ISF_ABeta42_oligomer20)*Q_PVS*AB42_Fibril20,,AB42_Fibril20,-,((1 - sigma_ISF_ABeta42_oligomer020) * Q_PVS * AB42_Fibril20 / vol_brain_ISF),,,,,,,,,,,,,,
AB42_Fibril20_Antibody_bound,+,AB42_antibody_fibril20_binding,fta2*AB42_Fibril20*Ab_t*VIS_brain,,AB42_Fibril20_Antibody_bound,-,(AB42_Fibril20_Antibody_bound * Microglia_cell_count * (Microglia_Hi_Fract * Microglia_CL_high_mab + (1 - Microglia_Hi_Fract) * Microglia_CL_low_mAb)),,,,,,,,,,,,,,
AB42_Fibril20_Antibody_bound,-,AB42_Fibril20_Antibody_bound_microglia_clearance,Microglia_Vmax_fortytwo*AB42_Fibril20_Antibody_bound*Microglia_cell_count*(Microglia_Hi_Fract*Microglia_CL_high_mAb + (1 - Microglia_Hi_Fract)*Microglia_CL_low_mAb)*VIS_brain,,AB42_Fibril20_Antibody_bound,+,fta2 * Antibody_unbound_ISF * AB42_Fibril20,,,,,,,,,,,,,,
AB42_Fibril20_PVS,+,AB42_Fibril20_to_PVS,(1 - sigma_ISF_ABeta42_oligomer20)*Q_PVS*AB42_Fibril20,,AB42_Fibril20_PVS,-,(fta2 * C_Antibody_unbound_PVS * AB42_Fibril20_PVS),,,,,,,,,,,,,,
AB42_Fibril20_PVS,-,AB42_Fibril20_PVS_binding,fta2*AB42_Fibril20_PVS*C_Antibody_unbound_PVS*V_PVS,,AB42_Fibril20_PVS,+,(1 - sigma_ISF_ABeta42_oligomer020) * Q_PVS * AB42_Fibril20 / V_PVS,,,,,,,,,,,,,,
AB42_Fibril20_PVS,-,AB42_Fibril20_PVS_clearance,(1 - sigma_PVS_AB42)*Q_PVS*AB42_Fibril20_PVS,,AB42_Fibril20_PVS,-,((1 - sigma_PVS_ABeta42) * Q_PVS * AB42_Fibril20_PVS / V_PVS),,,,,,,,,,,,,,
AB42_Fibril20_PVS_bound,+,AB42_Fibril20_PVS_binding,fta2*AB42_Fibril20_PVS*C_Antibody_unbound_PVS*V_PVS,,AB42_Fibril20_PVS_bound,+,fta2 * C_Antibody_unbound_PVS * AB42_Fibril20_PVS,,,,,,,,,,,,,,
AB42_Fibril20_PVS_bound,-,AB42_Fibril20_PVS_bound_clearance,(1 - sigma_PVS_AB42_bound)*Q_PVS*AB42_Fibril20_PVS_bound,,AB42_Fibril20_PVS_bound,-,((1 - sigma_PVS_ABeta42_bound) * Q_PVS * AB42_Fibril20_PVS_bound / V_PVS),,,,,,,,,,,,,,
AB42_Fibril21,+,AB42_fibril21_formation,k_F20_F21_fortytwo*AB42_Fibril20*AB42_Monomer*VIS_brain,,AB42_Fibril21,+,k_F20_F21_fortytwo * AB42_Monomer * AB42_Fibril20,,,,,,,,,,,,,,
AB42_Fibril21,-,AB42_fibril21_dissociation,k_F21_F20_fortytwo*AB42_Fibril21*VIS_brain,,AB42_Fibril21,-,(k_F21_F20_fortytwo * AB42_Fibril21),,,,,,,,,,,,,,
AB42_Fibril21,-,AB42_antibody_fibril21_binding,fta2*AB42_Fibril21*Ab_t*VIS_brain,,AB42_Fibril21,-,(k_F21_F22_fortytwo * AB42_Monomer * AB42_Fibril21),,,,,,,,,,,,,,
AB42_Fibril21,-,AB42_microglia_fibril21_clearance,Microglia_Vmax_fortytwo*AB42_Fibril21*Microglia_cell_count*(Microglia_Hi_Fract*Microglia_CL_high_AB42 + (1 - Microglia_Hi_Fract)*Microglia_CL_low_AB42)*VIS_brain,,AB42_Fibril21,+,k_F22_F21_fortytwo * AB42_Fibril22,,,,,,,,,,,,,,
AB42_Fibril21,-,AB42_fibril22_formation,k_F21_F22_fortytwo*AB42_Fibril21*AB42_Monomer*VIS_brain,,AB42_Fibril21,-,(fta2 * Antibody_unbound_ISF * AB42_Fibril21),,,,,,,,,,,,,,
AB42_Fibril21,+,AB42_fibril22_dissociation,k_F22_F21_fortytwo*AB42_Fibril22*VIS_brain,,AB42_Fibril21,-,(AB42_Fibril21 * Microglia_cell_count * (Microglia_Hi_Fract * Microglia_CL_high_AB42 + (1 - Microglia_Hi_Fract) * Microglia_CL_low_AB42)),,,,,,,,,,,,,,
AB42_Fibril21,-,AB42_Fibril21_to_PVS,(1 - sigma_ISF_ABeta42_oligomer21)*Q_PVS*AB42_Fibril21,,AB42_Fibril21,-,((1 - sigma_ISF_ABeta42_oligomer021) * Q_PVS * AB42_Fibril21 / vol_brain_ISF),,,,,,,,,,,,,,
AB42_Fibril21_Antibody_bound,+,AB42_antibody_fibril21_binding,fta2*AB42_Fibril21*Ab_t*VIS_brain,,AB42_Fibril21_Antibody_bound,-,(AB42_Fibril21_Antibody_bound * Microglia_cell_count * (Microglia_Hi_Fract * Microglia_CL_high_mab + (1 - Microglia_Hi_Fract) * Microglia_CL_low_mAb)),,,,,,,,,,,,,,
AB42_Fibril21_Antibody_bound,-,AB42_Fibril21_Antibody_bound_microglia_clearance,Microglia_Vmax_fortytwo*AB42_Fibril21_Antibody_bound*Microglia_cell_count*(Microglia_Hi_Fract*Microglia_CL_high_mAb + (1 - Microglia_Hi_Fract)*Microglia_CL_low_mAb)*VIS_brain,,AB42_Fibril21_Antibody_bound,+,fta2 * Antibody_unbound_ISF * AB42_Fibril21,,,,,,,,,,,,,,
AB42_Fibril21_PVS,+,AB42_Fibril21_to_PVS,(1 - sigma_ISF_ABeta42_oligomer21)*Q_PVS*AB42_Fibril21,,AB42_Fibril21_PVS,-,(fta2 * C_Antibody_unbound_PVS * AB42_Fibril21_PVS),,,,,,,,,,,,,,
AB42_Fibril21_PVS,-,AB42_Fibril21_PVS_binding,fta2*AB42_Fibril21_PVS*C_Antibody_unbound_PVS*V_PVS,,AB42_Fibril21_PVS,+,(1 - sigma_ISF_ABeta42_oligomer021) * Q_PVS * AB42_Fibril21 / V_PVS,,,,,,,,,,,,,,
AB42_Fibril21_PVS,-,AB42_Fibril21_PVS_clearance,(1 - sigma_PVS_AB42)*Q_PVS*AB42_Fibril21_PVS,,AB42_Fibril21_PVS,-,((1 - sigma_PVS_ABeta42) * Q_PVS * AB42_Fibril21_PVS / V_PVS),,,,,,,,,,,,,,
AB42_Fibril21_PVS_bound,+,AB42_Fibril21_PVS_binding,fta2*AB42_Fibril21_PVS*C_Antibody_unbound_PVS*V_PVS,,AB42_Fibril21_PVS_bound,+,fta2 * C_Antibody_unbound_PVS * AB42_Fibril21_PVS,,,,,,,,,,,,,,
AB42_Fibril21_PVS_bound,-,AB42_Fibril21_PVS_bound_clearance,(1 - sigma_PVS_AB42_bound)*Q_PVS*AB42_Fibril21_PVS_bound,,AB42_Fibril21_PVS_bound,-,((1 - sigma_PVS_ABeta42_bound) * Q_PVS * AB42_Fibril21_PVS_bound / V_PVS),,,,,,,,,,,,,,
AB42_Fibril22,+,AB42_fibril22_formation,k_F21_F22_fortytwo*AB42_Fibril21*AB42_Monomer*VIS_brain,,AB42_Fibril22,+,k_F21_F22_fortytwo * AB42_Monomer * AB42_Fibril21,,,,,,,,,,,,,,
AB42_Fibril22,-,AB42_fibril22_dissociation,k_F22_F21_fortytwo*AB42_Fibril22*VIS_brain,,AB42_Fibril22,-,(k_F22_F21_fortytwo * AB42_Fibril22),,,,,,,,,,,,,,
AB42_Fibril22,-,AB42_antibody_fibril22_binding,fta2*AB42_Fibril22*Ab_t*VIS_brain,,AB42_Fibril22,-,(k_F22_F23_fortytwo * AB42_Monomer * AB42_Fibril22),,,,,,,,,,,,,,
AB42_Fibril22,-,AB42_microglia_fibril22_clearance,Microglia_Vmax_fortytwo*AB42_Fibril22*Microglia_cell_count*(Microglia_Hi_Fract*Microglia_CL_high_AB42 + (1 - Microglia_Hi_Fract)*Microglia_CL_low_AB42)*VIS_brain,,AB42_Fibril22,+,k_F23_F22_fortytwo * AB42_Fibril23,,,,,,,,,,,,,,
AB42_Fibril22,-,AB42_fibril23_formation,k_F22_F23_fortytwo*AB42_Fibril22*AB42_Monomer*VIS_brain,,AB42_Fibril22,-,(fta2 * Antibody_unbound_ISF * AB42_Fibril22),,,,,,,,,,,,,,
AB42_Fibril22,+,AB42_fibril23_dissociation,k_F23_F22_fortytwo*AB42_Fibril23*VIS_brain,,AB42_Fibril22,-,(AB42_Fibril22 * Microglia_cell_count * (Microglia_Hi_Fract * Microglia_CL_high_AB42 + (1 - Microglia_Hi_Fract) * Microglia_CL_low_AB42)),,,,,,,,,,,,,,
AB42_Fibril22,-,AB42_Fibril22_to_PVS,(1 - sigma_ISF_ABeta42_oligomer22)*Q_PVS*AB42_Fibril22,,AB42_Fibril22,-,((1 - sigma_ISF_ABeta42_oligomer022) * Q_PVS * AB42_Fibril22 / vol_brain_ISF),,,,,,,,,,,,,,
AB42_Fibril22_Antibody_bound,+,AB42_antibody_fibril22_binding,fta2*AB42_Fibril22*Ab_t*VIS_brain,,AB42_Fibril22_Antibody_bound,-,(AB42_Fibril22_Antibody_bound * Microglia_cell_count * (Microglia_Hi_Fract * Microglia_CL_high_mab + (1 - Microglia_Hi_Fract) * Microglia_CL_low_mAb)),,,,,,,,,,,,,,
AB42_Fibril22_Antibody_bound,-,AB42_Fibril22_Antibody_bound_microglia_clearance,Microglia_Vmax_fortytwo*AB42_Fibril22_Antibody_bound*Microglia_cell_count*(Microglia_Hi_Fract*Microglia_CL_high_mAb + (1 - Microglia_Hi_Fract)*Microglia_CL_low_mAb)*VIS_brain,,AB42_Fibril22_Antibody_bound,+,fta2 * Antibody_unbound_ISF * AB42_Fibril22,,,,,,,,,,,,,,
AB42_Fibril22_PVS,+,AB42_Fibril22_to_PVS,(1 - sigma_ISF_ABeta42_oligomer22)*Q_PVS*AB42_Fibril22,,AB42_Fibril22_PVS,-,(fta2 * C_Antibody_unbound_PVS * AB42_Fibril22_PVS),,,,,,,,,,,,,,
AB42_Fibril22_PVS,-,AB42_Fibril22_PVS_binding,fta2*AB42_Fibril22_PVS*C_Antibody_unbound_PVS*V_PVS,,AB42_Fibril22_PVS,+,(1 - sigma_ISF_ABeta42_oligomer022) * Q_PVS * AB42_Fibril22 / V_PVS,,,,,,,,,,,,,,
AB42_Fibril22_PVS,-,AB42_Fibril22_PVS_clearance,(1 - sigma_PVS_AB42)*Q_PVS*AB42_Fibril22_PVS,,AB42_Fibril22_PVS,-,((1 - sigma_PVS_ABeta42) * Q_PVS * AB42_Fibril22_PVS / V_PVS),,,,,,,,,,,,,,
AB42_Fibril22_PVS_bound,+,AB42_Fibril22_PVS_binding,fta2*AB42_Fibril22_PVS*C_Antibody_unbound_PVS*V_PVS,,AB42_Fibril22_PVS_bound,+,fta2 * C_Antibody_unbound_PVS * AB42_Fibril22_PVS,,,,,,,,,,,,,,
AB42_Fibril22_PVS_bound,-,AB42_Fibril22_PVS_bound_clearance,(1 - sigma_PVS_AB42_bound)*Q_PVS*AB42_Fibril22_PVS_bound,,AB42_Fibril22_PVS_bound,-,((1 - sigma_PVS_ABeta42_bound) * Q_PVS * AB42_Fibril22_PVS_bound / V_PVS),,,,,,,,,,,,,,
AB42_Fibril23,+,AB42_fibril23_formation,k_F22_F23_fortytwo*AB42_Fibril22*AB42_Monomer*VIS_brain,,AB42_Fibril23,+,k_F22_F23_fortytwo * AB42_Monomer * AB42_Fibril22,,,,,,,,,,,,,,
AB42_Fibril23,-,AB42_fibril23_dissociation,k_F23_F22_fortytwo*AB42_Fibril23*VIS_brain,,AB42_Fibril23,-,(k_F23_F22_fortytwo * AB42_Fibril23),,,,,,,,,,,,,,
AB42_Fibril23,-,AB42_antibody_fibril23_binding,fta2*AB42_Fibril23*Ab_t*VIS_brain,,AB42_Fibril23,-,(k_F23_F24_fortytwo * AB42_Monomer * AB42_Fibril23),,,,,,,,,,,,,,
AB42_Fibril23,-,AB42_microglia_fibril23_clearance,Microglia_Vmax_fortytwo*AB42_Fibril23*Microglia_cell_count*(Microglia_Hi_Fract*Microglia_CL_high_AB42 + (1 - Microglia_Hi_Fract)*Microglia_CL_low_AB42)*VIS_brain,,AB42_Fibril23,+,k_F24_F23_fortytwo * AB42_Fibril24,,,,,,,,,,,,,,
AB42_Fibril23,-,AB42_fibril24_formation,k_F23_F24_fortytwo*AB42_Fibril23*AB42_Monomer*VIS_brain,,AB42_Fibril23,-,(fta2 * Antibody_unbound_ISF * AB42_Fibril23),,,,,,,,,,,,,,
AB42_Fibril23,+,AB42_fibril24_dissociation,k_F24_F23_fortytwo*AB42_Fibril24*VIS_brain,,AB42_Fibril23,-,(AB42_Fibril23 * Microglia_cell_count * (Microglia_Hi_Fract * Microglia_CL_high_AB42 + (1 - Microglia_Hi_Fract) * Microglia_CL_low_AB42)),,,,,,,,,,,,,,
AB42_Fibril23,-,AB42_Fibril23_to_PVS,(1 - sigma_ISF_ABeta42_oligomer23)*Q_PVS*AB42_Fibril23,,AB42_Fibril23,-,((1 - sigma_ISF_ABeta42_oligomer023) * Q_PVS * AB42_Fibril23 / vol_brain_ISF),,,,,,,,,,,,,,
AB42_Fibril23_Antibody_bound,+,AB42_antibody_fibril23_binding,fta2*AB42_Fibril23*Ab_t*VIS_brain,,AB42_Fibril23_Antibody_bound,-,(AB42_Fibril23_Antibody_bound * Microglia_cell_count * (Microglia_Hi_Fract * Microglia_CL_high_mab + (1 - Microglia_Hi_Fract) * Microglia_CL_low_mAb)),,,,,,,,,,,,,,
AB42_Fibril23_Antibody_bound,-,AB42_Fibril23_Antibody_bound_microglia_clearance,Microglia_Vmax_fortytwo*AB42_Fibril23_Antibody_bound*Microglia_cell_count*(Microglia_Hi_Fract*Microglia_CL_high_mAb + (1 - Microglia_Hi_Fract)*Microglia_CL_low_mAb)*VIS_brain,,AB42_Fibril23_Antibody_bound,+,fta2 * Antibody_unbound_ISF * AB42_Fibril23,,,,,,,,,,,,,,
AB42_Fibril23_PVS,+,AB42_Fibril23_to_PVS,(1 - sigma_ISF_ABeta42_oligomer23)*Q_PVS*AB42_Fibril23,,AB42_Fibril23_PVS,-,(fta2 * C_Antibody_unbound_PVS * AB42_Fibril23_PVS),,,,,,,,,,,,,,
AB42_Fibril23_PVS,-,AB42_Fibril23_PVS_binding,fta2*AB42_Fibril23_PVS*C_Antibody_unbound_PVS*V_PVS,,AB42_Fibril23_PVS,+,(1 - sigma_ISF_ABeta42_oligomer023) * Q_PVS * AB42_Fibril23 / V_PVS,,,,,,,,,,,,,,
AB42_Fibril23_PVS,-,AB42_Fibril23_PVS_clearance,(1 - sigma_PVS_AB42)*Q_PVS*AB42_Fibril23_PVS,,AB42_Fibril23_PVS,-,((1 - sigma_PVS_ABeta42) * Q_PVS * AB42_Fibril23_PVS / V_PVS),,,,,,,,,,,,,,
AB42_Fibril23_PVS_bound,+,AB42_Fibril23_PVS_binding,fta2*AB42_Fibril23_PVS*C_Antibody_unbound_PVS*V_PVS,,AB42_Fibril23_PVS_bound,+,fta2 * C_Antibody_unbound_PVS * AB42_Fibril23_PVS,,,,,,,,,,,,,,
AB42_Fibril23_PVS_bound,-,AB42_Fibril23_PVS_bound_clearance,(1 - sigma_PVS_AB42_bound)*Q_PVS*AB42_Fibril23_PVS_bound,,AB42_Fibril23_PVS_bound,-,((1 - sigma_PVS_ABeta42_bound) * Q_PVS * AB42_Fibril23_PVS_bound / V_PVS),,,,,,,,,,,,,,
AB42_Fibril24,+,AB42_fibril24_formation,k_F23_F24_fortytwo*AB42_Fibril23*AB42_Monomer*VIS_brain,,AB42_Fibril24,+,k_F23_F24_fortytwo * AB42_Monomer * AB42_Fibril23,,,,,,,,,,,,,,
AB42_Fibril24,-,AB42_fibril24_dissociation,k_F24_F23_fortytwo*AB42_Fibril24*VIS_brain,,AB42_Fibril24,-,(k_F24_F23_fortytwo * AB42_Fibril24),,,,,,,,,,,,,,
AB42_Fibril24,-,AB42_fibril24_breakdown,k_F24_O12_fortytwo*k_F24_F23_fortytwo*AB42_Fibril24*VIS_brain,,AB42_Fibril24,-,(fta2 * Antibody_unbound_ISF * AB42_Fibril24),,,,,,,,,,,,,,
AB42_Fibril24,-,AB42_antibody_fibril24_binding,fta2*AB42_Fibril24*Ab_t*VIS_brain,,AB42_Fibril24,-,(AB42_Fibril24 * Microglia_cell_count * (Microglia_Hi_Fract * Microglia_CL_high_AB42 + (1 - Microglia_Hi_Fract) * Microglia_CL_low_AB42)),,,,,,,,,,,,,,
AB42_Fibril24,-,AB42_microglia_fibril24_clearance,Microglia_Vmax_fortytwo*AB42_Fibril24*Microglia_cell_count*(Microglia_Hi_Fract*Microglia_CL_high_AB42 + (1 - Microglia_Hi_Fract)*Microglia_CL_low_AB42)*VIS_brain,,AB42_Fibril24,-,(k_F24_O12_fortytwo * k_F24_F23_fortytwo * AB42_Fibril24),,,,,,,,,,,,,,
AB42_Fibril24,-,AB42_Fibril24_to_PVS,(1 - sigma_ISF_ABeta42_oligomer24)*Q_PVS*AB42_Fibril24,,AB42_Fibril24,-,((1 - sigma_ISF_ABeta42_oligomer024) * Q_PVS * AB42_Fibril24 / vol_brain_ISF),,,,,,,,,,,,,,
AB42_Fibril24_Antibody_bound,+,AB42_antibody_fibril24_binding,fta2*AB42_Fibril24*Ab_t*VIS_brain,,AB42_Fibril24_Antibody_bound,-,(AB42_Fibril24_Antibody_bound * Microglia_cell_count * (Microglia_Hi_Fract * Microglia_CL_high_mab + (1 - Microglia_Hi_Fract) * Microglia_CL_low_mAb)),,,,,,,,,,,,,,
AB42_Fibril24_Antibody_bound,-,AB42_Fibril24_Antibody_bound_microglia_clearance,Microglia_Vmax_fortytwo*AB42_Fibril24_Antibody_bound*Microglia_cell_count*(Microglia_Hi_Fract*Microglia_CL_high_mAb + (1 - Microglia_Hi_Fract)*Microglia_CL_low_mAb)*VIS_brain,,AB42_Fibril24_Antibody_bound,+,fta2 * Antibody_unbound_ISF * AB42_Fibril24,,,,,,,,,,,,,,
AB42_Fibril24_PVS,+,AB42_Fibril24_to_PVS,(1 - sigma_ISF_ABeta42_oligomer24)*Q_PVS*AB42_Fibril24,,AB42_Fibril24_PVS,-,(fta2 * C_Antibody_unbound_PVS * AB42_Fibril24_PVS),,,,,,,,,,,,,,
AB42_Fibril24_PVS,-,AB42_Fibril24_PVS_binding,fta2*AB42_Fibril24_PVS*C_Antibody_unbound_PVS*V_PVS,,AB42_Fibril24_PVS,+,(1 - sigma_ISF_ABeta42_oligomer024) * Q_PVS * AB42_Fibril24 / V_PVS,,,,,,,,,,,,,,
AB42_Fibril24_PVS,-,AB42_Fibril24_PVS_clearance,(1 - sigma_PVS_AB42)*Q_PVS*AB42_Fibril24_PVS,,AB42_Fibril24_PVS,-,((1 - sigma_PVS_ABeta42) * Q_PVS * AB42_Fibril24_PVS / V_PVS),,,,,,,,,,,,,,
AB42_Fibril24_PVS_bound,+,AB42_Fibril24_PVS_binding,fta2*AB42_Fibril24_PVS*C_Antibody_unbound_PVS*V_PVS,,AB42_Fibril24_PVS_bound,+,fta2 * C_Antibody_unbound_PVS * AB42_Fibril24_PVS,,,,,,,,,,,,,,
AB42_Fibril24_PVS_bound,-,AB42_Fibril24_PVS_bound_clearance,(1 - sigma_PVS_AB42_bound)*Q_PVS*AB42_Fibril24_PVS_bound,,AB42_Fibril24_PVS_bound,-,((1 - sigma_PVS_ABeta42_bound) * Q_PVS * AB42_Fibril24_PVS_bound / V_PVS),,,,,,,,,,,,,,
AB42_Monomer,+,C99_to_AB42,k_in_AB42*C99*VIS_brain,,AB42_Monomer,-,(k_F17_F18_fortytwo * AB42_Monomer * AB42_Fibril17),,,,,,,,,,,,,,
AB42_Monomer,-,IDE_AB42_clearance,IDE_conc*CL_AB42_IDE*((AB42_Monomer*Unit_removal_1)^AB42_IDE_Hill/((AB42_Monomer*Unit_removal_1)^AB42_IDE_Hill + AB42_IDE_IC50^AB42_IDE_Hill))*VIS_brain,,AB42_Monomer,+,k_F17_O16_fortytwo * AB42_Fibril17,,,,,,,,,,,,,,
AB42_Monomer,-,AB42_dimer_formation,k_M_O2_fortytwo*AB42_Monomer*AB42_Monomer*VIS_brain,,AB42_Monomer,+,k_F18_F17_fortytwo * AB42_Fibril18,,,,,,,,,,,,,,
AB42_Monomer,+,AB42_dimer_dissociation,k_O2_M_fortytwo*AB42_Oligomer02*VIS_brain,,AB42_Monomer,-,(k_F18_F19_fortytwo * AB42_Monomer * AB42_Fibril18),,,,,,,,,,,,,,
AB42_Monomer,-,AB42_Oligomer02_plaque_catalyzed_formation,k_M_O2_fortytwo*AB42_Plaque_Vmax*AB42_Monomer*AB42_Monomer*(AB42_Plaque_unbound/(AB42_Plaque_unbound + AB42_Plaque_EC50))*VIS_brain,,AB42_Monomer,+,k_F19_F18_fortytwo * AB42_Fibril19,,,,,,,,,,,,,,
AB42_Monomer,-,AB42_Oligomer03_formation,k_O2_O3_fortytwo*AB42_Oligomer02*AB42_Monomer*VIS_brain,,AB42_Monomer,-,(k_F19_F20_fortytwo * AB42_Monomer * AB42_Fibril19),,,,,,,,,,,,,,
AB42_Monomer,+,AB42_Oligomer03_dissociation,k_O3_O2_fortytwo*AB42_Oligomer03*VIS_brain,,AB42_Monomer,+,k_F20_F19_fortytwo * AB42_Fibril20,,,,,,,,,,,,,,
AB42_Monomer,-,AB42_Oligomer03_plaque_catalyzed_formation,k_O2_O3_fortytwo*AB42_Plaque_Driven_Monomer_Addition_Vmax*AB42_Oligomer02*AB42_Monomer*(AB42_Plaque_unbound/(AB42_Plaque_unbound + AB42_Plaque_Driven_Monomer_Addition_EC50))*VIS_brain,,AB42_Monomer,-,(k_F20_F21_fortytwo * AB42_Monomer * AB42_Fibril20),,,,,,,,,,,,,,
AB42_Monomer,-,AB42_Oligomer04_formation,k_O3_O4_fortytwo*AB42_Oligomer03*AB42_Monomer*VIS_brain,,AB42_Monomer,+,k_F21_F20_fortytwo * AB42_Fibril21,,,,,,,,,,,,,,
AB42_Monomer,+,AB42_Oligomer04_dissociation,k_O4_O3_fortytwo*AB42_Oligomer04*VIS_brain,,AB42_Monomer,-,(k_F21_F22_fortytwo * AB42_Monomer * AB42_Fibril21),,,,,,,,,,,,,,
AB42_Monomer,-,AB42_Oligomer04_plaque_catalyzed_formation,k_O3_O4_fortytwo*AB42_Plaque_Driven_Monomer_Addition_Vmax*AB42_Oligomer03*AB42_Monomer*(AB42_Plaque_unbound/(AB42_Plaque_unbound + AB42_Plaque_Driven_Monomer_Addition_EC50))*VIS_brain,,AB42_Monomer,+,k_F22_F21_fortytwo * AB42_Fibril22,,,,,,,,,,,,,,
AB42_Monomer,-,AB42_Oligomer05_formation,k_O4_O5_fortytwo*AB42_Oligomer04*AB42_Monomer*VIS_brain,,AB42_Monomer,-,(k_F22_F23_fortytwo * AB42_Monomer * AB42_Fibril22),,,,,,,,,,,,,,
AB42_Monomer,+,AB42_Oligomer05_dissociation,k_O5_O4_fortytwo*AB42_Oligomer05*VIS_brain,,AB42_Monomer,+,k_F23_F22_fortytwo * AB42_Fibril23,,,,,,,,,,,,,,
AB42_Monomer,-,AB42_Oligomer05_plaque_catalyzed_formation,k_O4_O5_fortytwo*AB42_Plaque_Driven_Monomer_Addition_Vmax*AB42_Oligomer04*AB42_Monomer*(AB42_Plaque_unbound/(AB42_Plaque_unbound + AB42_Plaque_Driven_Monomer_Addition_EC50))*VIS_brain,,AB42_Monomer,-,(k_F23_F24_fortytwo * AB42_Monomer * AB42_Fibril23),,,,,,,,,,,,,,
AB42_Monomer,-,AB42_Oligomer06_formation,k_O5_O6_fortytwo*AB42_Oligomer05*AB42_Monomer*VIS_brain,,AB42_Monomer,+,k_F24_F23_fortytwo * AB42_Fibril24,,,,,,,,,,,,,,
AB42_Monomer,+,AB42_Oligomer06_dissociation,k_O6_O5_fortytwo*AB42_Oligomer06*VIS_brain,,AB42_Monomer,-,(K_F17_Plaque_fortytwo * AB42_Fibril17 * AB42_Monomer),,,,,,,,,,,,,,
AB42_Monomer,-,AB42_Oligomer06_plaque_catalyzed_formation,k_O5_O6_fortytwo*AB42_Plaque_Driven_Monomer_Addition_Vmax*AB42_Oligomer05*AB42_Monomer*(AB42_Plaque_unbound/(AB42_Plaque_unbound + AB42_Plaque_Driven_Monomer_Addition_EC50))*VIS_brain,,AB42_Monomer,-,(K_F18_Plaque_fortytwo * AB42_Fibril18 * AB42_Monomer),,,,,,,,,,,,,,
AB42_Monomer,-,AB42_Oligomer07_formation,k_O6_O7_fortytwo*AB42_Oligomer06*AB42_Monomer*VIS_brain,,AB42_Monomer,-,(fta0 * Antibody_unbound_ISF * AB42_Monomer),,,,,,,,,,,,,,
AB42_Monomer,+,AB42_Oligomer07_dissociation,k_O7_O6_fortytwo*AB42_Oligomer07*VIS_brain,,AB42_Monomer,-,(2 * (k_M_O2_fortytwo * AB42_Monomer * AB42_Monomer)),,,,,,,,,,,,,,
AB42_Monomer,-,AB42_Oligomer07_plaque_catalyzed_formation,k_O6_O7_fortytwo*AB42_Plaque_Driven_Monomer_Addition_Vmax*AB42_Oligomer06*AB42_Monomer*(AB42_Plaque_unbound/(AB42_Plaque_unbound + AB42_Plaque_Driven_Monomer_Addition_EC50))*VIS_brain,,AB42_Monomer,-,(2 * (k_M_O2_fortytwo * AB42_Plaque_Driven_Monomer_Addition_Vmax * AB42_Monomer * AB42_Monomer * (AB42_Plaque_unbound / (AB42_Plaque_unbound + AB42_Plaque_Driven_Monomer_Addition_EC50)))),,,,,,,,,,,,,,
AB42_Monomer,-,AB42_Oligomer08_formation,k_O7_O8_fortytwo*AB42_Oligomer07*AB42_Monomer*VIS_brain,,AB42_Monomer,-,(k_O2_O3_fortytwo * AB42_Monomer * AB42_Oligomer02),,,,,,,,,,,,,,
AB42_Monomer,+,AB42_Oligomer08_dissociation,k_O8_O7_fortytwo*AB42_Oligomer08*VIS_brain,,AB42_Monomer,+,2 * (k_O2_M_fortytwo * AB42_Oligomer02),,,,,,,,,,,,,,
AB42_Monomer,-,AB42_Oligomer08_plaque_catalyzed_formation,k_O7_O8_fortytwo*AB42_Plaque_Driven_Monomer_Addition_Vmax*AB42_Oligomer07*AB42_Monomer*(AB42_Plaque_unbound/(AB42_Plaque_unbound + AB42_Plaque_Driven_Monomer_Addition_EC50))*VIS_brain,,AB42_Monomer,+,k_O3_O2_fortytwo * AB42_Oligomer03,,,,,,,,,,,,,,
AB42_Monomer,-,AB42_Oligomer09_formation,k_O8_O9_fortytwo*AB42_Oligomer08*AB42_Monomer*VIS_brain,,AB42_Monomer,-,(k_O3_O4_fortytwo * AB42_Monomer * AB42_Oligomer03),,,,,,,,,,,,,,
AB42_Monomer,+,AB42_Oligomer09_dissociation,k_O9_O8_fortytwo*AB42_Oligomer09*VIS_brain,,AB42_Monomer,+,k_O4_O3_fortytwo * AB42_Oligomer04,,,,,,,,,,,,,,
AB42_Monomer,-,AB42_Oligomer09_plaque_catalyzed_formation,k_O8_O9_fortytwo*AB42_Plaque_Driven_Monomer_Addition_Vmax*AB42_Oligomer08*AB42_Monomer*(AB42_Plaque_unbound/(AB42_Plaque_unbound + AB42_Plaque_Driven_Monomer_Addition_EC50))*VIS_brain,,AB42_Monomer,-,(k_O4_O5_fortytwo * AB42_Monomer * AB42_Oligomer04),,,,,,,,,,,,,,
AB42_Monomer,-,AB42_Oligomer10_formation,k_O9_O10_fortytwo*AB42_Oligomer09*AB42_Monomer*VIS_brain,,AB42_Monomer,+,k_O5_O4_fortytwo * AB42_Oligomer05,,,,,,,,,,,,,,
AB42_Monomer,+,AB42_Oligomer10_dissociation,k_O10_O9_fortytwo*AB42_Oligomer10*VIS_brain,,AB42_Monomer,-,(k_O5_O6_fortytwo * AB42_Monomer * AB42_Oligomer05),,,,,,,,,,,,,,
AB42_Monomer,-,AB42_Oligomer10_plaque_catalyzed_formation,k_O9_O10_fortytwo*AB42_Plaque_Driven_Monomer_Addition_Vmax*AB42_Oligomer09*AB42_Monomer*(AB42_Plaque_unbound/(AB42_Plaque_unbound + AB42_Plaque_Driven_Monomer_Addition_EC50))*VIS_brain,,AB42_Monomer,+,k_O6_O5_fortytwo * AB42_Oligomer06,,,,,,,,,,,,,,
AB42_Monomer,-,AB42_Oligomer11_formation,k_O10_O11_fortytwo*AB42_Oligomer10*AB42_Monomer*VIS_brain,,AB42_Monomer,-,(k_O6_O7_fortytwo * AB42_Monomer * AB42_Oligomer06),,,,,,,,,,,,,,
AB42_Monomer,+,AB42_Oligomer11_dissociation,k_O11_O10_fortytwo*AB42_Oligomer11*VIS_brain,,AB42_Monomer,+,k_O7_O6_fortytwo * AB42_Oligomer07,,,,,,,,,,,,,,
AB42_Monomer,-,AB42_Oligomer11_plaque_catalyzed_formation,k_O10_O11_fortytwo*AB42_Plaque_Driven_Monomer_Addition_Vmax*AB42_Oligomer10*AB42_Monomer*(AB42_Plaque_unbound/(AB42_Plaque_unbound + AB42_Plaque_Driven_Monomer_Addition_EC50))*VIS_brain,,AB42_Monomer,-,(k_O7_O8_fortytwo * AB42_Monomer * AB42_Oligomer07),,,,,,,,,,,,,,
AB42_Monomer,-,AB42_Oligomer12_formation,k_O11_O12_fortytwo*AB42_Oligomer11*AB42_Monomer*VIS_brain,,AB42_Monomer,+,k_O8_O7_fortytwo * AB42_Oligomer08,,,,,,,,,,,,,,
AB42_Monomer,+,AB42_Oligomer12_dissociation,k_O12_O11_fortytwo*AB42_Oligomer12*VIS_brain,,AB42_Monomer,-,(k_O8_O9_fortytwo * AB42_Monomer * AB42_Oligomer08),,,,,,,,,,,,,,
AB42_Monomer,-,AB42_Oligomer12_plaque_catalyzed_formation,k_O11_O12_fortytwo*AB42_Plaque_Driven_Monomer_Addition_Vmax*AB42_Oligomer11*AB42_Monomer*(AB42_Plaque_unbound/(AB42_Plaque_unbound + AB42_Plaque_Driven_Monomer_Addition_EC50))*VIS_brain,,AB42_Monomer,+,k_O9_O8_fortytwo * AB42_Oligomer09,,,,,,,,,,,,,,
AB42_Monomer,-,AB42_Oligomer13_formation,k_O12_O13_fortytwo*AB42_Oligomer12*AB42_Monomer*VIS_brain,,AB42_Monomer,-,(k_O9_O10_fortytwo * AB42_Monomer * AB42_Oligomer09),,,,,,,,,,,,,,
AB42_Monomer,+,AB42_Oligomer13_dissociation,k_O13_O12_fortytwo*AB42_Oligomer13*VIS_brain,,AB42_Monomer,+,k_O10_O9_fortytwo * AB42_Oligomer10,,,,,,,,,,,,,,
AB42_Monomer,-,AB42_plaque_oligomer13_formation,k_O12_O13_fortytwo*AB42_Plaque_Driven_Monomer_Addition_Vmax*AB42_Oligomer12*AB42_Monomer*(AB42_Plaque_unbound/(AB42_Plaque_unbound + AB42_Plaque_Driven_Monomer_Addition_EC50))*VIS_brain,,AB42_Monomer,-,(k_O10_O11_fortytwo * AB42_Monomer * AB42_Oligomer10),,,,,,,,,,,,,,
AB42_Monomer,-,AB42_Oligomer13_to_plaque,k_O13_Plaque_fortytwo*AB42_Oligomer13*AB42_Monomer*VIS_brain,,AB42_Monomer,+,k_O11_O10_fortytwo * AB42_Oligomer11,,,,,,,,,,,,,,
AB42_Monomer,-,AB42_Oligomer14_formation,k_O13_O14_fortytwo*AB42_Oligomer13*AB42_Monomer*VIS_brain,,AB42_Monomer,-,(k_O11_O12_fortytwo * AB42_Monomer * AB42_Oligomer11),,,,,,,,,,,,,,
AB42_Monomer,+,AB42_Oligomer14_dissociation,k_O14_O13_fortytwo*AB42_Oligomer14*VIS_brain,,AB42_Monomer,+,k_O12_O11_fortytwo * AB42_Oligomer12,,,,,,,,,,,,,,
AB42_Monomer,-,AB42_plaque_oligomer14_formation,k_O13_O14_fortytwo*AB42_Plaque_Driven_Monomer_Addition_Vmax*AB42_Oligomer13*AB42_Monomer*(AB42_Plaque_unbound/(AB42_Plaque_unbound + AB42_Plaque_Driven_Monomer_Addition_EC50))*VIS_brain,,AB42_Monomer,-,(k_O12_O13_fortytwo * AB42_Monomer * AB42_Oligomer12),,,,,,,,,,,,,,
AB42_Monomer,-,AB42_Oligomer14_to_plaque,k_O14_Plaque_fortytwo*AB42_Oligomer14*AB42_Monomer*VIS_brain,,AB42_Monomer,+,k_O13_O12_fortytwo * AB42_Oligomer13,,,,,,,,,,,,,,
AB42_Monomer,-,AB42_Oligomer15_formation,k_O14_O15_fortytwo*AB42_Oligomer14*AB42_Monomer*VIS_brain,,AB42_Monomer,-,(k_O13_O14_fortytwo * AB42_Monomer * AB42_Oligomer13),,,,,,,,,,,,,,
AB42_Monomer,+,AB42_Oligomer15_dissociation,k_O15_O14_fortytwo*AB42_Oligomer15*VIS_brain,,AB42_Monomer,+,k_O14_O13_fortytwo * AB42_Oligomer14,,,,,,,,,,,,,,
AB42_Monomer,-,AB42_plaque_oligomer15_formation,k_O14_O15_fortytwo*AB42_Plaque_Driven_Monomer_Addition_Vmax*AB42_Oligomer14*AB42_Monomer*(AB42_Plaque_unbound/(AB42_Plaque_unbound + AB42_Plaque_Driven_Monomer_Addition_EC50))*VIS_brain,,AB42_Monomer,-,(k_O14_O15_fortytwo * AB42_Monomer * AB42_Oligomer14),,,,,,,,,,,,,,
AB42_Monomer,-,AB42_Oligomer15_to_plaque,k_O15_Plaque_fortytwo*AB42_Oligomer15*AB42_Monomer*VIS_brain,,AB42_Monomer,+,k_O15_O14_fortytwo * AB42_Oligomer15,,,,,,,,,,,,,,
AB42_Monomer,-,AB42_Oligomer16_formation,k_O15_O16_fortytwo*AB42_Oligomer15*AB42_Monomer*VIS_brain,,AB42_Monomer,-,(k_O15_O16_fortytwo * AB42_Monomer * AB42_Oligomer15),,,,,,,,,,,,,,
AB42_Monomer,+,AB42_Oligomer16_dissociation,k_O16_O15_fortytwo*AB42_Oligomer16*VIS_brain,,AB42_Monomer,+,k_O16_O15_fortytwo * AB42_Oligomer16,,,,,,,,,,,,,,
AB42_Monomer,-,AB42_plaque_oligomer16_formation,k_O15_O16_fortytwo*AB42_Plaque_Driven_Monomer_Addition_Vmax*AB42_Oligomer15*AB42_Monomer*(AB42_Plaque_unbound/(AB42_Plaque_unbound + AB42_Plaque_Driven_Monomer_Addition_EC50))*VIS_brain,,AB42_Monomer,-,(k_O16_F17_fortytwo * AB42_Monomer * AB42_Oligomer16),,,,,,,,,,,,,,
AB42_Monomer,-,AB42_Oligomer16_to_plaque,k_O16_Plaque_fortytwo*AB42_Oligomer16*AB42_Monomer*VIS_brain,,AB42_Monomer,-,(k_O2_O3_fortytwo * AB42_Plaque_Driven_Monomer_Addition_Vmax * AB42_Monomer * AB42_Oligomer02 * (AB42_Plaque_unbound / (AB42_Plaque_unbound + AB42_Plaque_Driven_Monomer_Addition_EC50))),,,,,,,,,,,,,,
AB42_Monomer,-,AB42_Fibril17_formation_from_oligomer,k_O16_F17_fortytwo*AB42_Oligomer16*AB42_Monomer*VIS_brain,,AB42_Monomer,-,(k_O3_O4_fortytwo * AB42_Plaque_Driven_Monomer_Addition_Vmax * AB42_Monomer * AB42_Oligomer03 * (AB42_Plaque_unbound / (AB42_Plaque_unbound + AB42_Plaque_Driven_Monomer_Addition_EC50))),,,,,,,,,,,,,,
AB42_Monomer,+,AB42_Fibril17_dissociation_to_oligomer,k_F17_O16_fortytwo*AB42_Fibril17*VIS_brain,,AB42_Monomer,-,(k_O4_O5_fortytwo * AB42_Plaque_Driven_Monomer_Addition_Vmax * AB42_Monomer * AB42_Oligomer04 * (AB42_Plaque_unbound / (AB42_Plaque_unbound + AB42_Plaque_Driven_Monomer_Addition_EC50))),,,,,,,,,,,,,,
AB42_Monomer,-,AB42_Plaque_formation_from_Fibril17,k_F17_Plaque_fortytwo*AB42_Fibril17*AB42_Monomer*VIS_brain,,AB42_Monomer,-,(k_O5_O6_fortytwo * AB42_Plaque_Driven_Monomer_Addition_Vmax * AB42_Monomer * AB42_Oligomer05 * (AB42_Plaque_unbound / (AB42_Plaque_unbound + AB42_Plaque_Driven_Monomer_Addition_EC50))),,,,,,,,,,,,,,
AB42_Monomer,-,AB42_Fibril17_plaque_driven_formation,k_O16_F17_fortytwo*AB42_Plaque_Driven_Monomer_Addition_Vmax*AB42_Monomer*AB42_Oligomer16*(AB42_Plaque_unbound/(AB42_Plaque_unbound + AB42_Plaque_Driven_Monomer_Addition_EC50))*VIS_brain,,AB42_Monomer,-,(k_O6_O7_fortytwo * AB42_Plaque_Driven_Monomer_Addition_Vmax * AB42_Monomer * AB42_Oligomer06 * (AB42_Plaque_unbound / (AB42_Plaque_unbound + AB42_Plaque_Driven_Monomer_Addition_EC50))),,,,,,,,,,,,,,
AB42_Monomer,-,AB42_Fibril18_formation,k_F17_F18_fortytwo*AB42_Fibril17*AB42_Monomer*VIS_brain,,AB42_Monomer,-,(k_O7_O8_fortytwo * AB42_Plaque_Driven_Monomer_Addition_Vmax * AB42_Monomer * AB42_Oligomer07 * (AB42_Plaque_unbound / (AB42_Plaque_unbound + AB42_Plaque_Driven_Monomer_Addition_EC50))),,,,,,,,,,,,,,
AB42_Monomer,+,AB42_Fibril17_formation_from_fibril18,k_F18_F17_fortytwo*AB42_Fibril18*VIS_brain,,AB42_Monomer,-,(k_O8_O9_fortytwo * AB42_Plaque_Driven_Monomer_Addition_Vmax * AB42_Monomer * AB42_Oligomer08 * (AB42_Plaque_unbound / (AB42_Plaque_unbound + AB42_Plaque_Driven_Monomer_Addition_EC50))),,,,,,,,,,,,,,
AB42_Monomer,-,AB42_Plaque_formation_from_Fibril18,k_F18_Plaque_fortytwo*AB42_Fibril18*AB42_Monomer*VIS_brain,,AB42_Monomer,-,(k_O9_O10_fortytwo * AB42_Plaque_Driven_Monomer_Addition_Vmax * AB42_Monomer * AB42_Oligomer09 * (AB42_Plaque_unbound / (AB42_Plaque_unbound + AB42_Plaque_Driven_Monomer_Addition_EC50))),,,,,,,,,,,,,,
AB42_Monomer,-,AB42_fibril19_formation,k_F18_F19_fortytwo*AB42_Fibril18*AB42_Monomer*VIS_brain,,AB42_Monomer,-,(k_O10_O11_fortytwo * AB42_Plaque_Driven_Monomer_Addition_Vmax * AB42_Monomer * AB42_Oligomer10 * (AB42_Plaque_unbound / (AB42_Plaque_unbound + AB42_Plaque_Driven_Monomer_Addition_EC50))),,,,,,,,,,,,,,
AB42_Monomer,+,AB42_fibril19_dissociation,k_F19_F18_fortytwo*AB42_Fibril19*VIS_brain,,AB42_Monomer,-,(k_O11_O12_fortytwo * AB42_Plaque_Driven_Monomer_Addition_Vmax * AB42_Monomer * AB42_Oligomer11 * (AB42_Plaque_unbound / (AB42_Plaque_unbound + AB42_Plaque_Driven_Monomer_Addition_EC50))),,,,,,,,,,,,,,
AB42_Monomer,-,AB42_fibril20_formation,k_F19_F20_fortytwo*AB42_Fibril19*AB42_Monomer*VIS_brain,,AB42_Monomer,-,(k_O12_O13_fortytwo * AB42_Plaque_Driven_Monomer_Addition_Vmax * AB42_Monomer * AB42_Oligomer12 * (AB42_Plaque_unbound / (AB42_Plaque_unbound + AB42_Plaque_Driven_Monomer_Addition_EC50))),,,,,,,,,,,,,,
AB42_Monomer,+,AB42_fibril20_dissociation,k_F20_F19_fortytwo*AB42_Fibril20*VIS_brain,,AB42_Monomer,-,(k_O13_O14_fortytwo * AB42_Plaque_Driven_Monomer_Addition_Vmax * AB42_Monomer * AB42_Oligomer13 * (AB42_Plaque_unbound / (AB42_Plaque_unbound + AB42_Plaque_Driven_Monomer_Addition_EC50))),,,,,,,,,,,,,,
AB42_Monomer,-,AB42_fibril21_formation,k_F20_F21_fortytwo*AB42_Fibril20*AB42_Monomer*VIS_brain,,AB42_Monomer,-,(K_O13_Plaque_fortytwo * AB42_Oligomer13 * AB42_Monomer),,,,,,,,,,,,,,
AB42_Monomer,+,AB42_fibril21_dissociation,k_F21_F20_fortytwo*AB42_Fibril21*VIS_brain,,AB42_Monomer,-,(k_O14_O15_fortytwo * AB42_Plaque_Driven_Monomer_Addition_Vmax * AB42_Monomer * AB42_Oligomer14 * (AB42_Plaque_unbound / (AB42_Plaque_unbound + AB42_Plaque_Driven_Monomer_Addition_EC50))),,,,,,,,,,,,,,
AB42_Monomer,-,AB42_fibril22_formation,k_F21_F22_fortytwo*AB42_Fibril21*AB42_Monomer*VIS_brain,,AB42_Monomer,-,(K_O14_Plaque_fortytwo * AB42_Oligomer14 * AB42_Monomer),,,,,,,,,,,,,,
AB42_Monomer,+,AB42_fibril22_dissociation,k_F22_F21_fortytwo*AB42_Fibril22*VIS_brain,,AB42_Monomer,-,(k_O15_O16_fortytwo * AB42_Plaque_Driven_Monomer_Addition_Vmax * AB42_Monomer * AB42_Oligomer15 * (AB42_Plaque_unbound / (AB42_Plaque_unbound + AB42_Plaque_Driven_Monomer_Addition_EC50))),,,,,,,,,,,,,,
AB42_Monomer,-,AB42_fibril23_formation,k_F22_F23_fortytwo*AB42_Fibril22*AB42_Monomer*VIS_brain,,AB42_Monomer,-,(K_O15_Plaque_fortytwo * AB42_Oligomer15 * AB42_Monomer),,,,,,,,,,,,,,
AB42_Monomer,+,AB42_fibril23_dissociation,k_F23_F22_fortytwo*AB42_Fibril23*VIS_brain,,AB42_Monomer,-,(k_O16_F17_fortytwo * AB42_Plaque_Driven_Monomer_Addition_Vmax * AB42_Monomer * AB42_Oligomer16 * (AB42_Plaque_unbound / (AB42_Plaque_unbound + AB42_Plaque_Driven_Monomer_Addition_EC50))),,,,,,,,,,,,,,
AB42_Monomer,-,AB42_fibril24_formation,k_F23_F24_fortytwo*AB42_Fibril23*AB42_Monomer*VIS_brain,,AB42_Monomer,-,(K_O16_Plaque_fortytwo * AB42_Oligomer16 * AB42_Monomer),,,,,,,,,,,,,,
AB42_Monomer,+,AB42_fibril24_dissociation,k_F24_F23_fortytwo*AB42_Fibril24*VIS_brain,,AB42_Monomer,-,(CL_up_brain_AB42Mu * fBBB * Vol_brain_ES * AB42_Monomer / Vol_brain_interstitial),,,,,,,,,,,,,,
AB42_Monomer,-,ab42_monomer_antibody_binding_isf,fta0*Ab_t*AB42_Monomer*VIS_brain,,AB42_Monomer,+,Qbrain_ISF_AB42Mu * AB42Mu_CSF_SAS / Vol_brain_interstitial,,,,,,,,,,,,,,
AB42_Monomer,-,ab42mu_isf_to_central,(1 - sigma_L_ISF_central_AB42Mu)*Q_ISF_brain*AB42_Monomer,,AB42_Monomer,-,(f_LV * Qbrain_ISF_AB42Mu * AB42_Monomer / Vol_brain_interstitial),,,,,,,,,,,,,,
AB42_Monomer,+,ab42mu_brain_plasma_to_csf_isf,(1 - sigma_V_ISF_AB42Mu)*Q_ISF_brain*AB42Mu_Brain_Plasma,,AB42_Monomer,+,Kin_Ab42_Potter * C99,,,,,,,,,,,,,,
AB42_Monomer,-,ab42mu_isf_to_bbb,CLup_brain_AB42Mu*f_BBB*VES_brain*AB42_Monomer,,AB42_Monomer,-,((1 - sigma_ISF_ABeta42_monomer) * Q_PVS * AB42_Monomer / vol_brain_ISF),,,,,,,,,,,,,,
AB42_Monomer,-,ab42mu_isf_to_csf_lv,f_LV*Q_ISF_brain*AB42_Monomer,,AB42_Monomer,-,(IDE_conc * AB42_IDE_Kcat_lin * ((AB42_Monomer * Unit_removal_1)^AB42_IDE_Hill / ((AB42_Monomer * Unit_removal_1)^AB42_IDE_Hill + AB42_IDE_IC50^AB42_IDE_Hill))),,,,,,,,,,,,,,
AB42_Monomer,-,ab42mu_isf_to_tfv,(1 - f_LV)*Q_ISF_brain*AB42_Monomer,,AB42_Monomer,+,(1 - Sigma_v_isf_AB42Mu) * Qbrain_ISF_AB42Mu * AB42Mu_Brain_Plasma / Vol_brain_interstitial,,,,,,,,,,,,,,
AB42_Monomer,+,ab42mu_sas_to_isf,Q_ISF_brain*AB42Mu_SAS,,AB42_Monomer,-,((1 - f_LV) * Qbrain_ISF_AB42Mu * AB42_Monomer / Vol_brain_interstitial),,,,,,,,,,,,,,
AB42_Monomer,-,AB42_monomer_to_PVS,(1 - sigma_ISF_ABeta42_monomer)*Q_PVS*AB42_Monomer,,AB42_Monomer,-,((1 - Sigma_ISF_lymph_AB42Mu) * Qbrain_ISF_AB42Mu * AB42_Monomer / Vol_brain_interstitial),,,,,,,,,,,,,,
AB42_monomer_antibody_bound,+,ab42_monomer_antibody_binding_isf,fta0*Ab_t*AB42_Monomer*VIS_brain,,AB42_monomer_Antibody_bound,-,(AB42_monomer_Antibody_bound * Microglia_cell_count * (Microglia_Hi_Fract * Microglia_CL_high_mab + (1 - Microglia_Hi_Fract) * Microglia_CL_low_mAb)),,,,,,,,,,,,,,
AB42_monomer_antibody_bound,-,ab42mb_isf_to_cent,(1 - sigma_L_brain_ISF)*Q_ISF_brain*AB42_monomer_antibody_bound,,AB42_monomer_Antibody_bound,+,fta0 * Antibody_unbound_ISF * AB42_Monomer,,,,,,,,,,,,,,
AB42_monomer_antibody_bound,+,ab42mb_brain_plasma_to_isf,(1 - sigma_V_brain_ISF)*Q_ISF_brain*AB42Mb_Brain_Plasma,,AB42_monomer_Antibody_bound,+,CL_up_brain * fBBB * Vol_brain_ES * (1 - FR) * AB42Mb_Blood_Brain_Barrier_bound / Vol_brain_interstitial,,,,,,,,,,,,,,
AB42_monomer_antibody_bound,-,ab42mb_isf_to_bbb,CLup_brain*f_BBB*VES_brain*AB42_monomer_antibody_bound,,AB42_monomer_Antibody_bound,-,(CL_up_brain * fBBB * Vol_brain_ES * AB42_monomer_Antibody_bound / Vol_brain_interstitial),,,,,,,,,,,,,,
AB42_monomer_antibody_bound,+,ab42mb_bbb_bound_to_isf,CLup_brain*f_BBB*VES_brain*(1 - FR)*AB42Mb_BBB_Bound,,AB42_monomer_Antibody_bound,+,(1 - Sigma_v_isf) * Qbrain_ISF_AB42Mb * AB42Mb_Brain_Plasma / Vol_brain_interstitial,,,,,,,,,,,,,,
AB42_monomer_antibody_bound,-,ab42_isf_degradation,AB42_monomer_antibody_bound*Microglia_cell_count*(Microglia_Hi_Fract*Microglia_CL_high_AB42 + (1 - Microglia_Hi_Fract)*Microglia_CL_low_AB42),,AB42_monomer_Antibody_bound,+,Qbrain_ISF_AB42Mb * AB42Mb_CSF_SAS / Vol_brain_interstitial,,,,,,,,,,,,,,
AB42_monomer_antibody_bound,+,ab42mb_sas_to_isf,Q_ISF_brain*AB42Mb_SAS,,AB42_monomer_Antibody_bound,-,((1 - f_LV) * Qbrain_ISF_AB42Mb * AB42_monomer_Antibody_bound / Vol_brain_interstitial),,,,,,,,,,,,,,
AB42_monomer_antibody_bound,-,ab42_isf_to_lv,f_LV*Q_ISF_brain*AB42_monomer_antibody_bound,,AB42_monomer_Antibody_bound,-,((1 - Sigma_ISF_lymph) * Qbrain_ISF_AB42Mb * AB42_monomer_Antibody_bound / Vol_brain_interstitial),,,,,,,,,,,,,,
AB42_monomer_antibody_bound,-,ab42_isf_to_tfv,(1 - f_LV)*Q_ISF_brain*AB42_monomer_antibody_bound,,AB42_monomer_Antibody_bound,-,(f_LV * Qbrain_ISF_AB42Mb * AB42_monomer_Antibody_bound / Vol_brain_interstitial),,,,,,,,,,,,,,
AB42_Monomer_PVS,+,AB42_monomer_to_PVS,(1 - sigma_ISF_ABeta42_monomer)*Q_PVS*AB42_Monomer,,AB42_Monomer_PVS,-,(fta0 * C_Antibody_unbound_PVS * AB42_Monomer_PVS),,,,,,,,,,,,,,
AB42_Monomer_PVS,-,AB42_Monomer_PVS_binding,fta0*AB42_Monomer_PVS*C_Antibody_unbound_PVS*V_PVS,,AB42_Monomer_PVS,+,(1 - sigma_ISF_ABeta42_monomer) * Q_PVS * AB42_Monomer / V_PVS,,,,,,,,,,,,,,
AB42_Monomer_PVS,-,AB42_monomer_PVS_to_central_free,(1 - sigma_PVS_AB42)*Q_PVS*AB42_Monomer_PVS,,AB42_Monomer_PVS,-,((1 - sigma_PVS_ABeta42) * Q_PVS * AB42_Monomer_PVS / V_PVS),,,,,,,,,,,,,,
AB42_Monomer_PVS_bound,+,AB42_Monomer_PVS_binding,fta0*AB42_Monomer_PVS*C_Antibody_unbound_PVS*V_PVS,,AB42_Monomer_PVS_bound,+,fta0 * C_Antibody_unbound_PVS * AB42_Monomer_PVS,,,,,,,,,,,,,,
AB42_Monomer_PVS_bound,-,AB42_monomer_PVS_bound_to_central_bound,(1 - sigma_PVS_AB42_bound)*Q_PVS*AB42_Monomer_PVS_bound,,AB42_Monomer_PVS_bound,-,((1 - sigma_PVS_ABeta42_bound) * Q_PVS * AB42_Monomer_PVS_bound / V_PVS),,,,,,,,,,,,,,
AB42_Oligomer02,+,AB42_dimer_formation,k_M_O2_fortytwo*AB42_Monomer*AB42_Monomer*VIS_brain,,AB42_Oligomer02,+,k_M_O2_fortytwo * AB42_Monomer * AB42_Monomer,,,,,,,,,,,,,,
AB42_Oligomer02,-,AB42_dimer_dissociation,k_O2_M_fortytwo*AB42_Oligomer02*VIS_brain,,AB42_Oligomer02,+,k_M_O2_fortytwo * AB42_Plaque_Driven_Monomer_Addition_Vmax * AB42_Monomer * AB42_Monomer * (AB42_Plaque_unbound / (AB42_Plaque_unbound + AB42_Plaque_Driven_Monomer_Addition_EC50)),,,,,,,,,,,,,,
AB42_Oligomer02,+,AB42_Oligomer02_plaque_catalyzed_formation,k_M_O2_fortytwo*AB42_Plaque_Vmax*AB42_Monomer*AB42_Monomer*(AB42_Plaque_unbound/(AB42_Plaque_unbound + AB42_Plaque_EC50))*VIS_brain,,AB42_Oligomer02,-,(k_O2_O3_fortytwo * AB42_Monomer * AB42_Oligomer02),,,,,,,,,,,,,,
AB42_Oligomer02,-,AB42_antibody_dimer_binding,fta1*AB42_Oligomer02*Ab_t*VIS_brain,,AB42_Oligomer02,-,(k_O2_M_fortytwo * AB42_Oligomer02),,,,,,,,,,,,,,
AB42_Oligomer02,-,AB42_Oligomer03_formation,k_O2_O3_fortytwo*AB42_Oligomer02*AB42_Monomer*VIS_brain,,AB42_Oligomer02,+,k_O3_O2_fortytwo * AB42_Oligomer03,,,,,,,,,,,,,,
AB42_Oligomer02,+,AB42_Oligomer03_dissociation,k_O3_O2_fortytwo*AB42_Oligomer03*VIS_brain,,AB42_Oligomer02,-,(fta1 * Antibody_unbound_ISF * AB42_Oligomer02),,,,,,,,,,,,,,
AB42_Oligomer02,-,AB42_Oligomer03_plaque_catalyzed_formation,k_O2_O3_fortytwo*AB42_Plaque_Driven_Monomer_Addition_Vmax*AB42_Oligomer02*AB42_Monomer*(AB42_Plaque_unbound/(AB42_Plaque_unbound + AB42_Plaque_Driven_Monomer_Addition_EC50))*VIS_brain,,AB42_Oligomer02,-,(k_O2_O3_fortytwo * AB42_Plaque_Driven_Monomer_Addition_Vmax * AB42_Monomer * AB42_Oligomer02 * (AB42_Plaque_unbound / (AB42_Plaque_unbound + AB42_Plaque_Driven_Monomer_Addition_EC50))),,,,,,,,,,,,,,
AB42_Oligomer02,-,AB42_Oligomer02_to_PVS,(1 - sigma_ISF_ABeta42_oligomer02)*Q_PVS*AB42_Oligomer02,,AB42_Oligomer02,-,((1 - sigma_ISF_ABeta42_oligomer02) * Q_PVS * AB42_Oligomer02 / vol_brain_ISF),,,,,,,,,,,,,,
AB42_Oligomer02_Antibody_bound,+,AB42_antibody_dimer_binding,fta1*AB42_Oligomer02*Ab_t*VIS_brain,,AB42_Oligomer02_Antibody_bound,-,(AB42_Oligomer02_Antibody_bound * Microglia_cell_count * (Microglia_Hi_Fract * Microglia_CL_high_mab + (1 - Microglia_Hi_Fract) * Microglia_CL_low_mAb)),,,,,,,,,,,,,,
AB42_Oligomer02_Antibody_bound,-,AB42_Oligomer02_Antibody_bound_microglia_clearance,Microglia_Vmax_fortytwo*AB42_Oligomer02_Antibody_bound*Microglia_cell_count*(Microglia_Hi_Fract*Microglia_CL_high_mAb + (1 - Microglia_Hi_Fract)*Microglia_CL_low_mAb)*VIS_brain,,AB42_Oligomer02_Antibody_bound,+,fta1 * Antibody_unbound_ISF * AB42_Oligomer02,,,,,,,,,,,,,,
AB42_Oligomer02_PVS,+,AB42_Oligomer02_to_PVS,(1 - sigma_ISF_ABeta42_oligomer02)*Q_PVS*AB42_Oligomer02,,AB42_Oligomer02_PVS,-,(fta1 * C_Antibody_unbound_PVS * AB42_Oligomer02_PVS),,,,,,,,,,,,,,
AB42_Oligomer02_PVS,-,AB42_Oligomer02_PVS_binding,fta1*AB42_Oligomer02_PVS*C_Antibody_unbound_PVS*V_PVS,,AB42_Oligomer02_PVS,+,(1 - sigma_ISF_ABeta42_oligomer02) * Q_PVS * AB42_Oligomer02 / V_PVS,,,,,,,,,,,,,,
AB42_Oligomer02_PVS,-,AB42_Oligomer02_PVS_clearance,(1 - sigma_PVS_AB42)*Q_PVS*AB42_Oligomer02_PVS,,AB42_Oligomer02_PVS,-,((1 - sigma_PVS_ABeta42) * Q_PVS * AB42_Oligomer02_PVS / V_PVS),,,,,,,,,,,,,,
AB42_Oligomer02_PVS_bound,+,AB42_Oligomer02_PVS_binding,fta1*AB42_Oligomer02_PVS*C_Antibody_unbound_PVS*V_PVS,,AB42_Oligomer02_PVS_bound,+,fta1 * C_Antibody_unbound_PVS * AB42_Oligomer02_PVS,,,,,,,,,,,,,,
AB42_Oligomer02_PVS_bound,-,AB42_Oligomer02_PVS_bound_clearance,(1 - sigma_PVS_AB42_bound)*Q_PVS*AB42_Oligomer02_PVS_bound,,AB42_Oligomer02_PVS_bound,-,((1 - sigma_PVS_ABeta42_bound) * Q_PVS * AB42_Oligomer02_PVS_bound / V_PVS),,,,,,,,,,,,,,
AB42_Oligomer03,+,AB42_Oligomer03_formation,k_O2_O3_fortytwo*AB42_Oligomer02*AB42_Monomer*VIS_brain,,AB42_Oligomer03,+,k_O2_O3_fortytwo * AB42_Monomer * AB42_Oligomer02,,,,,,,,,,,,,,
AB42_Oligomer03,-,AB42_Oligomer03_dissociation,k_O3_O2_fortytwo*AB42_Oligomer03*VIS_brain,,AB42_Oligomer03,-,(k_O3_O2_fortytwo * AB42_Oligomer03),,,,,,,,,,,,,,
AB42_Oligomer03,+,AB42_Oligomer03_plaque_catalyzed_formation,k_O2_O3_fortytwo*AB42_Plaque_Driven_Monomer_Addition_Vmax*AB42_Oligomer02*AB42_Monomer*(AB42_Plaque_unbound/(AB42_Plaque_unbound + AB42_Plaque_Driven_Monomer_Addition_EC50))*VIS_brain,,AB42_Oligomer03,-,(k_O3_O4_fortytwo * AB42_Monomer * AB42_Oligomer03),,,,,,,,,,,,,,
AB42_Oligomer03,-,AB42_Oligomer03_antibody_binding,fta1*AB42_Oligomer03*Ab_t*VIS_brain,,AB42_Oligomer03,+,k_O4_O3_fortytwo * AB42_Oligomer04,,,,,,,,,,,,,,
AB42_Oligomer03,-,AB42_Oligomer03_microglia_clearance,Microglia_Vmax_fortytwo*AB42_Oligomer03*Microglia_cell_count*(Microglia_Hi_Fract*Microglia_CL_high_AB42 + (1 - Microglia_Hi_Fract)*Microglia_CL_low_AB42)*VIS_brain,,AB42_Oligomer03,+,k_O2_O3_fortytwo * AB42_Plaque_Driven_Monomer_Addition_Vmax * AB42_Monomer * AB42_Oligomer02 * (AB42_Plaque_unbound / (AB42_Plaque_unbound + AB42_Plaque_Driven_Monomer_Addition_EC50)),,,,,,,,,,,,,,
AB42_Oligomer03,-,AB42_Oligomer04_formation,k_O3_O4_fortytwo*AB42_Oligomer03*AB42_Monomer*VIS_brain,,AB42_Oligomer03,-,(fta1 * Antibody_unbound_ISF * AB42_Oligomer03),,,,,,,,,,,,,,
AB42_Oligomer03,+,AB42_Oligomer04_dissociation,k_O4_O3_fortytwo*AB42_Oligomer04*VIS_brain,,AB42_Oligomer03,-,(k_O3_O4_fortytwo * AB42_Plaque_Driven_Monomer_Addition_Vmax * AB42_Monomer * AB42_Oligomer03 * (AB42_Plaque_unbound / (AB42_Plaque_unbound + AB42_Plaque_Driven_Monomer_Addition_EC50))),,,,,,,,,,,,,,
AB42_Oligomer03,-,AB42_Oligomer04_plaque_catalyzed_formation,k_O3_O4_fortytwo*AB42_Plaque_Driven_Monomer_Addition_Vmax*AB42_Oligomer03*AB42_Monomer*(AB42_Plaque_unbound/(AB42_Plaque_unbound + AB42_Plaque_Driven_Monomer_Addition_EC50))*VIS_brain,,AB42_Oligomer03,-,(AB42_Oligomer03 * Microglia_cell_count * (Microglia_Hi_Fract * Microglia_CL_high_AB42 + (1 - Microglia_Hi_Fract) * Microglia_CL_low_AB42)),,,,,,,,,,,,,,
AB42_Oligomer03,-,AB42_Oligomer03_to_PVS,(1 - sigma_ISF_ABeta42_oligomer03)*Q_PVS*AB42_Oligomer03,,AB42_Oligomer03,-,((1 - sigma_ISF_ABeta42_oligomer03) * Q_PVS * AB42_Oligomer03 / vol_brain_ISF),,,,,,,,,,,,,,
AB42_Oligomer03_Antibody_bound,+,AB42_Oligomer03_antibody_binding,fta1*AB42_Oligomer03*Ab_t*VIS_brain,,AB42_Oligomer03_Antibody_bound,-,(AB42_Oligomer03_Antibody_bound * Microglia_cell_count * (Microglia_Hi_Fract * Microglia_CL_high_mab + (1 - Microglia_Hi_Fract) * Microglia_CL_low_mAb)),,,,,,,,,,,,,,
AB42_Oligomer03_Antibody_bound,-,AB42_Oligomer03_Antibody_bound_microglia_clearance,Microglia_Vmax_fortytwo*AB42_Oligomer03_Antibody_bound*Microglia_cell_count*(Microglia_Hi_Fract*Microglia_CL_high_mAb + (1 - Microglia_Hi_Fract)*Microglia_CL_low_mAb)*VIS_brain,,AB42_Oligomer03_Antibody_bound,+,fta1 * Antibody_unbound_ISF * AB42_Oligomer03,,,,,,,,,,,,,,
AB42_Oligomer03_PVS,+,AB42_Oligomer03_to_PVS,(1 - sigma_ISF_ABeta42_oligomer03)*Q_PVS*AB42_Oligomer03,,AB42_Oligomer03_PVS,-,(fta1 * C_Antibody_unbound_PVS * AB42_Oligomer03_PVS),,,,,,,,,,,,,,
AB42_Oligomer03_PVS,-,AB42_Oligomer03_PVS_binding,fta1*AB42_Oligomer03_PVS*C_Antibody_unbound_PVS*V_PVS,,AB42_Oligomer03_PVS,+,(1 - sigma_ISF_ABeta42_oligomer03) * Q_PVS * AB42_Oligomer03 / V_PVS,,,,,,,,,,,,,,
AB42_Oligomer03_PVS,-,AB42_Oligomer03_PVS_clearance,(1 - sigma_PVS_AB42)*Q_PVS*AB42_Oligomer03_PVS,,AB42_Oligomer03_PVS,-,((1 - sigma_PVS_ABeta42) * Q_PVS * AB42_Oligomer03_PVS / V_PVS),,,,,,,,,,,,,,
AB42_Oligomer03_PVS_bound,+,AB42_Oligomer03_PVS_binding,fta1*AB42_Oligomer03_PVS*C_Antibody_unbound_PVS*V_PVS,,AB42_Oligomer03_PVS_bound,+,fta1 * C_Antibody_unbound_PVS * AB42_Oligomer03_PVS,,,,,,,,,,,,,,
AB42_Oligomer03_PVS_bound,-,AB42_Oligomer03_PVS_bound_clearance,(1 - sigma_PVS_AB42_bound)*Q_PVS*AB42_Oligomer03_PVS_bound,,AB42_Oligomer03_PVS_bound,-,((1 - sigma_PVS_ABeta42_bound) * Q_PVS * AB42_Oligomer03_PVS_bound / V_PVS),,,,,,,,,,,,,,
AB42_Oligomer04,+,AB42_Oligomer04_formation,k_O3_O4_fortytwo*AB42_Oligomer03*AB42_Monomer*VIS_brain,,AB42_Oligomer04,+,k_O3_O4_fortytwo * AB42_Monomer * AB42_Oligomer03,,,,,,,,,,,,,,
AB42_Oligomer04,-,AB42_Oligomer04_dissociation,k_O4_O3_fortytwo*AB42_Oligomer04*VIS_brain,,AB42_Oligomer04,-,(k_O4_O3_fortytwo * AB42_Oligomer04),,,,,,,,,,,,,,
AB42_Oligomer04,+,AB42_Oligomer04_plaque_catalyzed_formation,k_O3_O4_fortytwo*AB42_Plaque_Driven_Monomer_Addition_Vmax*AB42_Oligomer03*AB42_Monomer*(AB42_Plaque_unbound/(AB42_Plaque_unbound + AB42_Plaque_Driven_Monomer_Addition_EC50))*VIS_brain,,AB42_Oligomer04,-,(k_O4_O5_fortytwo * AB42_Monomer * AB42_Oligomer04),,,,,,,,,,,,,,
AB42_Oligomer04,-,AB42_Oligomer04_antibody_binding,fta1*AB42_Oligomer04*Ab_t*VIS_brain,,AB42_Oligomer04,+,k_O5_O4_fortytwo * AB42_Oligomer05,,,,,,,,,,,,,,
AB42_Oligomer04,-,AB42_Oligomer04_microglia_clearance,Microglia_Vmax_fortytwo*AB42_Oligomer04*Microglia_cell_count*(Microglia_Hi_Fract*Microglia_CL_high_AB42 + (1 - Microglia_Hi_Fract)*Microglia_CL_low_AB42)*VIS_brain,,AB42_Oligomer04,+,k_O3_O4_fortytwo * AB42_Plaque_Driven_Monomer_Addition_Vmax * AB42_Monomer * AB42_Oligomer03 * (AB42_Plaque_unbound / (AB42_Plaque_unbound + AB42_Plaque_Driven_Monomer_Addition_EC50)),,,,,,,,,,,,,,
AB42_Oligomer04,-,AB42_Oligomer05_formation,k_O4_O5_fortytwo*AB42_Oligomer04*AB42_Monomer*VIS_brain,,AB42_Oligomer04,-,(fta1 * Antibody_unbound_ISF * AB42_Oligomer04),,,,,,,,,,,,,,
AB42_Oligomer04,+,AB42_Oligomer05_dissociation,k_O5_O4_fortytwo*AB42_Oligomer05*VIS_brain,,AB42_Oligomer04,-,(k_O4_O5_fortytwo * AB42_Plaque_Driven_Monomer_Addition_Vmax * AB42_Monomer * AB42_Oligomer04 * (AB42_Plaque_unbound / (AB42_Plaque_unbound + AB42_Plaque_Driven_Monomer_Addition_EC50))),,,,,,,,,,,,,,
AB42_Oligomer04,-,AB42_Oligomer05_plaque_catalyzed_formation,k_O4_O5_fortytwo*AB42_Plaque_Driven_Monomer_Addition_Vmax*AB42_Oligomer04*AB42_Monomer*(AB42_Plaque_unbound/(AB42_Plaque_unbound + AB42_Plaque_Driven_Monomer_Addition_EC50))*VIS_brain,,AB42_Oligomer04,-,(AB42_Oligomer04 * Microglia_cell_count * (Microglia_Hi_Fract * Microglia_CL_high_AB42 + (1 - Microglia_Hi_Fract) * Microglia_CL_low_AB42)),,,,,,,,,,,,,,
AB42_Oligomer04,-,AB42_Oligomer04_to_PVS,(1 - sigma_ISF_ABeta42_oligomer04)*Q_PVS*AB42_Oligomer04,,AB42_Oligomer04,-,((1 - sigma_ISF_ABeta42_oligomer04) * Q_PVS * AB42_Oligomer04 / vol_brain_ISF),,,,,,,,,,,,,,
AB42_Oligomer04_Antibody_bound,+,AB42_Oligomer04_antibody_binding,fta1*AB42_Oligomer04*Ab_t*VIS_brain,,AB42_Oligomer04_Antibody_bound,-,(AB42_Oligomer04_Antibody_bound * Microglia_cell_count * (Microglia_Hi_Fract * Microglia_CL_high_mab + (1 - Microglia_Hi_Fract) * Microglia_CL_low_mAb)),,,,,,,,,,,,,,
AB42_Oligomer04_Antibody_bound,-,AB42_Oligomer04_Antibody_bound_microglia_clearance,Microglia_Vmax_fortytwo*AB42_Oligomer04_Antibody_bound*Microglia_cell_count*(Microglia_Hi_Fract*Microglia_CL_high_mAb + (1 - Microglia_Hi_Fract)*Microglia_CL_low_mAb)*VIS_brain,,AB42_Oligomer04_Antibody_bound,+,fta1 * Antibody_unbound_ISF * AB42_Oligomer04,,,,,,,,,,,,,,
AB42_Oligomer04_PVS,+,AB42_Oligomer04_to_PVS,(1 - sigma_ISF_ABeta42_oligomer04)*Q_PVS*AB42_Oligomer04,,AB42_Oligomer04_PVS,-,(fta1 * C_Antibody_unbound_PVS * AB42_Oligomer04_PVS),,,,,,,,,,,,,,
AB42_Oligomer04_PVS,-,AB42_Oligomer04_PVS_binding,fta1*AB42_Oligomer04_PVS*C_Antibody_unbound_PVS*V_PVS,,AB42_Oligomer04_PVS,+,(1 - sigma_ISF_ABeta42_oligomer04) * Q_PVS * AB42_Oligomer04 / V_PVS,,,,,,,,,,,,,,
AB42_Oligomer04_PVS,-,AB42_Oligomer04_PVS_clearance,(1 - sigma_PVS_AB42)*Q_PVS*AB42_Oligomer04_PVS,,AB42_Oligomer04_PVS,-,((1 - sigma_PVS_ABeta42) * Q_PVS * AB42_Oligomer04_PVS / V_PVS),,,,,,,,,,,,,,
AB42_Oligomer04_PVS_bound,+,AB42_Oligomer04_PVS_binding,fta1*AB42_Oligomer04_PVS*C_Antibody_unbound_PVS*V_PVS,,AB42_Oligomer04_PVS_bound,+,fta1 * C_Antibody_unbound_PVS * AB42_Oligomer04_PVS,,,,,,,,,,,,,,
AB42_Oligomer04_PVS_bound,-,AB42_Oligomer04_PVS_bound_clearance,(1 - sigma_PVS_AB42_bound)*Q_PVS*AB42_Oligomer04_PVS_bound,,AB42_Oligomer04_PVS_bound,-,((1 - sigma_PVS_ABeta42_bound) * Q_PVS * AB42_Oligomer04_PVS_bound / V_PVS),,,,,,,,,,,,,,
AB42_Oligomer05,+,AB42_Oligomer05_formation,k_O4_O5_fortytwo*AB42_Oligomer04*AB42_Monomer*VIS_brain,,AB42_Oligomer05,+,k_O4_O5_fortytwo * AB42_Monomer * AB42_Oligomer04,,,,,,,,,,,,,,
AB42_Oligomer05,-,AB42_Oligomer05_dissociation,k_O5_O4_fortytwo*AB42_Oligomer05*VIS_brain,,AB42_Oligomer05,-,(k_O5_O4_fortytwo * AB42_Oligomer05),,,,,,,,,,,,,,
AB42_Oligomer05,+,AB42_Oligomer05_plaque_catalyzed_formation,k_O4_O5_fortytwo*AB42_Plaque_Driven_Monomer_Addition_Vmax*AB42_Oligomer04*AB42_Monomer*(AB42_Plaque_unbound/(AB42_Plaque_unbound + AB42_Plaque_Driven_Monomer_Addition_EC50))*VIS_brain,,AB42_Oligomer05,-,(k_O5_O6_fortytwo * AB42_Monomer * AB42_Oligomer05),,,,,,,,,,,,,,
AB42_Oligomer05,-,AB42_Oligomer05_antibody_binding,fta1*AB42_Oligomer05*Ab_t*VIS_brain,,AB42_Oligomer05,+,k_O6_O5_fortytwo * AB42_Oligomer06,,,,,,,,,,,,,,
AB42_Oligomer05,-,AB42_Oligomer05_microglia_clearance,Microglia_Vmax_fortytwo*AB42_Oligomer05*Microglia_cell_count*(Microglia_Hi_Fract*Microglia_CL_high_AB42 + (1 - Microglia_Hi_Fract)*Microglia_CL_low_AB42)*VIS_brain,,AB42_Oligomer05,+,k_O4_O5_fortytwo * AB42_Plaque_Driven_Monomer_Addition_Vmax * AB42_Monomer * AB42_Oligomer04 * (AB42_Plaque_unbound / (AB42_Plaque_unbound + AB42_Plaque_Driven_Monomer_Addition_EC50)),,,,,,,,,,,,,,
AB42_Oligomer05,-,AB42_Oligomer06_formation,k_O5_O6_fortytwo*AB42_Oligomer05*AB42_Monomer*VIS_brain,,AB42_Oligomer05,-,(fta1 * Antibody_unbound_ISF * AB42_Oligomer05),,,,,,,,,,,,,,
AB42_Oligomer05,+,AB42_Oligomer06_dissociation,k_O6_O5_fortytwo*AB42_Oligomer06*VIS_brain,,AB42_Oligomer05,-,(k_O5_O6_fortytwo * AB42_Plaque_Driven_Monomer_Addition_Vmax * AB42_Monomer * AB42_Oligomer05 * (AB42_Plaque_unbound / (AB42_Plaque_unbound + AB42_Plaque_Driven_Monomer_Addition_EC50))),,,,,,,,,,,,,,
AB42_Oligomer05,-,AB42_Oligomer06_plaque_catalyzed_formation,k_O5_O6_fortytwo*AB42_Plaque_Driven_Monomer_Addition_Vmax*AB42_Oligomer05*AB42_Monomer*(AB42_Plaque_unbound/(AB42_Plaque_unbound + AB42_Plaque_Driven_Monomer_Addition_EC50))*VIS_brain,,AB42_Oligomer05,-,(AB42_Oligomer05 * Microglia_cell_count * (Microglia_Hi_Fract * Microglia_CL_high_AB42 + (1 - Microglia_Hi_Fract) * Microglia_CL_low_AB42)),,,,,,,,,,,,,,
AB42_Oligomer05,-,AB42_Oligomer05_to_PVS,(1 - sigma_ISF_ABeta42_oligomer05)*Q_PVS*AB42_Oligomer05,,AB42_Oligomer05,-,((1 - sigma_ISF_ABeta42_oligomer05) * Q_PVS * AB42_Oligomer05 / vol_brain_ISF),,,,,,,,,,,,,,
AB42_Oligomer05_Antibody_bound,+,AB42_Oligomer05_antibody_binding,fta1*AB42_Oligomer05*Ab_t*VIS_brain,,AB42_Oligomer05_Antibody_bound,-,(AB42_Oligomer05_Antibody_bound * Microglia_cell_count * (Microglia_Hi_Fract * Microglia_CL_high_mab + (1 - Microglia_Hi_Fract) * Microglia_CL_low_mAb)),,,,,,,,,,,,,,
AB42_Oligomer05_Antibody_bound,-,AB42_Oligomer05_Antibody_bound_microglia_clearance,Microglia_Vmax_fortytwo*AB42_Oligomer05_Antibody_bound*Microglia_cell_count*(Microglia_Hi_Fract*Microglia_CL_high_mAb + (1 - Microglia_Hi_Fract)*Microglia_CL_low_mAb)*VIS_brain,,AB42_Oligomer05_Antibody_bound,+,fta1 * Antibody_unbound_ISF * AB42_Oligomer05,,,,,,,,,,,,,,
AB42_Oligomer05_PVS,+,AB42_Oligomer05_to_PVS,(1 - sigma_ISF_ABeta42_oligomer05)*Q_PVS*AB42_Oligomer05,,AB42_Oligomer05_PVS,-,(fta1 * C_Antibody_unbound_PVS * AB42_Oligomer05_PVS),,,,,,,,,,,,,,
AB42_Oligomer05_PVS,-,AB42_Oligomer05_PVS_binding,fta1*AB42_Oligomer05_PVS*C_Antibody_unbound_PVS*V_PVS,,AB42_Oligomer05_PVS,+,(1 - sigma_ISF_ABeta42_oligomer05) * Q_PVS * AB42_Oligomer05 / V_PVS,,,,,,,,,,,,,,
AB42_Oligomer05_PVS,-,AB42_Oligomer05_PVS_clearance,(1 - sigma_PVS_AB42)*Q_PVS*AB42_Oligomer05_PVS,,AB42_Oligomer05_PVS,-,((1 - sigma_PVS_ABeta42) * Q_PVS * AB42_Oligomer05_PVS / V_PVS),,,,,,,,,,,,,,
AB42_Oligomer05_PVS_bound,+,AB42_Oligomer05_PVS_binding,fta1*AB42_Oligomer05_PVS*C_Antibody_unbound_PVS*V_PVS,,AB42_Oligomer05_PVS_bound,+,fta1 * C_Antibody_unbound_PVS * AB42_Oligomer05_PVS,,,,,,,,,,,,,,
AB42_Oligomer05_PVS_bound,-,AB42_Oligomer05_PVS_bound_clearance,(1 - sigma_PVS_AB42_bound)*Q_PVS*AB42_Oligomer05_PVS_bound,,AB42_Oligomer05_PVS_bound,-,((1 - sigma_PVS_ABeta42_bound) * Q_PVS * AB42_Oligomer05_PVS_bound / V_PVS),,,,,,,,,,,,,,
AB42_Oligomer06,+,AB42_Oligomer06_formation,k_O5_O6_fortytwo*AB42_Oligomer05*AB42_Monomer*VIS_brain,,AB42_Oligomer06,+,k_O5_O6_fortytwo * AB42_Monomer * AB42_Oligomer05,,,,,,,,,,,,,,
AB42_Oligomer06,-,AB42_Oligomer06_dissociation,k_O6_O5_fortytwo*AB42_Oligomer06*VIS_brain,,AB42_Oligomer06,-,(k_O6_O5_fortytwo * AB42_Oligomer06),,,,,,,,,,,,,,
AB42_Oligomer06,+,AB42_Oligomer06_plaque_catalyzed_formation,k_O5_O6_fortytwo*AB42_Plaque_Driven_Monomer_Addition_Vmax*AB42_Oligomer05*AB42_Monomer*(AB42_Plaque_unbound/(AB42_Plaque_unbound + AB42_Plaque_Driven_Monomer_Addition_EC50))*VIS_brain,,AB42_Oligomer06,-,(k_O6_O7_fortytwo * AB42_Monomer * AB42_Oligomer06),,,,,,,,,,,,,,
AB42_Oligomer06,-,AB42_Oligomer06_antibody_binding,fta1*AB42_Oligomer06*Ab_t*VIS_brain,,AB42_Oligomer06,+,k_O7_O6_fortytwo * AB42_Oligomer07,,,,,,,,,,,,,,
AB42_Oligomer06,-,AB42_Oligomer06_microglia_clearance,Microglia_Vmax_fortytwo*AB42_Oligomer06*Microglia_cell_count*(Microglia_Hi_Fract*Microglia_CL_high_AB42 + (1 - Microglia_Hi_Fract)*Microglia_CL_low_AB42)*VIS_brain,,AB42_Oligomer06,+,k_O5_O6_fortytwo * AB42_Plaque_Driven_Monomer_Addition_Vmax * AB42_Monomer * AB42_Oligomer05 * (AB42_Plaque_unbound / (AB42_Plaque_unbound + AB42_Plaque_Driven_Monomer_Addition_EC50)),,,,,,,,,,,,,,
AB42_Oligomer06,-,AB42_Oligomer07_formation,k_O6_O7_fortytwo*AB42_Oligomer06*AB42_Monomer*VIS_brain,,AB42_Oligomer06,-,(fta1 * Antibody_unbound_ISF * AB42_Oligomer06),,,,,,,,,,,,,,
AB42_Oligomer06,+,AB42_Oligomer07_dissociation,k_O7_O6_fortytwo*AB42_Oligomer07*VIS_brain,,AB42_Oligomer06,-,(k_O6_O7_fortytwo * AB42_Plaque_Driven_Monomer_Addition_Vmax * AB42_Monomer * AB42_Oligomer06 * (AB42_Plaque_unbound / (AB42_Plaque_unbound + AB42_Plaque_Driven_Monomer_Addition_EC50))),,,,,,,,,,,,,,
AB42_Oligomer06,-,AB42_Oligomer07_plaque_catalyzed_formation,k_O6_O7_fortytwo*AB42_Plaque_Driven_Monomer_Addition_Vmax*AB42_Oligomer06*AB42_Monomer*(AB42_Plaque_unbound/(AB42_Plaque_unbound + AB42_Plaque_Driven_Monomer_Addition_EC50))*VIS_brain,,AB42_Oligomer06,-,(AB42_Oligomer06 * Microglia_cell_count * (Microglia_Hi_Fract * Microglia_CL_high_AB42 + (1 - Microglia_Hi_Fract) * Microglia_CL_low_AB42)),,,,,,,,,,,,,,
AB42_Oligomer06,-,AB42_Oligomer06_to_PVS,(1 - sigma_ISF_ABeta42_oligomer06)*Q_PVS*AB42_Oligomer06,,AB42_Oligomer06,-,((1 - sigma_ISF_ABeta42_oligomer06) * Q_PVS * AB42_Oligomer06 / vol_brain_ISF),,,,,,,,,,,,,,
AB42_Oligomer06_Antibody_bound,+,AB42_Oligomer06_antibody_binding,fta1*AB42_Oligomer06*Ab_t*VIS_brain,,AB42_Oligomer06_Antibody_bound,-,(AB42_Oligomer06_Antibody_bound * Microglia_cell_count * (Microglia_Hi_Fract * Microglia_CL_high_mab + (1 - Microglia_Hi_Fract) * Microglia_CL_low_mAb)),,,,,,,,,,,,,,
AB42_Oligomer06_Antibody_bound,-,AB42_Oligomer06_Antibody_bound_microglia_clearance,Microglia_Vmax_fortytwo*AB42_Oligomer06_Antibody_bound*Microglia_cell_count*(Microglia_Hi_Fract*Microglia_CL_high_mAb + (1 - Microglia_Hi_Fract)*Microglia_CL_low_mAb)*VIS_brain,,AB42_Oligomer06_Antibody_bound,+,fta1 * Antibody_unbound_ISF * AB42_Oligomer06,,,,,,,,,,,,,,
AB42_Oligomer06_PVS,+,AB42_Oligomer06_to_PVS,(1 - sigma_ISF_ABeta42_oligomer06)*Q_PVS*AB42_Oligomer06,,AB42_Oligomer06_PVS,-,(fta1 * C_Antibody_unbound_PVS * AB42_Oligomer06_PVS),,,,,,,,,,,,,,
AB42_Oligomer06_PVS,-,AB42_Oligomer06_PVS_binding,fta1*AB42_Oligomer06_PVS*C_Antibody_unbound_PVS*V_PVS,,AB42_Oligomer06_PVS,+,(1 - sigma_ISF_ABeta42_oligomer06) * Q_PVS * AB42_Oligomer06 / V_PVS,,,,,,,,,,,,,,
AB42_Oligomer06_PVS,-,AB42_Oligomer06_PVS_clearance,(1 - sigma_PVS_AB42)*Q_PVS*AB42_Oligomer06_PVS,,AB42_Oligomer06_PVS,-,((1 - sigma_PVS_ABeta42) * Q_PVS * AB42_Oligomer06_PVS / V_PVS),,,,,,,,,,,,,,
AB42_Oligomer06_PVS_bound,+,AB42_Oligomer06_PVS_binding,fta1*AB42_Oligomer06_PVS*C_Antibody_unbound_PVS*V_PVS,,AB42_Oligomer06_PVS_bound,+,fta1 * C_Antibody_unbound_PVS * AB42_Oligomer06_PVS,,,,,,,,,,,,,,
AB42_Oligomer06_PVS_bound,-,AB42_Oligomer06_PVS_bound_clearance,(1 - sigma_PVS_AB42_bound)*Q_PVS*AB42_Oligomer06_PVS_bound,,AB42_Oligomer06_PVS_bound,-,((1 - sigma_PVS_ABeta42_bound) * Q_PVS * AB42_Oligomer06_PVS_bound / V_PVS),,,,,,,,,,,,,,
AB42_Oligomer07,+,AB42_Oligomer07_formation,k_O6_O7_fortytwo*AB42_Oligomer06*AB42_Monomer*VIS_brain,,AB42_Oligomer07,+,k_O6_O7_fortytwo * AB42_Monomer * AB42_Oligomer06,,,,,,,,,,,,,,
AB42_Oligomer07,-,AB42_Oligomer07_dissociation,k_O7_O6_fortytwo*AB42_Oligomer07*VIS_brain,,AB42_Oligomer07,-,(k_O7_O6_fortytwo * AB42_Oligomer07),,,,,,,,,,,,,,
AB42_Oligomer07,+,AB42_Oligomer07_plaque_catalyzed_formation,k_O6_O7_fortytwo*AB42_Plaque_Driven_Monomer_Addition_Vmax*AB42_Oligomer06*AB42_Monomer*(AB42_Plaque_unbound/(AB42_Plaque_unbound + AB42_Plaque_Driven_Monomer_Addition_EC50))*VIS_brain,,AB42_Oligomer07,-,(k_O7_O8_fortytwo * AB42_Monomer * AB42_Oligomer07),,,,,,,,,,,,,,
AB42_Oligomer07,-,AB42_Oligomer07_antibody_binding,fta1*AB42_Oligomer07*Ab_t*VIS_brain,,AB42_Oligomer07,+,k_O8_O7_fortytwo * AB42_Oligomer08,,,,,,,,,,,,,,
AB42_Oligomer07,-,AB42_Oligomer07_microglia_clearance,Microglia_Vmax_fortytwo*AB42_Oligomer07*Microglia_cell_count*(Microglia_Hi_Fract*Microglia_CL_high_AB42 + (1 - Microglia_Hi_Fract)*Microglia_CL_low_AB42)*VIS_brain,,AB42_Oligomer07,+,k_O6_O7_fortytwo * AB42_Plaque_Driven_Monomer_Addition_Vmax * AB42_Monomer * AB42_Oligomer06 * (AB42_Plaque_unbound / (AB42_Plaque_unbound + AB42_Plaque_Driven_Monomer_Addition_EC50)),,,,,,,,,,,,,,
AB42_Oligomer07,-,AB42_Oligomer08_formation,k_O7_O8_fortytwo*AB42_Oligomer07*AB42_Monomer*VIS_brain,,AB42_Oligomer07,-,(fta1 * Antibody_unbound_ISF * AB42_Oligomer07),,,,,,,,,,,,,,
AB42_Oligomer07,+,AB42_Oligomer08_dissociation,k_O8_O7_fortytwo*AB42_Oligomer08*VIS_brain,,AB42_Oligomer07,-,(k_O7_O8_fortytwo * AB42_Plaque_Driven_Monomer_Addition_Vmax * AB42_Monomer * AB42_Oligomer07 * (AB42_Plaque_unbound / (AB42_Plaque_unbound + AB42_Plaque_Driven_Monomer_Addition_EC50))),,,,,,,,,,,,,,
AB42_Oligomer07,-,AB42_Oligomer08_plaque_catalyzed_formation,k_O7_O8_fortytwo*AB42_Plaque_Driven_Monomer_Addition_Vmax*AB42_Oligomer07*AB42_Monomer*(AB42_Plaque_unbound/(AB42_Plaque_unbound + AB42_Plaque_Driven_Monomer_Addition_EC50))*VIS_brain,,AB42_Oligomer07,-,(AB42_Oligomer07 * Microglia_cell_count * (Microglia_Hi_Fract * Microglia_CL_high_AB42 + (1 - Microglia_Hi_Fract) * Microglia_CL_low_AB42)),,,,,,,,,,,,,,
AB42_Oligomer07,-,AB42_Oligomer07_to_PVS,(1 - sigma_ISF_ABeta42_oligomer07)*Q_PVS*AB42_Oligomer07,,AB42_Oligomer07,-,((1 - sigma_ISF_ABeta42_oligomer07) * Q_PVS * AB42_Oligomer07 / vol_brain_ISF),,,,,,,,,,,,,,
AB42_Oligomer07_Antibody_bound,+,AB42_Oligomer07_antibody_binding,fta1*AB42_Oligomer07*Ab_t*VIS_brain,,AB42_Oligomer07_Antibody_bound,-,(AB42_Oligomer07_Antibody_bound * Microglia_cell_count * (Microglia_Hi_Fract * Microglia_CL_high_mab + (1 - Microglia_Hi_Fract) * Microglia_CL_low_mAb)),,,,,,,,,,,,,,
AB42_Oligomer07_Antibody_bound,-,AB42_Oligomer07_Antibody_bound_microglia_clearance,Microglia_Vmax_fortytwo*AB42_Oligomer07_Antibody_bound*Microglia_cell_count*(Microglia_Hi_Fract*Microglia_CL_high_mAb + (1 - Microglia_Hi_Fract)*Microglia_CL_low_mAb)*VIS_brain,,AB42_Oligomer07_Antibody_bound,+,fta1 * Antibody_unbound_ISF * AB42_Oligomer07,,,,,,,,,,,,,,
AB42_Oligomer07_PVS,+,AB42_Oligomer07_to_PVS,(1 - sigma_ISF_ABeta42_oligomer07)*Q_PVS*AB42_Oligomer07,,AB42_Oligomer07_PVS,-,(fta1 * C_Antibody_unbound_PVS * AB42_Oligomer07_PVS),,,,,,,,,,,,,,
AB42_Oligomer07_PVS,-,AB42_Oligomer07_PVS_binding,fta1*AB42_Oligomer07_PVS*C_Antibody_unbound_PVS*V_PVS,,AB42_Oligomer07_PVS,+,(1 - sigma_ISF_ABeta42_oligomer07) * Q_PVS * AB42_Oligomer07 / V_PVS,,,,,,,,,,,,,,
AB42_Oligomer07_PVS,-,AB42_Oligomer07_PVS_clearance,(1 - sigma_PVS_AB42)*Q_PVS*AB42_Oligomer07_PVS,,AB42_Oligomer07_PVS,-,((1 - sigma_PVS_ABeta42) * Q_PVS * AB42_Oligomer07_PVS / V_PVS),,,,,,,,,,,,,,
AB42_Oligomer07_PVS_bound,+,AB42_Oligomer07_PVS_binding,fta1*AB42_Oligomer07_PVS*C_Antibody_unbound_PVS*V_PVS,,AB42_Oligomer07_PVS_bound,+,fta1 * C_Antibody_unbound_PVS * AB42_Oligomer07_PVS,,,,,,,,,,,,,,
AB42_Oligomer07_PVS_bound,-,AB42_Oligomer07_PVS_bound_clearance,(1 - sigma_PVS_AB42_bound)*Q_PVS*AB42_Oligomer07_PVS_bound,,AB42_Oligomer07_PVS_bound,-,((1 - sigma_PVS_ABeta42_bound) * Q_PVS * AB42_Oligomer07_PVS_bound / V_PVS),,,,,,,,,,,,,,
AB42_Oligomer08,+,AB42_Oligomer08_formation,k_O7_O8_fortytwo*AB42_Oligomer07*AB42_Monomer*VIS_brain,,AB42_Oligomer08,+,k_O7_O8_fortytwo * AB42_Monomer * AB42_Oligomer07,,,,,,,,,,,,,,
AB42_Oligomer08,-,AB42_Oligomer08_dissociation,k_O8_O7_fortytwo*AB42_Oligomer08*VIS_brain,,AB42_Oligomer08,-,(k_O8_O7_fortytwo * AB42_Oligomer08),,,,,,,,,,,,,,
AB42_Oligomer08,+,AB42_Oligomer08_plaque_catalyzed_formation,k_O7_O8_fortytwo*AB42_Plaque_Driven_Monomer_Addition_Vmax*AB42_Oligomer07*AB42_Monomer*(AB42_Plaque_unbound/(AB42_Plaque_unbound + AB42_Plaque_Driven_Monomer_Addition_EC50))*VIS_brain,,AB42_Oligomer08,-,(k_O8_O9_fortytwo * AB42_Monomer * AB42_Oligomer08),,,,,,,,,,,,,,
AB42_Oligomer08,-,AB42_Oligomer08_antibody_binding,fta1*AB42_Oligomer08*Ab_t*VIS_brain,,AB42_Oligomer08,+,k_O9_O8_fortytwo * AB42_Oligomer09,,,,,,,,,,,,,,
AB42_Oligomer08,-,AB42_Oligomer08_microglia_clearance,Microglia_Vmax_fortytwo*AB42_Oligomer08*Microglia_cell_count*(Microglia_Hi_Fract*Microglia_CL_high_AB42 + (1 - Microglia_Hi_Fract)*Microglia_CL_low_AB42)*VIS_brain,,AB42_Oligomer08,+,k_O7_O8_fortytwo * AB42_Plaque_Driven_Monomer_Addition_Vmax * AB42_Monomer * AB42_Oligomer07 * (AB42_Plaque_unbound / (AB42_Plaque_unbound + AB42_Plaque_Driven_Monomer_Addition_EC50)),,,,,,,,,,,,,,
AB42_Oligomer08,-,AB42_Oligomer09_formation,k_O8_O9_fortytwo*AB42_Oligomer08*AB42_Monomer*VIS_brain,,AB42_Oligomer08,-,(fta1 * Antibody_unbound_ISF * AB42_Oligomer08),,,,,,,,,,,,,,
AB42_Oligomer08,+,AB42_Oligomer09_dissociation,k_O9_O8_fortytwo*AB42_Oligomer09*VIS_brain,,AB42_Oligomer08,-,(k_O8_O9_fortytwo * AB42_Plaque_Driven_Monomer_Addition_Vmax * AB42_Monomer * AB42_Oligomer08 * (AB42_Plaque_unbound / (AB42_Plaque_unbound + AB42_Plaque_Driven_Monomer_Addition_EC50))),,,,,,,,,,,,,,
AB42_Oligomer08,-,AB42_Oligomer09_plaque_catalyzed_formation,k_O8_O9_fortytwo*AB42_Plaque_Driven_Monomer_Addition_Vmax*AB42_Oligomer08*AB42_Monomer*(AB42_Plaque_unbound/(AB42_Plaque_unbound + AB42_Plaque_Driven_Monomer_Addition_EC50))*VIS_brain,,AB42_Oligomer08,-,(AB42_Oligomer08 * Microglia_cell_count * (Microglia_Hi_Fract * Microglia_CL_high_AB42 + (1 - Microglia_Hi_Fract) * Microglia_CL_low_AB42)),,,,,,,,,,,,,,
AB42_Oligomer08,-,AB42_Oligomer08_to_PVS,(1 - sigma_ISF_ABeta42_oligomer08)*Q_PVS*AB42_Oligomer08,,AB42_Oligomer08,-,((1 - sigma_ISF_ABeta42_oligomer08) * Q_PVS * AB42_Oligomer08 / vol_brain_ISF),,,,,,,,,,,,,,
AB42_Oligomer08_Antibody_bound,+,AB42_Oligomer08_antibody_binding,fta1*AB42_Oligomer08*Ab_t*VIS_brain,,AB42_Oligomer08_Antibody_bound,-,(AB42_Oligomer08_Antibody_bound * Microglia_cell_count * (Microglia_Hi_Fract * Microglia_CL_high_mab + (1 - Microglia_Hi_Fract) * Microglia_CL_low_mAb)),,,,,,,,,,,,,,
AB42_Oligomer08_Antibody_bound,-,AB42_Oligomer08_Antibody_bound_microglia_clearance,Microglia_Vmax_fortytwo*AB42_Oligomer08_Antibody_bound*Microglia_cell_count*(Microglia_Hi_Fract*Microglia_CL_high_mAb + (1 - Microglia_Hi_Fract)*Microglia_CL_low_mAb)*VIS_brain,,AB42_Oligomer08_Antibody_bound,+,fta1 * Antibody_unbound_ISF * AB42_Oligomer08,,,,,,,,,,,,,,
AB42_Oligomer08_PVS,+,AB42_Oligomer08_to_PVS,(1 - sigma_ISF_ABeta42_oligomer08)*Q_PVS*AB42_Oligomer08,,AB42_Oligomer08_PVS,-,(fta1 * C_Antibody_unbound_PVS * AB42_Oligomer08_PVS),,,,,,,,,,,,,,
AB42_Oligomer08_PVS,-,AB42_Oligomer08_PVS_binding,fta1*AB42_Oligomer08_PVS*C_Antibody_unbound_PVS*V_PVS,,AB42_Oligomer08_PVS,+,(1 - sigma_ISF_ABeta42_oligomer08) * Q_PVS * AB42_Oligomer08 / V_PVS,,,,,,,,,,,,,,
AB42_Oligomer08_PVS,-,AB42_Oligomer08_PVS_clearance,(1 - sigma_PVS_AB42)*Q_PVS*AB42_Oligomer08_PVS,,AB42_Oligomer08_PVS,-,((1 - sigma_PVS_ABeta42) * Q_PVS * AB42_Oligomer08_PVS / V_PVS),,,,,,,,,,,,,,
AB42_Oligomer08_PVS_bound,+,AB42_Oligomer08_PVS_binding,fta1*AB42_Oligomer08_PVS*C_Antibody_unbound_PVS*V_PVS,,AB42_Oligomer08_PVS_bound,+,fta1 * C_Antibody_unbound_PVS * AB42_Oligomer08_PVS,,,,,,,,,,,,,,
AB42_Oligomer08_PVS_bound,-,AB42_Oligomer08_PVS_bound_clearance,(1 - sigma_PVS_AB42_bound)*Q_PVS*AB42_Oligomer08_PVS_bound,,AB42_Oligomer08_PVS_bound,-,((1 - sigma_PVS_ABeta42_bound) * Q_PVS * AB42_Oligomer08_PVS_bound / V_PVS),,,,,,,,,,,,,,
AB42_Oligomer09,+,AB42_Oligomer09_formation,k_O8_O9_fortytwo*AB42_Oligomer08*AB42_Monomer*VIS_brain,,AB42_Oligomer09,+,k_O8_O9_fortytwo * AB42_Monomer * AB42_Oligomer08,,,,,,,,,,,,,,
AB42_Oligomer09,-,AB42_Oligomer09_dissociation,k_O9_O8_fortytwo*AB42_Oligomer09*VIS_brain,,AB42_Oligomer09,-,(k_O9_O8_fortytwo * AB42_Oligomer09),,,,,,,,,,,,,,
AB42_Oligomer09,+,AB42_Oligomer09_plaque_catalyzed_formation,k_O8_O9_fortytwo*AB42_Plaque_Driven_Monomer_Addition_Vmax*AB42_Oligomer08*AB42_Monomer*(AB42_Plaque_unbound/(AB42_Plaque_unbound + AB42_Plaque_Driven_Monomer_Addition_EC50))*VIS_brain,,AB42_Oligomer09,-,(k_O9_O10_fortytwo * AB42_Monomer * AB42_Oligomer09),,,,,,,,,,,,,,
AB42_Oligomer09,-,AB42_Oligomer09_antibody_binding,fta1*AB42_Oligomer09*Ab_t*VIS_brain,,AB42_Oligomer09,+,k_O10_O9_fortytwo * AB42_Oligomer10,,,,,,,,,,,,,,
AB42_Oligomer09,-,AB42_Oligomer09_microglia_clearance,Microglia_Vmax_fortytwo*AB42_Oligomer09*Microglia_cell_count*(Microglia_Hi_Fract*Microglia_CL_high_AB42 + (1 - Microglia_Hi_Fract)*Microglia_CL_low_AB42)*VIS_brain,,AB42_Oligomer09,+,k_O8_O9_fortytwo * AB42_Plaque_Driven_Monomer_Addition_Vmax * AB42_Monomer * AB42_Oligomer08 * (AB42_Plaque_unbound / (AB42_Plaque_unbound + AB42_Plaque_Driven_Monomer_Addition_EC50)),,,,,,,,,,,,,,
AB42_Oligomer09,-,AB42_Oligomer10_formation,k_O9_O10_fortytwo*AB42_Oligomer09*AB42_Monomer*VIS_brain,,AB42_Oligomer09,-,(fta1 * Antibody_unbound_ISF * AB42_Oligomer09),,,,,,,,,,,,,,
AB42_Oligomer09,+,AB42_Oligomer10_dissociation,k_O10_O9_fortytwo*AB42_Oligomer10*VIS_brain,,AB42_Oligomer09,-,(k_O9_O10_fortytwo * AB42_Plaque_Driven_Monomer_Addition_Vmax * AB42_Monomer * AB42_Oligomer09 * (AB42_Plaque_unbound / (AB42_Plaque_unbound + AB42_Plaque_Driven_Monomer_Addition_EC50))),,,,,,,,,,,,,,
AB42_Oligomer09,-,AB42_Oligomer10_plaque_catalyzed_formation,k_O9_O10_fortytwo*AB42_Plaque_Driven_Monomer_Addition_Vmax*AB42_Oligomer09*AB42_Monomer*(AB42_Plaque_unbound/(AB42_Plaque_unbound + AB42_Plaque_Driven_Monomer_Addition_EC50))*VIS_brain,,AB42_Oligomer09,-,(AB42_Oligomer09 * Microglia_cell_count * (Microglia_Hi_Fract * Microglia_CL_high_AB42 + (1 - Microglia_Hi_Fract) * Microglia_CL_low_AB42)),,,,,,,,,,,,,,
AB42_Oligomer09,-,AB42_Oligomer09_to_PVS,(1 - sigma_ISF_ABeta42_oligomer09)*Q_PVS*AB42_Oligomer09,,AB42_Oligomer09,-,((1 - sigma_ISF_ABeta42_oligomer09) * Q_PVS * AB42_Oligomer09 / vol_brain_ISF),,,,,,,,,,,,,,
AB42_Oligomer09_Antibody_bound,+,AB42_Oligomer09_antibody_binding,fta1*AB42_Oligomer09*Ab_t*VIS_brain,,AB42_Oligomer09_Antibody_bound,-,(AB42_Oligomer09_Antibody_bound * Microglia_cell_count * (Microglia_Hi_Fract * Microglia_CL_high_mab + (1 - Microglia_Hi_Fract) * Microglia_CL_low_mAb)),,,,,,,,,,,,,,
AB42_Oligomer09_Antibody_bound,-,AB42_Oligomer09_Antibody_bound_microglia_clearance,Microglia_Vmax_fortytwo*AB42_Oligomer09_Antibody_bound*Microglia_cell_count*(Microglia_Hi_Fract*Microglia_CL_high_mAb + (1 - Microglia_Hi_Fract)*Microglia_CL_low_mAb)*VIS_brain,,AB42_Oligomer09_Antibody_bound,+,fta1 * Antibody_unbound_ISF * AB42_Oligomer09,,,,,,,,,,,,,,
AB42_Oligomer09_PVS,+,AB42_Oligomer09_to_PVS,(1 - sigma_ISF_ABeta42_oligomer09)*Q_PVS*AB42_Oligomer09,,AB42_Oligomer09_PVS,-,(fta1 * C_Antibody_unbound_PVS * AB42_Oligomer09_PVS),,,,,,,,,,,,,,
AB42_Oligomer09_PVS,-,AB42_Oligomer09_PVS_binding,fta1*AB42_Oligomer09_PVS*C_Antibody_unbound_PVS*V_PVS,,AB42_Oligomer09_PVS,+,(1 - sigma_ISF_ABeta42_oligomer09) * Q_PVS * AB42_Oligomer09 / V_PVS,,,,,,,,,,,,,,
AB42_Oligomer09_PVS,-,AB42_Oligomer09_PVS_clearance,(1 - sigma_PVS_AB42)*Q_PVS*AB42_Oligomer09_PVS,,AB42_Oligomer09_PVS,-,((1 - sigma_PVS_ABeta42) * Q_PVS * AB42_Oligomer09_PVS / V_PVS),,,,,,,,,,,,,,
AB42_Oligomer09_PVS_bound,+,AB42_Oligomer09_PVS_binding,fta1*AB42_Oligomer09_PVS*C_Antibody_unbound_PVS*V_PVS,,AB42_Oligomer09_PVS_bound,+,fta1 * C_Antibody_unbound_PVS * AB42_Oligomer09_PVS,,,,,,,,,,,,,,
AB42_Oligomer09_PVS_bound,-,AB42_Oligomer09_PVS_bound_clearance,(1 - sigma_PVS_AB42_bound)*Q_PVS*AB42_Oligomer09_PVS_bound,,AB42_Oligomer09_PVS_bound,-,((1 - sigma_PVS_ABeta42_bound) * Q_PVS * AB42_Oligomer09_PVS_bound / V_PVS),,,,,,,,,,,,,,
AB42_Oligomer10,+,AB42_Oligomer10_formation,k_O9_O10_fortytwo*AB42_Oligomer09*AB42_Monomer*VIS_brain,,AB42_Oligomer10,+,k_O9_O10_fortytwo * AB42_Monomer * AB42_Oligomer09,,,,,,,,,,,,,,
AB42_Oligomer10,-,AB42_Oligomer10_dissociation,k_O10_O9_fortytwo*AB42_Oligomer10*VIS_brain,,AB42_Oligomer10,-,(k_O10_O9_fortytwo * AB42_Oligomer10),,,,,,,,,,,,,,
AB42_Oligomer10,+,AB42_Oligomer10_plaque_catalyzed_formation,k_O9_O10_fortytwo*AB42_Plaque_Driven_Monomer_Addition_Vmax*AB42_Oligomer09*AB42_Monomer*(AB42_Plaque_unbound/(AB42_Plaque_unbound + AB42_Plaque_Driven_Monomer_Addition_EC50))*VIS_brain,,AB42_Oligomer10,-,(k_O10_O11_fortytwo * AB42_Monomer * AB42_Oligomer10),,,,,,,,,,,,,,
AB42_Oligomer10,-,AB42_Oligomer10_antibody_binding,fta1*AB42_Oligomer10*Ab_t*VIS_brain,,AB42_Oligomer10,+,k_O11_O10_fortytwo * AB42_Oligomer11,,,,,,,,,,,,,,
AB42_Oligomer10,-,AB42_Oligomer10_microglia_clearance,Microglia_Vmax_fortytwo*AB42_Oligomer10*Microglia_cell_count*(Microglia_Hi_Fract*Microglia_CL_high_AB42 + (1 - Microglia_Hi_Fract)*Microglia_CL_low_AB42)*VIS_brain,,AB42_Oligomer10,+,k_O9_O10_fortytwo * AB42_Plaque_Driven_Monomer_Addition_Vmax * AB42_Monomer * AB42_Oligomer09 * (AB42_Plaque_unbound / (AB42_Plaque_unbound + AB42_Plaque_Driven_Monomer_Addition_EC50)),,,,,,,,,,,,,,
AB42_Oligomer10,-,AB42_Oligomer11_formation,k_O10_O11_fortytwo*AB42_Oligomer10*AB42_Monomer*VIS_brain,,AB42_Oligomer10,-,(fta1 * Antibody_unbound_ISF * AB42_Oligomer10),,,,,,,,,,,,,,
AB42_Oligomer10,+,AB42_Oligomer11_dissociation,k_O11_O10_fortytwo*AB42_Oligomer11*VIS_brain,,AB42_Oligomer10,-,(AB42_Oligomer10 * Microglia_cell_count * (Microglia_Hi_Fract * Microglia_CL_high_AB42 + (1 - Microglia_Hi_Fract) * Microglia_CL_low_AB42)),,,,,,,,,,,,,,
AB42_Oligomer10,-,AB42_Oligomer11_plaque_catalyzed_formation,k_O10_O11_fortytwo*AB42_Plaque_Driven_Monomer_Addition_Vmax*AB42_Oligomer10*AB42_Monomer*(AB42_Plaque_unbound/(AB42_Plaque_unbound + AB42_Plaque_Driven_Monomer_Addition_EC50))*VIS_brain,,AB42_Oligomer10,-,(k_O10_O11_fortytwo * AB42_Plaque_Driven_Monomer_Addition_Vmax * AB42_Monomer * AB42_Oligomer10 * (AB42_Plaque_unbound / (AB42_Plaque_unbound + AB42_Plaque_Driven_Monomer_Addition_EC50))),,,,,,,,,,,,,,
AB42_Oligomer10,-,AB42_Oligomer10_to_PVS,(1 - sigma_ISF_ABeta42_oligomer10)*Q_PVS*AB42_Oligomer10,,AB42_Oligomer10,-,((1 - sigma_ISF_ABeta42_oligomer010) * Q_PVS * AB42_Oligomer10 / vol_brain_ISF),,,,,,,,,,,,,,
AB42_Oligomer10_Antibody_bound,+,AB42_Oligomer10_antibody_binding,fta1*AB42_Oligomer10*Ab_t*VIS_brain,,AB42_Oligomer10_Antibody_bound,-,(AB42_Oligomer10_Antibody_bound * Microglia_cell_count * (Microglia_Hi_Fract * Microglia_CL_high_mab + (1 - Microglia_Hi_Fract) * Microglia_CL_low_mAb)),,,,,,,,,,,,,,
AB42_Oligomer10_Antibody_bound,-,AB42_Oligomer10_Antibody_bound_microglia_clearance,Microglia_Vmax_fortytwo*AB42_Oligomer10_Antibody_bound*Microglia_cell_count*(Microglia_Hi_Fract*Microglia_CL_high_mAb + (1 - Microglia_Hi_Fract)*Microglia_CL_low_mAb)*VIS_brain,,AB42_Oligomer10_Antibody_bound,+,fta1 * Antibody_unbound_ISF * AB42_Oligomer10,,,,,,,,,,,,,,
AB42_Oligomer10_PVS,+,AB42_Oligomer10_to_PVS,(1 - sigma_ISF_ABeta42_oligomer10)*Q_PVS*AB42_Oligomer10,,AB42_Oligomer10_PVS,-,(fta1 * C_Antibody_unbound_PVS * AB42_Oligomer10_PVS),,,,,,,,,,,,,,
AB42_Oligomer10_PVS,-,AB42_Oligomer10_PVS_binding,fta1*AB42_Oligomer10_PVS*C_Antibody_unbound_PVS*V_PVS,,AB42_Oligomer10_PVS,+,(1 - sigma_ISF_ABeta42_oligomer010) * Q_PVS * AB42_Oligomer10 / V_PVS,,,,,,,,,,,,,,
AB42_Oligomer10_PVS,-,AB42_Oligomer10_PVS_clearance,(1 - sigma_PVS_AB42)*Q_PVS*AB42_Oligomer10_PVS,,AB42_Oligomer10_PVS,-,((1 - sigma_PVS_ABeta42) * Q_PVS * AB42_Oligomer10_PVS / V_PVS),,,,,,,,,,,,,,
AB42_Oligomer10_PVS_bound,+,AB42_Oligomer10_PVS_binding,fta1*AB42_Oligomer10_PVS*C_Antibody_unbound_PVS*V_PVS,,AB42_Oligomer10_PVS_bound,+,fta1 * C_Antibody_unbound_PVS * AB42_Oligomer10_PVS,,,,,,,,,,,,,,
AB42_Oligomer10_PVS_bound,-,AB42_Oligomer10_PVS_bound_clearance,(1 - sigma_PVS_AB42_bound)*Q_PVS*AB42_Oligomer10_PVS_bound,,AB42_Oligomer10_PVS_bound,-,((1 - sigma_PVS_ABeta42_bound) * Q_PVS * AB42_Oligomer10_PVS_bound / V_PVS),,,,,,,,,,,,,,
AB42_Oligomer11,+,AB42_Oligomer11_formation,k_O10_O11_fortytwo*AB42_Oligomer10*AB42_Monomer*VIS_brain,,AB42_Oligomer11,+,k_O10_O11_fortytwo * AB42_Monomer * AB42_Oligomer10,,,,,,,,,,,,,,
AB42_Oligomer11,-,AB42_Oligomer11_dissociation,k_O11_O10_fortytwo*AB42_Oligomer11*VIS_brain,,AB42_Oligomer11,-,(k_O11_O10_fortytwo * AB42_Oligomer11),,,,,,,,,,,,,,
AB42_Oligomer11,+,AB42_Oligomer11_plaque_catalyzed_formation,k_O10_O11_fortytwo*AB42_Plaque_Driven_Monomer_Addition_Vmax*AB42_Oligomer10*AB42_Monomer*(AB42_Plaque_unbound/(AB42_Plaque_unbound + AB42_Plaque_Driven_Monomer_Addition_EC50))*VIS_brain,,AB42_Oligomer11,-,(k_O11_O12_fortytwo * AB42_Monomer * AB42_Oligomer11),,,,,,,,,,,,,,
AB42_Oligomer11,-,AB42_Oligomer11_antibody_binding,fta1*AB42_Oligomer11*Ab_t*VIS_brain,,AB42_Oligomer11,+,k_O12_O11_fortytwo * AB42_Oligomer12,,,,,,,,,,,,,,
AB42_Oligomer11,-,AB42_Oligomer11_microglia_clearance,Microglia_Vmax_fortytwo*AB42_Oligomer11*Microglia_cell_count*(Microglia_Hi_Fract*Microglia_CL_high_AB42 + (1 - Microglia_Hi_Fract)*Microglia_CL_low_AB42)*VIS_brain,,AB42_Oligomer11,+,k_O10_O11_fortytwo * AB42_Plaque_Driven_Monomer_Addition_Vmax * AB42_Monomer * AB42_Oligomer10 * (AB42_Plaque_unbound / (AB42_Plaque_unbound + AB42_Plaque_Driven_Monomer_Addition_EC50)),,,,,,,,,,,,,,
AB42_Oligomer11,-,AB42_Oligomer12_formation,k_O11_O12_fortytwo*AB42_Oligomer11*AB42_Monomer*VIS_brain,,AB42_Oligomer11,-,(fta1 * Antibody_unbound_ISF * AB42_Oligomer11),,,,,,,,,,,,,,
AB42_Oligomer11,+,AB42_Oligomer12_dissociation,k_O12_O11_fortytwo*AB42_Oligomer12*VIS_brain,,AB42_Oligomer11,-,(AB42_Oligomer11 * Microglia_cell_count * (Microglia_Hi_Fract * Microglia_CL_high_AB42 + (1 - Microglia_Hi_Fract) * Microglia_CL_low_AB42)),,,,,,,,,,,,,,
AB42_Oligomer11,-,AB42_Oligomer12_plaque_catalyzed_formation,k_O11_O12_fortytwo*AB42_Plaque_Driven_Monomer_Addition_Vmax*AB42_Oligomer11*AB42_Monomer*(AB42_Plaque_unbound/(AB42_Plaque_unbound + AB42_Plaque_Driven_Monomer_Addition_EC50))*VIS_brain,,AB42_Oligomer11,-,(k_O11_O12_fortytwo * AB42_Plaque_Driven_Monomer_Addition_Vmax * AB42_Monomer * AB42_Oligomer11 * (AB42_Plaque_unbound / (AB42_Plaque_unbound + AB42_Plaque_Driven_Monomer_Addition_EC50))),,,,,,,,,,,,,,
AB42_Oligomer11,-,AB42_Oligomer11_to_PVS,(1 - sigma_ISF_ABeta42_oligomer11)*Q_PVS*AB42_Oligomer11,,AB42_Oligomer11,-,((1 - sigma_ISF_ABeta42_oligomer011) * Q_PVS * AB42_Oligomer11 / vol_brain_ISF),,,,,,,,,,,,,,
AB42_Oligomer11_Antibody_bound,+,AB42_Oligomer11_antibody_binding,fta1*AB42_Oligomer11*Ab_t*VIS_brain,,AB42_Oligomer11_Antibody_bound,-,(AB42_Oligomer11_Antibody_bound * Microglia_cell_count * (Microglia_Hi_Fract * Microglia_CL_high_mab + (1 - Microglia_Hi_Fract) * Microglia_CL_low_mAb)),,,,,,,,,,,,,,
AB42_Oligomer11_Antibody_bound,-,AB42_Oligomer11_Antibody_bound_microglia_clearance,Microglia_Vmax_fortytwo*AB42_Oligomer11_Antibody_bound*Microglia_cell_count*(Microglia_Hi_Fract*Microglia_CL_high_mAb + (1 - Microglia_Hi_Fract)*Microglia_CL_low_mAb)*VIS_brain,,AB42_Oligomer11_Antibody_bound,+,fta1 * Antibody_unbound_ISF * AB42_Oligomer11,,,,,,,,,,,,,,
AB42_Oligomer11_PVS,+,AB42_Oligomer11_to_PVS,(1 - sigma_ISF_ABeta42_oligomer11)*Q_PVS*AB42_Oligomer11,,AB42_Oligomer11_PVS,-,(fta1 * C_Antibody_unbound_PVS * AB42_Oligomer11_PVS),,,,,,,,,,,,,,
AB42_Oligomer11_PVS,-,AB42_Oligomer11_PVS_binding,fta1*AB42_Oligomer11_PVS*C_Antibody_unbound_PVS*V_PVS,,AB42_Oligomer11_PVS,+,(1 - sigma_ISF_ABeta42_oligomer011) * Q_PVS * AB42_Oligomer11 / V_PVS,,,,,,,,,,,,,,
AB42_Oligomer11_PVS,-,AB42_Oligomer11_PVS_clearance,(1 - sigma_PVS_AB42)*Q_PVS*AB42_Oligomer11_PVS,,AB42_Oligomer11_PVS,-,((1 - sigma_PVS_ABeta42) * Q_PVS * AB42_Oligomer11_PVS / V_PVS),,,,,,,,,,,,,,
AB42_Oligomer11_PVS_bound,+,AB42_Oligomer11_PVS_binding,fta1*AB42_Oligomer11_PVS*C_Antibody_unbound_PVS*V_PVS,,AB42_Oligomer11_PVS_bound,+,fta1 * C_Antibody_unbound_PVS * AB42_Oligomer11_PVS,,,,,,,,,,,,,,
AB42_Oligomer11_PVS_bound,-,AB42_Oligomer11_PVS_bound_clearance,(1 - sigma_PVS_AB42_bound)*Q_PVS*AB42_Oligomer11_PVS_bound,,AB42_Oligomer11_PVS_bound,-,((1 - sigma_PVS_ABeta42_bound) * Q_PVS * AB42_Oligomer11_PVS_bound / V_PVS),,,,,,,,,,,,,,
AB42_Oligomer12,+,AB42_Oligomer12_formation,k_O11_O12_fortytwo*AB42_Oligomer11*AB42_Monomer*VIS_brain,,AB42_Oligomer12,+,2 * (k_F24_O12_fortytwo * k_F24_F23_fortytwo * AB42_Fibril24),,,,,,,,,,,,,,
AB42_Oligomer12,-,AB42_Oligomer12_dissociation,k_O12_O11_fortytwo*AB42_Oligomer12*VIS_brain,,AB42_Oligomer12,+,k_O11_O12_fortytwo * AB42_Monomer * AB42_Oligomer11,,,,,,,,,,,,,,
AB42_Oligomer12,+,AB42_Oligomer12_plaque_catalyzed_formation,k_O11_O12_fortytwo*AB42_Plaque_Driven_Monomer_Addition_Vmax*AB42_Oligomer11*AB42_Monomer*(AB42_Plaque_unbound/(AB42_Plaque_unbound + AB42_Plaque_Driven_Monomer_Addition_EC50))*VIS_brain,,AB42_Oligomer12,-,(k_O12_O11_fortytwo * AB42_Oligomer12),,,,,,,,,,,,,,
AB42_Oligomer12,-,AB42_Oligomer12_antibody_binding,fta1*AB42_Oligomer12*Ab_t*VIS_brain,,AB42_Oligomer12,-,(k_O12_O13_fortytwo * AB42_Monomer * AB42_Oligomer12),,,,,,,,,,,,,,
AB42_Oligomer12,-,AB42_Oligomer12_microglia_clearance,Microglia_Vmax_fortytwo*AB42_Oligomer12*Microglia_cell_count*(Microglia_Hi_Fract*Microglia_CL_high_AB42 + (1 - Microglia_Hi_Fract)*Microglia_CL_low_AB42)*VIS_brain,,AB42_Oligomer12,+,k_O13_O12_fortytwo * AB42_Oligomer13,,,,,,,,,,,,,,
AB42_Oligomer12,-,AB42_Oligomer13_formation,k_O12_O13_fortytwo*AB42_Oligomer12*AB42_Monomer*VIS_brain,,AB42_Oligomer12,+,k_O11_O12_fortytwo * AB42_Plaque_Driven_Monomer_Addition_Vmax * AB42_Monomer * AB42_Oligomer11 * (AB42_Plaque_unbound / (AB42_Plaque_unbound + AB42_Plaque_Driven_Monomer_Addition_EC50)),,,,,,,,,,,,,,
AB42_Oligomer12,+,AB42_Oligomer13_dissociation,k_O13_O12_fortytwo*AB42_Oligomer13*VIS_brain,,AB42_Oligomer12,-,(fta1 * Antibody_unbound_ISF * AB42_Oligomer12),,,,,,,,,,,,,,
AB42_Oligomer12,-,AB42_plaque_oligomer13_formation,k_O12_O13_fortytwo*AB42_Plaque_Driven_Monomer_Addition_Vmax*AB42_Oligomer12*AB42_Monomer*(AB42_Plaque_unbound/(AB42_Plaque_unbound + AB42_Plaque_Driven_Monomer_Addition_EC50))*VIS_brain,,AB42_Oligomer12,-,(AB42_Oligomer12 * Microglia_cell_count * (Microglia_Hi_Fract * Microglia_CL_high_AB42 + (1 - Microglia_Hi_Fract) * Microglia_CL_low_AB42)),,,,,,,,,,,,,,
AB42_Oligomer12,+,AB42_fibril24_breakdown,k_F24_O12_fortytwo*k_F24_F23_fortytwo*AB42_Fibril24*VIS_brain,,AB42_Oligomer12,-,(k_O12_O13_fortytwo * AB42_Plaque_Driven_Monomer_Addition_Vmax * AB42_Monomer * AB42_Oligomer12 * (AB42_Plaque_unbound / (AB42_Plaque_unbound + AB42_Plaque_Driven_Monomer_Addition_EC50))),,,,,,,,,,,,,,
AB42_Oligomer12,-,AB42_Oligomer12_to_PVS,(1 - sigma_ISF_ABeta42_oligomer12)*Q_PVS*AB42_Oligomer12,,AB42_Oligomer12,-,((1 - sigma_ISF_ABeta42_oligomer012) * Q_PVS * AB42_Oligomer12 / vol_brain_ISF),,,,,,,,,,,,,,
AB42_Oligomer12_Antibody_bound,+,AB42_Oligomer12_antibody_binding,fta1*AB42_Oligomer12*Ab_t*VIS_brain,,AB42_Oligomer12_Antibody_bound,-,(AB42_Oligomer12_Antibody_bound * Microglia_cell_count * (Microglia_Hi_Fract * Microglia_CL_high_mab + (1 - Microglia_Hi_Fract) * Microglia_CL_low_mAb)),,,,,,,,,,,,,,
AB42_Oligomer12_Antibody_bound,-,AB42_Oligomer12_Antibody_bound_microglia_clearance,Microglia_Vmax_fortytwo*AB42_Oligomer12_Antibody_bound*Microglia_cell_count*(Microglia_Hi_Fract*Microglia_CL_high_mAb + (1 - Microglia_Hi_Fract)*Microglia_CL_low_mAb)*VIS_brain,,AB42_Oligomer12_Antibody_bound,+,fta1 * Antibody_unbound_ISF * AB42_Oligomer12,,,,,,,,,,,,,,
AB42_Oligomer12_PVS,+,AB42_Oligomer12_to_PVS,(1 - sigma_ISF_ABeta42_oligomer12)*Q_PVS*AB42_Oligomer12,,AB42_Oligomer12_PVS,-,(fta1 * C_Antibody_unbound_PVS * AB42_Oligomer12_PVS),,,,,,,,,,,,,,
AB42_Oligomer12_PVS,-,AB42_Oligomer12_PVS_binding,fta1*AB42_Oligomer12_PVS*C_Antibody_unbound_PVS*V_PVS,,AB42_Oligomer12_PVS,+,(1 - sigma_ISF_ABeta42_oligomer012) * Q_PVS * AB42_Oligomer12 / V_PVS,,,,,,,,,,,,,,
AB42_Oligomer12_PVS,-,AB42_Oligomer12_PVS_clearance,(1 - sigma_PVS_AB42)*Q_PVS*AB42_Oligomer12_PVS,,AB42_Oligomer12_PVS,-,((1 - sigma_PVS_ABeta42) * Q_PVS * AB42_Oligomer12_PVS / V_PVS),,,,,,,,,,,,,,
AB42_Oligomer12_PVS_bound,+,AB42_Oligomer12_PVS_binding,fta1*AB42_Oligomer12_PVS*C_Antibody_unbound_PVS*V_PVS,,AB42_Oligomer12_PVS_bound,+,fta1 * C_Antibody_unbound_PVS * AB42_Oligomer12_PVS,,,,,,,,,,,,,,
AB42_Oligomer12_PVS_bound,-,AB42_Oligomer12_PVS_bound_clearance,(1 - sigma_PVS_AB42_bound)*Q_PVS*AB42_Oligomer12_PVS_bound,,AB42_Oligomer12_PVS_bound,-,((1 - sigma_PVS_ABeta42_bound) * Q_PVS * AB42_Oligomer12_PVS_bound / V_PVS),,,,,,,,,,,,,,
AB42_Oligomer13,+,AB42_Oligomer13_formation,k_O12_O13_fortytwo*AB42_Oligomer12*AB42_Monomer*VIS_brain,,AB42_Oligomer13,+,k_O12_O13_fortytwo * AB42_Monomer * AB42_Oligomer12,,,,,,,,,,,,,,
AB42_Oligomer13,-,AB42_Oligomer13_dissociation,k_O13_O12_fortytwo*AB42_Oligomer13*VIS_brain,,AB42_Oligomer13,-,(k_O13_O12_fortytwo * AB42_Oligomer13),,,,,,,,,,,,,,
AB42_Oligomer13,+,AB42_plaque_oligomer13_formation,k_O12_O13_fortytwo*AB42_Plaque_Driven_Monomer_Addition_Vmax*AB42_Oligomer12*AB42_Monomer*(AB42_Plaque_unbound/(AB42_Plaque_unbound + AB42_Plaque_Driven_Monomer_Addition_EC50))*VIS_brain,,AB42_Oligomer13,-,(k_O13_O14_fortytwo * AB42_Monomer * AB42_Oligomer13),,,,,,,,,,,,,,
AB42_Oligomer13,-,AB42_Oligomer13_to_plaque,k_O13_Plaque_fortytwo*AB42_Oligomer13*AB42_Monomer*VIS_brain,,AB42_Oligomer13,+,k_O14_O13_fortytwo * AB42_Oligomer14,,,,,,,,,,,,,,
AB42_Oligomer13,-,AB42_Oligomer13_antibody_binding,fta1*AB42_Oligomer13*Ab_t*VIS_brain,,AB42_Oligomer13,+,k_O12_O13_fortytwo * AB42_Plaque_Driven_Monomer_Addition_Vmax * AB42_Monomer * AB42_Oligomer12 * (AB42_Plaque_unbound / (AB42_Plaque_unbound + AB42_Plaque_Driven_Monomer_Addition_EC50)),,,,,,,,,,,,,,
AB42_Oligomer13,-,AB42_Oligomer13_microglia_clearance,Microglia_Vmax_fortytwo*AB42_Oligomer13*Microglia_cell_count*(Microglia_Hi_Fract*Microglia_CL_high_AB42 + (1 - Microglia_Hi_Fract)*Microglia_CL_low_AB42)*VIS_brain,,AB42_Oligomer13,-,(fta1 * Antibody_unbound_ISF * AB42_Oligomer13),,,,,,,,,,,,,,
AB42_Oligomer13,-,AB42_Oligomer14_formation,k_O13_O14_fortytwo*AB42_Oligomer13*AB42_Monomer*VIS_brain,,AB42_Oligomer13,-,(AB42_Oligomer13 * Microglia_cell_count * (Microglia_Hi_Fract * Microglia_CL_high_AB42 + (1 - Microglia_Hi_Fract) * Microglia_CL_low_AB42)),,,,,,,,,,,,,,
AB42_Oligomer13,+,AB42_Oligomer14_dissociation,k_O14_O13_fortytwo*AB42_Oligomer14*VIS_brain,,AB42_Oligomer13,-,(k_O13_O14_fortytwo * AB42_Plaque_Driven_Monomer_Addition_Vmax * AB42_Monomer * AB42_Oligomer13 * (AB42_Plaque_unbound / (AB42_Plaque_unbound + AB42_Plaque_Driven_Monomer_Addition_EC50))),,,,,,,,,,,,,,
AB42_Oligomer13,-,AB42_plaque_oligomer14_formation,k_O13_O14_fortytwo*AB42_Plaque_Driven_Monomer_Addition_Vmax*AB42_Oligomer13*AB42_Monomer*(AB42_Plaque_unbound/(AB42_Plaque_unbound + AB42_Plaque_Driven_Monomer_Addition_EC50))*VIS_brain,,AB42_Oligomer13,-,(K_O13_Plaque_fortytwo * AB42_Oligomer13 * AB42_Monomer),,,,,,,,,,,,,,
AB42_Oligomer13,-,AB42_Oligomer13_to_PVS,(1 - sigma_ISF_ABeta42_oligomer13)*Q_PVS*AB42_Oligomer13,,AB42_Oligomer13,-,((1 - sigma_ISF_ABeta42_oligomer013) * Q_PVS * AB42_Oligomer13 / vol_brain_ISF),,,,,,,,,,,,,,
AB42_Oligomer13_Antibody_bound,+,AB42_Oligomer13_antibody_binding,fta1*AB42_Oligomer13*Ab_t*VIS_brain,,AB42_Oligomer13_Antibody_bound,-,(AB42_Oligomer13_Antibody_bound * Microglia_cell_count * (Microglia_Hi_Fract * Microglia_CL_high_mab + (1 - Microglia_Hi_Fract) * Microglia_CL_low_mAb)),,,,,,,,,,,,,,
AB42_Oligomer13_Antibody_bound,-,AB42_Oligomer13_Antibody_bound_microglia_clearance,Microglia_Vmax_fortytwo*AB42_Oligomer13_Antibody_bound*Microglia_cell_count*(Microglia_Hi_Fract*Microglia_CL_high_mAb + (1 - Microglia_Hi_Fract)*Microglia_CL_low_mAb)*VIS_brain,,AB42_Oligomer13_Antibody_bound,+,fta1 * Antibody_unbound_ISF * AB42_Oligomer13,,,,,,,,,,,,,,
AB42_Oligomer13_PVS,+,AB42_Oligomer13_to_PVS,(1 - sigma_ISF_ABeta42_oligomer13)*Q_PVS*AB42_Oligomer13,,AB42_Oligomer13_PVS,-,(fta1 * C_Antibody_unbound_PVS * AB42_Oligomer13_PVS),,,,,,,,,,,,,,
AB42_Oligomer13_PVS,-,AB42_Oligomer13_PVS_binding,fta1*AB42_Oligomer13_PVS*C_Antibody_unbound_PVS*V_PVS,,AB42_Oligomer13_PVS,+,(1 - sigma_ISF_ABeta42_oligomer013) * Q_PVS * AB42_Oligomer13 / V_PVS,,,,,,,,,,,,,,
AB42_Oligomer13_PVS,-,AB42_Oligomer13_PVS_clearance,(1 - sigma_PVS_AB42)*Q_PVS*AB42_Oligomer13_PVS,,AB42_Oligomer13_PVS,-,((1 - sigma_PVS_ABeta42) * Q_PVS * AB42_Oligomer13_PVS / V_PVS),,,,,,,,,,,,,,
AB42_Oligomer13_PVS_bound,+,AB42_Oligomer13_PVS_binding,fta1*AB42_Oligomer13_PVS*C_Antibody_unbound_PVS*V_PVS,,AB42_Oligomer13_PVS_bound,+,fta1 * C_Antibody_unbound_PVS * AB42_Oligomer13_PVS,,,,,,,,,,,,,,
AB42_Oligomer13_PVS_bound,-,AB42_Oligomer13_PVS_bound_clearance,(1 - sigma_PVS_AB42_bound)*Q_PVS*AB42_Oligomer13_PVS_bound,,AB42_Oligomer13_PVS_bound,-,((1 - sigma_PVS_ABeta42_bound) * Q_PVS * AB42_Oligomer13_PVS_bound / V_PVS),,,,,,,,,,,,,,
AB42_Oligomer14,+,AB42_Oligomer14_formation,k_O13_O14_fortytwo*AB42_Oligomer13*AB42_Monomer*VIS_brain,,AB42_Oligomer14,+,k_O13_O14_fortytwo * AB42_Monomer * AB42_Oligomer13,,,,,,,,,,,,,,
AB42_Oligomer14,-,AB42_Oligomer14_dissociation,k_O14_O13_fortytwo*AB42_Oligomer14*VIS_brain,,AB42_Oligomer14,-,(k_O14_O13_fortytwo * AB42_Oligomer14),,,,,,,,,,,,,,
AB42_Oligomer14,+,AB42_plaque_oligomer14_formation,k_O13_O14_fortytwo*AB42_Plaque_Driven_Monomer_Addition_Vmax*AB42_Oligomer13*AB42_Monomer*(AB42_Plaque_unbound/(AB42_Plaque_unbound + AB42_Plaque_Driven_Monomer_Addition_EC50))*VIS_brain,,AB42_Oligomer14,-,(k_O14_O15_fortytwo * AB42_Monomer * AB42_Oligomer14),,,,,,,,,,,,,,
AB42_Oligomer14,-,AB42_Oligomer14_to_plaque,k_O14_Plaque_fortytwo*AB42_Oligomer14*AB42_Monomer*VIS_brain,,AB42_Oligomer14,+,k_O15_O14_fortytwo * AB42_Oligomer15,,,,,,,,,,,,,,
AB42_Oligomer14,-,AB42_Oligomer14_antibody_binding,fta1*AB42_Oligomer14*Ab_t*VIS_brain,,AB42_Oligomer14,+,k_O13_O14_fortytwo * AB42_Plaque_Driven_Monomer_Addition_Vmax * AB42_Monomer * AB42_Oligomer13 * (AB42_Plaque_unbound / (AB42_Plaque_unbound + AB42_Plaque_Driven_Monomer_Addition_EC50)),,,,,,,,,,,,,,
AB42_Oligomer14,-,AB42_Oligomer14_microglia_clearance,Microglia_Vmax_fortytwo*AB42_Oligomer14*Microglia_cell_count*(Microglia_Hi_Fract*Microglia_CL_high_AB42 + (1 - Microglia_Hi_Fract)*Microglia_CL_low_AB42)*VIS_brain,,AB42_Oligomer14,-,(fta1 * Antibody_unbound_ISF * AB42_Oligomer14),,,,,,,,,,,,,,
AB42_Oligomer14,-,AB42_Oligomer15_formation,k_O14_O15_fortytwo*AB42_Oligomer14*AB42_Monomer*VIS_brain,,AB42_Oligomer14,-,(AB42_Oligomer14 * Microglia_cell_count * (Microglia_Hi_Fract * Microglia_CL_high_AB42 + (1 - Microglia_Hi_Fract) * Microglia_CL_low_AB42)),,,,,,,,,,,,,,
AB42_Oligomer14,+,AB42_Oligomer15_dissociation,k_O15_O14_fortytwo*AB42_Oligomer15*VIS_brain,,AB42_Oligomer14,-,(k_O14_O15_fortytwo * AB42_Plaque_Driven_Monomer_Addition_Vmax * AB42_Monomer * AB42_Oligomer14 * (AB42_Plaque_unbound / (AB42_Plaque_unbound + AB42_Plaque_Driven_Monomer_Addition_EC50))),,,,,,,,,,,,,,
AB42_Oligomer14,-,AB42_plaque_oligomer15_formation,k_O14_O15_fortytwo*AB42_Plaque_Driven_Monomer_Addition_Vmax*AB42_Oligomer14*AB42_Monomer*(AB42_Plaque_unbound/(AB42_Plaque_unbound + AB42_Plaque_Driven_Monomer_Addition_EC50))*VIS_brain,,AB42_Oligomer14,-,(K_O14_Plaque_fortytwo * AB42_Oligomer14 * AB42_Monomer),,,,,,,,,,,,,,
AB42_Oligomer14,-,AB42_Oligomer14_to_PVS,(1 - sigma_ISF_ABeta42_oligomer14)*Q_PVS*AB42_Oligomer14,,AB42_Oligomer14,-,((1 - sigma_ISF_ABeta42_oligomer014) * Q_PVS * AB42_Oligomer14 / vol_brain_ISF),,,,,,,,,,,,,,
AB42_Oligomer14_Antibody_bound,+,AB42_Oligomer14_antibody_binding,fta1*AB42_Oligomer14*Ab_t*VIS_brain,,AB42_Oligomer14_Antibody_bound,-,(AB42_Oligomer14_Antibody_bound * Microglia_cell_count * (Microglia_Hi_Fract * Microglia_CL_high_mab + (1 - Microglia_Hi_Fract) * Microglia_CL_low_mAb)),,,,,,,,,,,,,,
AB42_Oligomer14_Antibody_bound,-,AB42_Oligomer14_Antibody_bound_microglia_clearance,Microglia_Vmax_fortytwo*AB42_Oligomer14_Antibody_bound*Microglia_cell_count*(Microglia_Hi_Fract*Microglia_CL_high_mAb + (1 - Microglia_Hi_Fract)*Microglia_CL_low_mAb)*VIS_brain,,AB42_Oligomer14_Antibody_bound,+,fta1 * Antibody_unbound_ISF * AB42_Oligomer14,,,,,,,,,,,,,,
AB42_Oligomer14_PVS,+,AB42_Oligomer14_to_PVS,(1 - sigma_ISF_ABeta42_oligomer14)*Q_PVS*AB42_Oligomer14,,AB42_Oligomer14_PVS,-,(fta1 * C_Antibody_unbound_PVS * AB42_Oligomer14_PVS),,,,,,,,,,,,,,
AB42_Oligomer14_PVS,-,AB42_Oligomer14_PVS_binding,fta1*AB42_Oligomer14_PVS*C_Antibody_unbound_PVS*V_PVS,,AB42_Oligomer14_PVS,+,(1 - sigma_ISF_ABeta42_oligomer014) * Q_PVS * AB42_Oligomer14 / V_PVS,,,,,,,,,,,,,,
AB42_Oligomer14_PVS,-,AB42_Oligomer14_PVS_clearance,(1 - sigma_PVS_AB42)*Q_PVS*AB42_Oligomer14_PVS,,AB42_Oligomer14_PVS,-,((1 - sigma_PVS_ABeta42) * Q_PVS * AB42_Oligomer14_PVS / V_PVS),,,,,,,,,,,,,,
AB42_Oligomer14_PVS_bound,+,AB42_Oligomer14_PVS_binding,fta1*AB42_Oligomer14_PVS*C_Antibody_unbound_PVS*V_PVS,,AB42_Oligomer14_PVS_bound,+,fta1 * C_Antibody_unbound_PVS * AB42_Oligomer14_PVS,,,,,,,,,,,,,,
AB42_Oligomer14_PVS_bound,-,AB42_Oligomer14_PVS_bound_clearance,(1 - sigma_PVS_AB42_bound)*Q_PVS*AB42_Oligomer14_PVS_bound,,AB42_Oligomer14_PVS_bound,-,((1 - sigma_PVS_ABeta42_bound) * Q_PVS * AB42_Oligomer14_PVS_bound / V_PVS),,,,,,,,,,,,,,
AB42_Oligomer15,+,AB42_Oligomer15_formation,k_O14_O15_fortytwo*AB42_Oligomer14*AB42_Monomer*VIS_brain,,AB42_Oligomer15,+,k_O14_O15_fortytwo * AB42_Monomer * AB42_Oligomer14,,,,,,,,,,,,,,
AB42_Oligomer15,-,AB42_Oligomer15_dissociation,k_O15_O14_fortytwo*AB42_Oligomer15*VIS_brain,,AB42_Oligomer15,-,(k_O15_O14_fortytwo * AB42_Oligomer15),,,,,,,,,,,,,,
AB42_Oligomer15,+,AB42_plaque_oligomer15_formation,k_O14_O15_fortytwo*AB42_Plaque_Driven_Monomer_Addition_Vmax*AB42_Oligomer14*AB42_Monomer*(AB42_Plaque_unbound/(AB42_Plaque_unbound + AB42_Plaque_Driven_Monomer_Addition_EC50))*VIS_brain,,AB42_Oligomer15,-,(k_O15_O16_fortytwo * AB42_Monomer * AB42_Oligomer15),,,,,,,,,,,,,,
AB42_Oligomer15,-,AB42_Oligomer15_to_plaque,k_O15_Plaque_fortytwo*AB42_Oligomer15*AB42_Monomer*VIS_brain,,AB42_Oligomer15,+,k_O16_O15_fortytwo * AB42_Oligomer16,,,,,,,,,,,,,,
AB42_Oligomer15,-,AB42_Oligomer15_antibody_binding,fta1*AB42_Oligomer15*Ab_t*VIS_brain,,AB42_Oligomer15,+,k_O14_O15_fortytwo * AB42_Plaque_Driven_Monomer_Addition_Vmax * AB42_Monomer * AB42_Oligomer14 * (AB42_Plaque_unbound / (AB42_Plaque_unbound + AB42_Plaque_Driven_Monomer_Addition_EC50)),,,,,,,,,,,,,,
AB42_Oligomer15,-,AB42_Oligomer15_microglia_clearance,Microglia_Vmax_fortytwo*AB42_Oligomer15*Microglia_cell_count*(Microglia_Hi_Fract*Microglia_CL_high_AB42 + (1 - Microglia_Hi_Fract)*Microglia_CL_low_AB42)*VIS_brain,,AB42_Oligomer15,-,(fta1 * Antibody_unbound_ISF * AB42_Oligomer15),,,,,,,,,,,,,,
AB42_Oligomer15,-,AB42_Oligomer16_formation,k_O15_O16_fortytwo*AB42_Oligomer15*AB42_Monomer*VIS_brain,,AB42_Oligomer15,-,(AB42_Oligomer15 * Microglia_cell_count * (Microglia_Hi_Fract * Microglia_CL_high_AB42 + (1 - Microglia_Hi_Fract) * Microglia_CL_low_AB42)),,,,,,,,,,,,,,
AB42_Oligomer15,+,AB42_Oligomer16_dissociation,k_O16_O15_fortytwo*AB42_Oligomer16*VIS_brain,,AB42_Oligomer15,-,(k_O15_O16_fortytwo * AB42_Plaque_Driven_Monomer_Addition_Vmax * AB42_Monomer * AB42_Oligomer15 * (AB42_Plaque_unbound / (AB42_Plaque_unbound + AB42_Plaque_Driven_Monomer_Addition_EC50))),,,,,,,,,,,,,,
AB42_Oligomer15,-,AB42_plaque_oligomer16_formation,k_O15_O16_fortytwo*AB42_Plaque_Driven_Monomer_Addition_Vmax*AB42_Oligomer15*AB42_Monomer*(AB42_Plaque_unbound/(AB42_Plaque_unbound + AB42_Plaque_Driven_Monomer_Addition_EC50))*VIS_brain,,AB42_Oligomer15,-,(K_O15_Plaque_fortytwo * AB42_Oligomer15 * AB42_Monomer),,,,,,,,,,,,,,
AB42_Oligomer15,-,AB42_Oligomer15_to_PVS,(1 - sigma_ISF_ABeta42_oligomer15)*Q_PVS*AB42_Oligomer15,,AB42_Oligomer15,-,((1 - sigma_ISF_ABeta42_oligomer015) * Q_PVS * AB42_Oligomer15 / vol_brain_ISF),,,,,,,,,,,,,,
AB42_Oligomer15_Antibody_bound,+,AB42_Oligomer15_antibody_binding,fta1*AB42_Oligomer15*Ab_t*VIS_brain,,AB42_Oligomer15_Antibody_bound,-,(AB42_Oligomer15_Antibody_bound * Microglia_cell_count * (Microglia_Hi_Fract * Microglia_CL_high_mab + (1 - Microglia_Hi_Fract) * Microglia_CL_low_mAb)),,,,,,,,,,,,,,
AB42_Oligomer15_Antibody_bound,-,AB42_Oligomer15_Antibody_bound_microglia_clearance,Microglia_Vmax_fortytwo*AB42_Oligomer15_Antibody_bound*Microglia_cell_count*(Microglia_Hi_Fract*Microglia_CL_high_mAb + (1 - Microglia_Hi_Fract)*Microglia_CL_low_mAb)*VIS_brain,,AB42_Oligomer15_Antibody_bound,+,fta1 * Antibody_unbound_ISF * AB42_Oligomer15,,,,,,,,,,,,,,
AB42_Oligomer15_PVS,+,AB42_Oligomer15_to_PVS,(1 - sigma_ISF_ABeta42_oligomer15)*Q_PVS*AB42_Oligomer15,,AB42_Oligomer15_PVS,-,(fta1 * C_Antibody_unbound_PVS * AB42_Oligomer15_PVS),,,,,,,,,,,,,,
AB42_Oligomer15_PVS,-,AB42_Oligomer15_PVS_binding,fta1*AB42_Oligomer15_PVS*C_Antibody_unbound_PVS*V_PVS,,AB42_Oligomer15_PVS,+,(1 - sigma_ISF_ABeta42_oligomer015) * Q_PVS * AB42_Oligomer15 / V_PVS,,,,,,,,,,,,,,
AB42_Oligomer15_PVS,-,AB42_Oligomer15_PVS_clearance,(1 - sigma_PVS_AB42)*Q_PVS*AB42_Oligomer15_PVS,,AB42_Oligomer15_PVS,-,((1 - sigma_PVS_ABeta42) * Q_PVS * AB42_Oligomer15_PVS / V_PVS),,,,,,,,,,,,,,
AB42_Oligomer15_PVS_bound,+,AB42_Oligomer15_PVS_binding,fta1*AB42_Oligomer15_PVS*C_Antibody_unbound_PVS*V_PVS,,AB42_Oligomer15_PVS_bound,+,fta1 * C_Antibody_unbound_PVS * AB42_Oligomer15_PVS,,,,,,,,,,,,,,
AB42_Oligomer15_PVS_bound,-,AB42_Oligomer15_PVS_bound_clearance,(1 - sigma_PVS_AB42_bound)*Q_PVS*AB42_Oligomer15_PVS_bound,,AB42_Oligomer15_PVS_bound,-,((1 - sigma_PVS_ABeta42_bound) * Q_PVS * AB42_Oligomer15_PVS_bound / V_PVS),,,,,,,,,,,,,,
AB42_Oligomer16,+,AB42_Oligomer16_formation,k_O15_O16_fortytwo*AB42_Oligomer15*AB42_Monomer*VIS_brain,,AB42_Oligomer16,+,k_F17_O16_fortytwo * AB42_Fibril17,,,,,,,,,,,,,,
AB42_Oligomer16,-,AB42_Oligomer16_dissociation,k_O16_O15_fortytwo*AB42_Oligomer16*VIS_brain,,AB42_Oligomer16,+,k_O15_O16_fortytwo * AB42_Monomer * AB42_Oligomer15,,,,,,,,,,,,,,
AB42_Oligomer16,+,AB42_plaque_oligomer16_formation,k_O15_O16_fortytwo*AB42_Plaque_Driven_Monomer_Addition_Vmax*AB42_Oligomer15*AB42_Monomer*(AB42_Plaque_unbound/(AB42_Plaque_unbound + AB42_Plaque_Driven_Monomer_Addition_EC50))*VIS_brain,,AB42_Oligomer16,-,(k_O16_O15_fortytwo * AB42_Oligomer16),,,,,,,,,,,,,,
AB42_Oligomer16,-,AB42_Oligomer16_to_plaque,k_O16_Plaque_fortytwo*AB42_Oligomer16*AB42_Monomer*VIS_brain,,AB42_Oligomer16,-,(k_O16_F17_fortytwo * AB42_Monomer * AB42_Oligomer16),,,,,,,,,,,,,,
AB42_Oligomer16,-,AB42_Oligomer16_antibody_binding,fta1*AB42_Oligomer16*Ab_t*VIS_brain,,AB42_Oligomer16,+,k_O15_O16_fortytwo * AB42_Plaque_Driven_Monomer_Addition_Vmax * AB42_Monomer * AB42_Oligomer15 * (AB42_Plaque_unbound / (AB42_Plaque_unbound + AB42_Plaque_Driven_Monomer_Addition_EC50)),,,,,,,,,,,,,,
AB42_Oligomer16,-,AB42_Oligomer16_microglia_clearance,Microglia_Vmax_fortytwo*AB42_Oligomer16*Microglia_cell_count*(Microglia_Hi_Fract*Microglia_CL_high_AB42 + (1 - Microglia_Hi_Fract)*Microglia_CL_low_AB42)*VIS_brain,,AB42_Oligomer16,-,(fta1 * Antibody_unbound_ISF * AB42_Oligomer16),,,,,,,,,,,,,,
AB42_Oligomer16,-,AB42_Fibril17_formation_from_oligomer,k_O16_F17_fortytwo*AB42_Oligomer16*AB42_Monomer*VIS_brain,,AB42_Oligomer16,-,(k_O16_F17_fortytwo * AB42_Plaque_Driven_Monomer_Addition_Vmax * AB42_Monomer * AB42_Oligomer16 * (AB42_Plaque_unbound / (AB42_Plaque_unbound + AB42_Plaque_Driven_Monomer_Addition_EC50))),,,,,,,,,,,,,,
AB42_Oligomer16,+,AB42_Fibril17_dissociation_to_oligomer,k_F17_O16_fortytwo*AB42_Fibril17*VIS_brain,,AB42_Oligomer16,-,(AB42_Oligomer16 * Microglia_cell_count * (Microglia_Hi_Fract * Microglia_CL_high_AB42 + (1 - Microglia_Hi_Fract) * Microglia_CL_low_AB42)),,,,,,,,,,,,,,
AB42_Oligomer16,-,AB42_Fibril17_plaque_driven_formation,k_O16_F17_fortytwo*AB42_Plaque_Driven_Monomer_Addition_Vmax*AB42_Monomer*AB42_Oligomer16*(AB42_Plaque_unbound/(AB42_Plaque_unbound + AB42_Plaque_Driven_Monomer_Addition_EC50))*VIS_brain,,AB42_Oligomer16,-,(K_O16_Plaque_fortytwo * AB42_Oligomer16 * AB42_Monomer),,,,,,,,,,,,,,
AB42_Oligomer16,-,AB42_Oligomer16_to_PVS,(1 - sigma_ISF_ABeta42_oligomer16)*Q_PVS*AB42_Oligomer16,,AB42_Oligomer16,-,((1 - sigma_ISF_ABeta42_oligomer016) * Q_PVS * AB42_Oligomer16 / vol_brain_ISF),,,,,,,,,,,,,,
AB42_Oligomer16_Antibody_bound,+,AB42_Oligomer16_antibody_binding,fta1*AB42_Oligomer16*Ab_t*VIS_brain,,AB42_Oligomer16_Antibody_bound,-,(AB42_Oligomer16_Antibody_bound * Microglia_cell_count * (Microglia_Hi_Fract * Microglia_CL_high_mab + (1 - Microglia_Hi_Fract) * Microglia_CL_low_mAb)),,,,,,,,,,,,,,
AB42_Oligomer16_Antibody_bound,-,AB42_Oligomer16_Antibody_bound_microglia_clearance,Microglia_Vmax_fortytwo*AB42_Oligomer16_Antibody_bound*Microglia_cell_count*(Microglia_Hi_Fract*Microglia_CL_high_mAb + (1 - Microglia_Hi_Fract)*Microglia_CL_low_mAb)*VIS_brain,,AB42_Oligomer16_Antibody_bound,+,fta1 * Antibody_unbound_ISF * AB42_Oligomer16,,,,,,,,,,,,,,
AB42_Oligomer16_PVS,+,AB42_Oligomer16_to_PVS,(1 - sigma_ISF_ABeta42_oligomer16)*Q_PVS*AB42_Oligomer16,,AB42_Oligomer16_PVS,-,(fta1 * C_Antibody_unbound_PVS * AB42_Oligomer16_PVS),,,,,,,,,,,,,,
AB42_Oligomer16_PVS,-,AB42_Oligomer16_PVS_binding,fta1*AB42_Oligomer16_PVS*C_Antibody_unbound_PVS*V_PVS,,AB42_Oligomer16_PVS,+,(1 - sigma_ISF_ABeta42_oligomer016) * Q_PVS * AB42_Oligomer16 / V_PVS,,,,,,,,,,,,,,
AB42_Oligomer16_PVS,-,AB42_Oligomer16_PVS_clearance,(1 - sigma_PVS_AB42)*Q_PVS*AB42_Oligomer16_PVS,,AB42_Oligomer16_PVS,-,((1 - sigma_PVS_ABeta42) * Q_PVS * AB42_Oligomer16_PVS / V_PVS),,,,,,,,,,,,,,
AB42_Oligomer16_PVS_bound,+,AB42_Oligomer16_PVS_binding,fta1*AB42_Oligomer16_PVS*C_Antibody_unbound_PVS*V_PVS,,AB42_Oligomer16_PVS_bound,+,fta1 * C_Antibody_unbound_PVS * AB42_Oligomer16_PVS,,,,,,,,,,,,,,
AB42_Oligomer16_PVS_bound,-,AB42_Oligomer16_PVS_bound_clearance,(1 - sigma_PVS_AB42_bound)*Q_PVS*AB42_Oligomer16_PVS_bound,,AB42_Oligomer16_PVS_bound,-,((1 - sigma_PVS_ABeta42_bound) * Q_PVS * AB42_Oligomer16_PVS_bound / V_PVS),,,,,,,,,,,,,,
AB42_Plaque_Antibody_bound,+,AB42_antibody_plaque_binding,fta3*AB42_Plaque_unbound*Ab_t*VIS_brain,,AB42_Plaque_Antibody_bound,-,(0.5 * AB42_Plaque_Antibody_bound * Microglia_cell_count * (Microglia_Hi_Fract * Microglia_CL_high_mab + (1 - Microglia_Hi_Fract) * Microglia_CL_low_mAb)),,,,,,,,,,,,,,
AB42_Plaque_Antibody_bound,-,AB42_Plaque_Antibody_bound_microglia_clearance,Microglia_Vmax_fortytwo*AB42_Plaque_Antibody_bound*Microglia_cell_count*(Microglia_Hi_Fract*Microglia_CL_high_mAb + (1 - Microglia_Hi_Fract)*Microglia_CL_low_mAb)*VIS_brain,,AB42_Plaque_Antibody_bound,+,fta3 * Antibody_unbound_ISF * AB42_Plaque_unbound,,,,,,,,,,,,,,
AB42_Plaque_bound_PVS,+,AB42_Plaque_binding,fta3*AB42_Plaque_unbound_PVS*C_Antibody_unbound_PVS*V_PVS,,Abeta42_plaque_bound_PVS,+,fta3 * C_Antibody_unbound_PVS * Abeta42_plaque_unbound_PVS,,,,,,,,,,,,,,
AB42_Plaque_bound_PVS,-,AB42_Plaque_bound_clearance,CL_AB42_plaque_bound_PVS*AB42_Plaque_bound_PVS,,Abeta42_plaque_bound_PVS,-,(CL_abeta42_plaque_bound_PVS * Abeta42_plaque_bound_PVS),,,,,,,,,,,,,,
AB42_Plaque_unbound,+,AB42_Oligomer13_to_plaque,k_O13_Plaque_fortytwo*AB42_Oligomer13*AB42_Monomer*VIS_brain,,AB42_Plaque_unbound,+,K_F17_Plaque_fortytwo * AB42_Fibril17 * AB42_Monomer,,,,,,,,,,,,,,
AB42_Plaque_unbound,+,AB42_Oligomer14_to_plaque,k_O14_Plaque_fortytwo*AB42_Oligomer14*AB42_Monomer*VIS_brain,,AB42_Plaque_unbound,+,K_F18_Plaque_fortytwo * AB42_Fibril18 * AB42_Monomer,,,,,,,,,,,,,,
AB42_Plaque_unbound,+,AB42_Oligomer15_to_plaque,k_O15_Plaque_fortytwo*AB42_Oligomer15*AB42_Monomer*VIS_brain,,AB42_Plaque_unbound,+,K_O13_Plaque_fortytwo * AB42_Oligomer13 * AB42_Monomer,,,,,,,,,,,,,,
AB42_Plaque_unbound,+,AB42_Oligomer16_to_plaque,k_O16_Plaque_fortytwo*AB42_Oligomer16*AB42_Monomer*VIS_brain,,AB42_Plaque_unbound,+,K_O14_Plaque_fortytwo * AB42_Oligomer14 * AB42_Monomer,,,,,,,,,,,,,,
AB42_Plaque_unbound,+,AB42_Plaque_formation_from_Fibril17,k_F17_Plaque_fortytwo*AB42_Fibril17*AB42_Monomer*VIS_brain,,AB42_Plaque_unbound,+,K_O15_Plaque_fortytwo * AB42_Oligomer15 * AB42_Monomer,,,,,,,,,,,,,,
AB42_Plaque_unbound,+,AB42_Plaque_formation_from_Fibril18,k_F18_Plaque_fortytwo*AB42_Fibril18*AB42_Monomer*VIS_brain,,AB42_Plaque_unbound,+,K_O16_Plaque_fortytwo * AB42_Oligomer16 * AB42_Monomer,,,,,,,,,,,,,,
AB42_Plaque_unbound,-,AB42_antibody_plaque_binding,fta3*AB42_Plaque_unbound*Ab_t*VIS_brain,,AB42_Plaque_unbound,-,(fta3 * Antibody_unbound_ISF * AB42_Plaque_unbound),,,,,,,,,,,,,,
AB42_Plaque_unbound,-,AB42_microglia_plaque_clearance,0.5*Microglia_Vmax_fortytwo*AB42_Plaque_unbound*Microglia_cell_count*(Microglia_Hi_Fract*Microglia_CL_high_AB42 + (1 - Microglia_Hi_Fract)*Microglia_CL_low_AB42)*VIS_brain,,AB42_Plaque_unbound,-,(0.5 * AB42_Plaque_unbound * Microglia_cell_count * (Microglia_Hi_Fract * Microglia_CL_high_AB42 + (1 - Microglia_Hi_Fract) * Microglia_CL_low_AB42)),,,,,,,,,,,,,,
AB42_Plaque_unbound_PVS,-,AB42_Plaque_binding,fta3*AB42_Plaque_unbound_PVS*C_Antibody_unbound_PVS*V_PVS,,Abeta42_plaque_unbound_PVS,-,(fta3 * C_Antibody_unbound_PVS * Abeta42_plaque_unbound_PVS),,,,,,,,,,,,,,
AB42_Plaque_unbound_PVS,-,AB42_Plaque_unbound_clearance,CL_AB42_plaque_free_PVS*AB42_Plaque_unbound_PVS,,Abeta42_plaque_unbound_PVS,-,(CL_abeta42_plaque_free_PVS * Abeta42_plaque_unbound_PVS),,,,,,,,,,,,,,
AB42Mb_BBB_Bound,-,ab42mb_bbb_to_brain_plasma,CLup_brain*f_BBB*VES_brain*FR*AB42Mb_BBB_Bound,,AB42Mb_Blood_Brain_Barrier_bound,-,(CL_up_brain * fBBB * Vol_brain_ES * (1 - FR) * AB42Mb_Blood_Brain_Barrier_bound / Vol_brain_BBB),,,,,,,,,,,,,,
AB42Mb_BBB_Bound,+,ab42mb_bbb_unbound_to_bound,kon_FcRn*AB42Mb_BBB_Unbound*FcRn_free_BBB*VBBB_brain,,AB42Mb_Blood_Brain_Barrier_bound,-,(CL_up_brain * fBBB * Vol_brain_ES * FR * AB42Mb_Blood_Brain_Barrier_bound / Vol_brain_BBB),,,,,,,,,,,,,,
AB42Mb_BBB_Bound,-,ab42mb_bbb_bound_to_unbound,koff_FcRn*AB42Mb_BBB_Bound*VBBB_brain,,AB42Mb_Blood_Brain_Barrier_bound,+,kon_FcRn * AB42Mb_Blood_Brain_Barrier_unbound * FcRn_free_BBB,,,,,,,,,,,,,,
AB42Mb_BBB_Bound,-,ab42mb_bbb_bound_to_isf,CLup_brain*f_BBB*VES_brain*(1 - FR)*AB42Mb_BBB_Bound,,AB42Mb_Blood_Brain_Barrier_bound,-,(koff_FcRn * AB42Mb_Blood_Brain_Barrier_bound),,,,,,,,,,,,,,
AB42Mb_BBB_Unbound,+,ab42_monomer_antibody_binding_bbb,fta0*AB42Mu_BBB*PK_BBB_unbound_brain*VBBB_brain,,AB42Mb_Blood_Brain_Barrier_unbound,+,CL_up_brain * fBBB * Vol_brain_ES * AB42Mb_Brain_Plasma / Vol_brain_BBB,,,,,,,,,,,,,,
AB42Mb_BBB_Unbound,+,ab42mb_brain_plasma_to_bbb,CLup_brain*f_BBB*VES_brain*AB42Mb_Brain_Plasma,,AB42Mb_Blood_Brain_Barrier_unbound,+,CL_up_brain * fBBB * Vol_brain_ES * AB42_monomer_Antibody_bound / Vol_brain_BBB,,,,,,,,,,,,,,
AB42Mb_BBB_Unbound,+,ab42mb_isf_to_bbb,CLup_brain*f_BBB*VES_brain*AB42_monomer_antibody_bound,,AB42Mb_Blood_Brain_Barrier_unbound,-,(kdeg * AB42Mb_Blood_Brain_Barrier_unbound),,,,,,,,,,,,,,
AB42Mb_BBB_Unbound,-,ab42mb_bbb_unbound_degradation,kdeg*AB42Mb_BBB_Unbound*VBBB_brain,,AB42Mb_Blood_Brain_Barrier_unbound,-,(kon_FcRn * AB42Mb_Blood_Brain_Barrier_unbound * FcRn_free_BBB),,,,,,,,,,,,,,
AB42Mb_BBB_Unbound,-,ab42mb_bbb_unbound_to_bound,kon_FcRn*AB42Mb_BBB_Unbound*FcRn_free_BBB*VBBB_brain,,AB42Mb_Blood_Brain_Barrier_unbound,+,koff_FcRn * AB42Mb_Blood_Brain_Barrier_bound,,,,,,,,,,,,,,
AB42Mb_BBB_Unbound,+,ab42mb_bbb_bound_to_unbound,koff_FcRn*AB42Mb_BBB_Bound*VBBB_brain,,AB42Mb_Blood_Brain_Barrier_unbound,+,fta0 * AB42Mu_Blood_Brain_Barrier * PK_Blood_Brain_Barrier_unbound,,,,,,,,,,,,,,
AB42Mb_BCSFB_Bound,-,ab42mb_bcsfb_to_brain_plasma,CLup_brain*(1 - f_BBB)*VES_brain*FR*AB42Mb_BCSFB_Bound,,AB42Mb_Blood_CSF_Barrier_bound,-,(CL_up_brain * (1 - fBBB) * Vol_brain_ES * FR * AB42Mb_Blood_CSF_Barrier_bound / Vol_brain_BCSFB),,,,,,,,,,,,,,
AB42Mb_BCSFB_Bound,+,ab42mb_bcsfb_unbound_to_bound,kon_FcRn*AB42Mb_BCSFB_Unbound*FcRn_free_BCSFB*V_BCSFB_brain,,AB42Mb_Blood_CSF_Barrier_bound,-,(f_LV * CL_up_brain * (1 - fBBB) * Vol_brain_ES * (1 - FR) * AB42Mb_Blood_CSF_Barrier_bound / Vol_brain_BCSFB),,,,,,,,,,,,,,
AB42Mb_BCSFB_Bound,-,ab42mb_bcsfb_bound_to_unbound,koff_FcRn*AB42Mb_BCSFB_Bound*V_BCSFB_brain,,AB42Mb_Blood_CSF_Barrier_bound,-,((1 - f_LV) * CL_up_brain * (1 - fBBB) * Vol_brain_ES * (1 - FR) * AB42Mb_Blood_CSF_Barrier_bound / Vol_brain_BCSFB),,,,,,,,,,,,,,
AB42Mb_BCSFB_Bound,-,ab42mb_bcsfb_bound_to_lv,f_LV*CLup_brain*(1 - f_BBB)*VES_brain*(1 - FR)*AB42Mb_BCSFB_Bound,,AB42Mb_Blood_CSF_Barrier_bound,+,kon_FcRn * AB42Mb_Blood_CSF_Barrier_unbound * FcRn_free_BcsfB,,,,,,,,,,,,,,
AB42Mb_BCSFB_Bound,-,ab42mb_bcsfb_bound_to_tfv,(1 - f_LV)*CLup_brain*(1 - f_BBB)*VES_brain*(1 - FR)*AB42Mb_BCSFB_Bound,,AB42Mb_Blood_CSF_Barrier_bound,-,(koff_FcRn * AB42Mb_Blood_CSF_Barrier_bound),,,,,,,,,,,,,,
AB42Mb_BCSFB_Unbound,+,ab42_monomer_antibody_binding_bcsfb,fta0*AB42Mu_BCSFB*PK_BCSFB_unbound_brain*V_BCSFB_brain,,AB42Mb_Blood_CSF_Barrier_unbound,+,CL_up_brain * FBcsfB * Vol_brain_ES * AB42Mb_Brain_Plasma / Vol_brain_BCSFB,,,,,,,,,,,,,,
AB42Mb_BCSFB_Unbound,+,ab42mb_brain_plasma_to_bcsfb,CLup_brain*f_BCSFB*VES_brain*AB42Mb_Brain_Plasma,,AB42Mb_Blood_CSF_Barrier_unbound,+,(1 - f_LV) * CL_up_brain * (1 - fBBB) * Vol_brain_ES * AB42Mb_CSF_TFV / Vol_brain_BCSFB,,,,,,,,,,,,,,
AB42Mb_BCSFB_Unbound,+,ab42mb_csf_tfv_to_bcsfb,(1 - f_LV)*CLup_brain*(1 - f_BBB)*VES_brain*AB42Mb_TFV,,AB42Mb_Blood_CSF_Barrier_unbound,+,f_LV * CL_up_brain * (1 - fBBB) * Vol_brain_ES * AB42Mb_CSF_LV / Vol_brain_BCSFB,,,,,,,,,,,,,,
AB42Mb_BCSFB_Unbound,+,ab42mb_csf_lv_to_bcsfb,f_LV*CLup_brain*(1 - f_BBB)*VES_brain*AB42Mb_LV,,AB42Mb_Blood_CSF_Barrier_unbound,-,(kdeg * AB42Mb_Blood_CSF_Barrier_unbound),,,,,,,,,,,,,,
AB42Mb_BCSFB_Unbound,-,ab42mb_bcsfb_unbound_degradation,kdeg*AB42Mb_BCSFB_Unbound*V_BCSFB_brain,,AB42Mb_Blood_CSF_Barrier_unbound,-,(kon_FcRn * AB42Mb_Blood_CSF_Barrier_unbound * FcRn_free_BcsfB),,,,,,,,,,,,,,
AB42Mb_BCSFB_Unbound,-,ab42mb_bcsfb_unbound_to_bound,kon_FcRn*AB42Mb_BCSFB_Unbound*FcRn_free_BCSFB*V_BCSFB_brain,,AB42Mb_Blood_CSF_Barrier_unbound,+,koff_FcRn * AB42Mb_Blood_CSF_Barrier_bound,,,,,,,,,,,,,,
AB42Mb_BCSFB_Unbound,+,ab42mb_bcsfb_bound_to_unbound,koff_FcRn*AB42Mb_BCSFB_Bound*V_BCSFB_brain,,AB42Mb_Blood_CSF_Barrier_unbound,+,fta0 * AB42Mu_Blood_CSF_Barrier * PK_Blood_CSF_Barrier_unbound,,,,,,,,,,,,,,
AB42Mb_Brain_Plasma,+,ab42_monomer_antibody_binding_brain_plasma,fta0*AB42Mu_Brain_Plasma*PK_p_brain*Vp_brain,,AB42Mb_Brain_Plasma,+,CL_up_brain * fBBB * Vol_brain_ES * FR * AB42Mb_Blood_Brain_Barrier_bound / Vol_brain_plasma,,,,,,,,,,,,,,
AB42Mb_Brain_Plasma,+,ab42mb_cent_to_brain_plasma,Q_p_brain*AB42Mb_Central,,AB42Mb_Brain_Plasma,+,CL_up_brain * (1 - fBBB) * Vol_brain_ES * FR * AB42Mb_Blood_CSF_Barrier_bound / Vol_brain_plasma,,,,,,,,,,,,,,
AB42Mb_Brain_Plasma,-,ab42mb_brain_plasma_to_cent,(Q_p_brain - L_brain)*AB42Mb_Brain_Plasma,,AB42Mb_Brain_Plasma,-,(CL_up_brain * Vol_brain_ES * AB42Mb_Brain_Plasma / Vol_brain_plasma),,,,,,,,,,,,,,
AB42Mb_Brain_Plasma,-,ab42mb_brain_plasma_to_csf_lv,f_LV*(1 - sigma_V_BCSFB)*Q_CSF_brain*AB42Mb_Brain_Plasma,,AB42Mb_Brain_Plasma,+,Qbrain_plasma * (AB42Mb_central_compartment / PK_Vcent) / Vol_brain_plasma,,,,,,,,,,,,,,
AB42Mb_Brain_Plasma,-,ab42mb_brain_plasma_to_csf_tfv,(1 - f_LV)*(1 - sigma_V_BCSFB)*Q_CSF_brain*AB42Mb_Brain_Plasma,,AB42Mb_Brain_Plasma,-,((Qbrain_plasma - Qlymph_Brain) * AB42Mb_Brain_Plasma / Vol_brain_plasma),,,,,,,,,,,,,,
AB42Mb_Brain_Plasma,-,ab42mb_brain_plasma_to_isf,(1 - sigma_V_brain_ISF)*Q_ISF_brain*AB42Mb_Brain_Plasma,,AB42Mb_Brain_Plasma,-,((1 - Sigma_v_bcsfb) * Qbrain_CSF_AB42Mb * AB42Mb_Brain_Plasma / Vol_brain_plasma),,,,,,,,,,,,,,
AB42Mb_Brain_Plasma,-,ab42mb_brain_plasma_to_bcsfb,CLup_brain*f_BCSFB*VES_brain*AB42Mb_Brain_Plasma,,AB42Mb_Brain_Plasma,-,((1 - Sigma_v_isf) * Qbrain_ISF_AB42Mb * AB42Mb_Brain_Plasma / Vol_brain_plasma),,,,,,,,,,,,,,
AB42Mb_Brain_Plasma,-,ab42mb_brain_plasma_to_bbb,CLup_brain*f_BBB*VES_brain*AB42Mb_Brain_Plasma,,AB42Mb_Brain_Plasma,+,fta0 * AB42Mu_Brain_Plasma * PK_Brain_Plasma,,,,,,,,,,,,,,
AB42Mb_Brain_Plasma,+,ab42mb_bbb_to_brain_plasma,CLup_brain*f_BBB*VES_brain*FR*AB42Mb_BBB_Bound,,,,,,,,,,,,,,,,,,
AB42Mb_Brain_Plasma,+,ab42mb_bcsfb_to_brain_plasma,CLup_brain*(1 - f_BBB)*VES_brain*FR*AB42Mb_BCSFB_Bound,,,,,,,,,,,,,,,,,,
AB42Mb_Central,+,ab42_monomer_antibody_binding_central,fta0*AB42Mu_Central*PK_central,,AB42Mb_central_compartment,+,(1 - Sigma_CSFSAS_Lymph) * Qbrain_CSF_AB42Mb * AB42Mb_CSF_SAS,,,,,,,,,,,,,,
AB42Mb_Central,-,ab42mb_cent_clearance,PK_CL*AB42Mb_Central,,AB42Mb_central_compartment,-,(PK_CLd2 * AB42Mb_central_compartment / PK_Vcent),,,,,,,,,,,,,,
AB42Mb_Central,-,ab42mb_cent_to_per,PK_CLd2*AB42Mb_Central,,AB42Mb_central_compartment,+,PK_CLd2 * AB42Mb_peripheral_compartment / PK_Vper,,,,,,,,,,,,,,
AB42Mb_Central,+,ab42mb_per_to_cent,PK_CLd2*AB42Mb_Peripheral,,AB42Mb_central_compartment,-,(PK_CL / PK_Vcent * AB42Mb_central_compartment),,,,,,,,,,,,,,
AB42Mb_Central,-,ab42mb_cent_to_brain_plasma,Q_p_brain*AB42Mb_Central,,AB42Mb_central_compartment,+,(Qbrain_plasma - Qlymph_Brain) * AB42Mb_Brain_Plasma,,,,,,,,,,,,,,
AB42Mb_Central,+,ab42mb_brain_plasma_to_cent,(Q_p_brain - L_brain)*AB42Mb_Brain_Plasma,,AB42Mb_central_compartment,-,(Qbrain_plasma * AB42Mb_central_compartment / PK_Vcent),,,,,,,,,,,,,,
AB42Mb_Central,+,ab42mb_csf_sas_to_cent,(1 - sigma_L_SAS)*Q_CSF_brain*AB42Mb_SAS,,AB42Mb_central_compartment,+,fta0 * (AB42Mu_central_compartment / AB42Mu_Vcent) * (PK_central_compartment / PK_Vcent) * PK_Vcent,,,,,,,,,,,,,,
AB42Mb_Central,+,ab42mb_isf_to_cent,(1 - sigma_L_brain_ISF)*Q_ISF_brain*AB42_monomer_antibody_bound,,AB42Mb_central_compartment,+,(1 - sigma_PVS_ABeta42_bound) * Q_PVS * AB42_Monomer_PVS_bound,,,,,,,,,,,,,,
AB42Mb_Central,+,AB42_monomer_PVS_bound_to_central_bound,(1 - sigma_PVS_AB42_bound)*Q_PVS*AB42_Monomer_PVS_bound,,AB42Mb_central_compartment,+,(1 - Sigma_ISF_lymph) * Qbrain_ISF_AB42Mb * AB42_monomer_Antibody_bound,,,,,,,,,,,,,,
AB42Mb_CM,+,ab42_monomer_antibody_binding_cm,fta0*AB42Mu_CM*PK_CM_brain*V_CM_brain,,AB42Mb_CSF_CM,+,(Qbrain_CSF_AB42Mb + Qbrain_ISF_AB42Mb) * AB42Mb_CSF_TFV / Vol_brain_CSFCM,,,,,,,,,,,,,,
AB42Mb_CM,+,ab42mb_tfv_to_cm,(Q_CSF_brain + Q_ISF_brain)*AB42Mb_TFV,,AB42Mb_CSF_CM,-,((Qbrain_CSF_AB42Mb + Qbrain_ISF_AB42Mb) * AB42Mb_CSF_CM / Vol_brain_CSFCM),,,,,,,,,,,,,,
AB42Mb_CM,-,ab42mb_cm_to_sas,(Q_CSF_brain + Q_ISF_brain)*AB42Mb_CM,,AB42Mb_CSF_CM,+,fta0 * AB42Mu_CSF_CM * PK_CSF_CM,,,,,,,,,,,,,,
AB42Mb_LV,+,ab42_monomer_antibody_binding_lv,fta0*AB42Mu_LV*PK_LV_brain*V_LV_brain,,AB42Mb_CSF_LV,+,f_LV * CL_up_brain * (1 - fBBB) * Vol_brain_ES * (1 - FR) * AB42Mb_Blood_CSF_Barrier_bound / Vol_brain_CSFLV,,,,,,,,,,,,,,
AB42Mb_LV,+,ab42mb_brain_plasma_to_csf_lv,f_LV*(1 - sigma_V_BCSFB)*Q_CSF_brain*AB42Mb_Brain_Plasma,,AB42Mb_CSF_LV,-,(f_LV * CL_up_brain * (1 - fBBB) * Vol_brain_ES * AB42Mb_CSF_LV / Vol_brain_CSFLV),,,,,,,,,,,,,,
AB42Mb_LV,-,ab42mb_csf_lv_to_bcsfb,f_LV*CLup_brain*(1 - f_BBB)*VES_brain*AB42Mb_LV,,AB42Mb_CSF_LV,-,(f_LV * (Qbrain_CSF_AB42Mb + Qbrain_ISF_AB42Mb) * AB42Mb_CSF_LV / Vol_brain_CSFLV),,,,,,,,,,,,,,
AB42Mb_LV,+,ab42mb_bcsfb_bound_to_lv,f_LV*CLup_brain*(1 - f_BBB)*VES_brain*(1 - FR)*AB42Mb_BCSFB_Bound,,AB42Mb_CSF_LV,+,f_LV * Qbrain_ISF_AB42Mb * AB42_monomer_Antibody_bound / Vol_brain_CSFLV,,,,,,,,,,,,,,
AB42Mb_LV,+,ab42_isf_to_lv,f_LV*Q_ISF_brain*AB42_monomer_antibody_bound,,AB42Mb_CSF_LV,+,(1 - Sigma_v_bcsfb) * Qbrain_CSF_AB42Mb * f_LV * AB42Mb_Brain_Plasma / Vol_brain_CSFLV,,,,,,,,,,,,,,
AB42Mb_LV,-,ab42mb_lv_to_tfv,f_LV*(Q_CSF_brain + Q_ISF_brain)*AB42Mb_LV,,AB42Mb_CSF_LV,+,fta0 * AB42Mu_CSF_LV * PK_CSF_LV,,,,,,,,,,,,,,
AB42Mb_Peripheral,+,ab42mb_cent_to_per,PK_CLd2*AB42Mb_Central,,AB42Mb_peripheral_compartment,+,PK_CLd2 * AB42Mb_central_compartment / PK_Vcent,,,,,,,,,,,,,,
AB42Mb_Peripheral,-,ab42mb_per_to_cent,PK_CLd2*AB42Mb_Peripheral,,AB42Mb_peripheral_compartment,-,(PK_CLd2 * AB42Mb_peripheral_compartment / PK_Vper),,,,,,,,,,,,,,
AB42Mb_SAS,+,ab42_monomer_antibody_binding_sas,fta0*AB42Mu_SAS*PK_SAS_brain*V_SAS_brain,,AB42Mb_CSF_SAS,-,(Qbrain_ISF_AB42Mb * AB42Mb_CSF_SAS / Vol_brain_CSFSAS),,,,,,,,,,,,,,
AB42Mb_SAS,-,ab42mb_csf_sas_to_cent,(1 - sigma_L_SAS)*Q_CSF_brain*AB42Mb_SAS,,AB42Mb_CSF_SAS,+,fta0 * AB42Mu_CSF_SAS * PK_CSF_SAS,,,,,,,,,,,,,,
AB42Mb_SAS,-,ab42mb_sas_to_isf,Q_ISF_brain*AB42Mb_SAS,,AB42Mb_CSF_TFV,+,(1 - f_LV) * CL_up_brain * (1 - fBBB) * Vol_brain_ES * (1 - FR) * AB42Mb_Blood_CSF_Barrier_bound / Vol_brain_CSFTFV,,,,,,,,,,,,,,
AB42Mb_SAS,+,ab42mb_cm_to_sas,(Q_CSF_brain + Q_ISF_brain)*AB42Mb_CM,,AB42Mb_CSF_TFV,-,((1 - f_LV) * CL_up_brain * (1 - fBBB) * Vol_brain_ES * AB42Mb_CSF_TFV / Vol_brain_CSFTFV),,,,,,,,,,,,,,
AB42Mb_TFV,+,ab42_monomer_antibody_binding_tfv,fta0*AB42Mu_TFV*PK_TFV_brain*V_TFV_brain,,AB42Mb_CSF_TFV,+,f_LV * (Qbrain_CSF_AB42Mb + Qbrain_ISF_AB42Mb) * AB42Mb_CSF_LV / Vol_brain_CSFTFV,,,,,,,,,,,,,,
AB42Mb_TFV,+,ab42mb_brain_plasma_to_csf_tfv,(1 - f_LV)*(1 - sigma_V_BCSFB)*Q_CSF_brain*AB42Mb_Brain_Plasma,,AB42Mb_CSF_TFV,-,((Qbrain_CSF_AB42Mb + Qbrain_ISF_AB42Mb) * AB42Mb_CSF_TFV / Vol_brain_CSFTFV),,,,,,,,,,,,,,
AB42Mb_TFV,-,ab42mb_csf_tfv_to_bcsfb,(1 - f_LV)*CLup_brain*(1 - f_BBB)*VES_brain*AB42Mb_TFV,,AB42Mb_CSF_TFV,+,(1 - f_LV) * Qbrain_ISF_AB42Mb * AB42_monomer_Antibody_bound / Vol_brain_CSFTFV,,,,,,,,,,,,,,
AB42Mb_TFV,+,ab42mb_bcsfb_bound_to_tfv,(1 - f_LV)*CLup_brain*(1 - f_BBB)*VES_brain*(1 - FR)*AB42Mb_BCSFB_Bound,,AB42Mb_CSF_TFV,+,(1 - Sigma_v_bcsfb) * Qbrain_CSF_AB42Mb * (1 - f_LV) * AB42Mb_Brain_Plasma / Vol_brain_CSFTFV,,,,,,,,,,,,,,
AB42Mb_TFV,+,ab42_isf_to_tfv,(1 - f_LV)*Q_ISF_brain*AB42_monomer_antibody_bound,,AB42Mb_CSF_TFV,+,fta0 * AB42Mu_CSF_TFV * PK_CSF_TFV,,,,,,,,,,,,,,
AB42Mb_TFV,+,ab42mb_lv_to_tfv,f_LV*(Q_CSF_brain + Q_ISF_brain)*AB42Mb_LV,,AB42Mb_CSF_SAS,+,(Qbrain_CSF_AB42Mb + Qbrain_ISF_AB42Mb) * AB42Mb_CSF_CM / Vol_brain_CSFSAS,,,,,,,,,,,,,,
AB42Mb_TFV,-,ab42mb_tfv_to_cm,(Q_CSF_brain + Q_ISF_brain)*AB42Mb_TFV,,AB42Mb_CSF_SAS,-,((1 - Sigma_CSFSAS_Lymph) * Qbrain_CSF_AB42Mb * AB42Mb_CSF_SAS / Vol_brain_CSFSAS),,,,,,,,,,,,,,
AB42Mu_BBB,-,ab42_monomer_antibody_binding_bbb,fta0*AB42Mu_BBB*PK_BBB_unbound_brain*VBBB_brain,,AB42Mu_Blood_Brain_Barrier,-,(fta0 * AB42Mu_Blood_Brain_Barrier * PK_Blood_Brain_Barrier_unbound),,,,,,,,,,,,,,
AB42Mu_BBB,+,ab42mu_brain_plasma_to_bbb,CLup_brain_AB42Mu*f_BBB*VES_brain*AB42Mu_Brain_Plasma,,AB42Mu_Blood_Brain_Barrier,+,CL_up_brain_AB42Mu * fBBB * Vol_brain_ES * AB42_Monomer / Vol_brain_BBB,,,,,,,,,,,,,,
AB42Mu_BBB,+,ab42mu_isf_to_bbb,CLup_brain_AB42Mu*f_BBB*VES_brain*AB42_Monomer,,AB42Mu_Blood_Brain_Barrier,+,CL_up_brain_AB42Mu * fBBB * Vol_brain_ES * AB42Mu_Brain_Plasma / Vol_brain_BBB,,,,,,,,,,,,,,
AB42Mu_BBB,-,ab42mu_bbb_degradation,kdeg_AB42Mu*AB42Mu_BBB*VBBB_brain,,AB42Mu_Blood_Brain_Barrier,-,(kdeg_AB42Mu * AB42Mu_Blood_Brain_Barrier),,,,,,,,,,,,,,
AB42Mu_BCSFB,-,ab42_monomer_antibody_binding_bcsfb,fta0*AB42Mu_BCSFB*PK_BCSFB_unbound_brain*V_BCSFB_brain,,AB42Mu_Blood_CSF_Barrier,-,(fta0 * AB42Mu_Blood_CSF_Barrier * PK_Blood_CSF_Barrier_unbound),,,,,,,,,,,,,,
AB42Mu_BCSFB,+,ab42mu_brain_plasma_to_bcsfb,CLup_brain_AB42Mu*f_BCSFB*VES_brain*AB42Mu_Brain_Plasma,,AB42Mu_Blood_CSF_Barrier,+,CL_up_brain_AB42Mu * FBcsfB * Vol_brain_ES * AB42Mu_Brain_Plasma / Vol_brain_BCSFB,,,,,,,,,,,,,,
AB42Mu_BCSFB,+,ab42mu_csf_tfv_to_bcsfb,(1 - f_LV)*CLup_brain_AB42Mu*(1 - f_BBB)*VES_brain*AB42Mu_TFV,,AB42Mu_Blood_CSF_Barrier,+,f_LV * CL_up_brain_AB42Mu * (1 - fBBB) * Vol_brain_ES * AB42Mu_CSF_LV / Vol_brain_BCSFB,,,,,,,,,,,,,,
AB42Mu_BCSFB,+,ab42mu_csf_lv_to_bcsfb,f_LV*CLup_brain_AB42Mu*(1 - f_BBB)*VES_brain*AB42Mu_LV,,AB42Mu_Blood_CSF_Barrier,+,(1 - f_LV) * CL_up_brain_AB42Mu * (1 - fBBB) * Vol_brain_ES * AB42Mu_CSF_TFV / Vol_brain_BCSFB,,,,,,,,,,,,,,
AB42Mu_BCSFB,-,ab42mu_bcsfb_degradation,kdeg_AB42Mu*AB42Mu_BCSFB*V_BCSFB_brain,,AB42Mu_Blood_CSF_Barrier,-,(kdeg_AB42Mu * AB42Mu_Blood_CSF_Barrier),,,,,,,,,,,,,,
AB42Mu_Brain_Plasma,-,ab42_monomer_antibody_binding_brain_plasma,fta0*AB42Mu_Brain_Plasma*PK_p_brain*Vp_brain,,AB42Mu_Brain_Plasma,-,(fta0 * AB42Mu_Brain_Plasma * PK_Brain_Plasma),,,,,,,,,,,,,,
AB42Mu_Brain_Plasma,+,ab42mu_central_to_brain_plasma,Q_p_brain*AB42Mu_Central,,AB42Mu_Brain_Plasma,-,(CL_up_brain_AB42Mu * Vol_brain_ES * AB42Mu_Brain_Plasma / Vol_brain_plasma),,,,,,,,,,,,,,
AB42Mu_Brain_Plasma,-,ab42mu_brain_plasma_to_central,(Q_p_brain - L_brain)*AB42Mu_Brain_Plasma,,AB42Mu_Brain_Plasma,+,Qbrain_plasma * (AB42Mu_central_compartment / AB42Mu_Vcent) / Vol_brain_plasma,,,,,,,,,,,,,,
AB42Mu_Brain_Plasma,-,ab42mu_brain_plasma_to_csf_lv,f_LV*(1 - sigma_V_BCSFB_AB42Mu)*Q_CSF_brain*AB42Mu_Brain_Plasma,,AB42Mu_Brain_Plasma,-,((Qbrain_plasma - Qlymph_Brain) * AB42Mu_Brain_Plasma / Vol_brain_plasma),,,,,,,,,,,,,,
AB42Mu_Brain_Plasma,-,ab42mu_brain_plasma_to_csf_tfv,(1 - f_LV)*(1 - sigma_V_BCSFB_AB42Mu)*Q_CSF_brain*AB42Mu_Brain_Plasma,,AB42Mu_Brain_Plasma,-,((1 - Sigma_v_bcsfb_AB42Mu) * Qbrain_CSF_AB42Mu * AB42Mu_Brain_Plasma / Vol_brain_plasma),,,,,,,,,,,,,,
AB42Mu_Brain_Plasma,-,ab42mu_brain_plasma_to_csf_isf,(1 - sigma_V_ISF_AB42Mu)*Q_ISF_brain*AB42Mu_Brain_Plasma,,AB42Mu_Brain_Plasma,-,((1 - Sigma_v_isf_AB42Mu) * Qbrain_ISF_AB42Mu * AB42Mu_Brain_Plasma / Vol_brain_plasma),,,,,,,,,,,,,,
AB42Mu_Brain_Plasma,-,ab42mu_brain_plasma_to_bbb,CLup_brain_AB42Mu*f_BBB*VES_brain*AB42Mu_Brain_Plasma,,,,,,,,,,,,,,,,,,
AB42Mu_Brain_Plasma,-,ab42mu_brain_plasma_to_bcsfb,CLup_brain_AB42Mu*f_BCSFB*VES_brain*AB42Mu_Brain_Plasma,,,,,,,,,,,,,,,,,,
AB42Mu_Central,-,ab42_monomer_antibody_binding_central,fta0*AB42Mu_Central*PK_central,,AB42Mu_central_compartment,+,AB42Mu_systemic_synthesis_rate,,,,,,,,,,,,,,
AB42Mu_Central,+,ab42mu_systemic_synthesis,AB42Mu_systemic_synthesis_rate,,AB42Mu_central_compartment,-,(fta0 * (AB42Mu_central_compartment / AB42Mu_Vcent) * (PK_central_compartment / PK_Vcent) * AB40Mu_Vcent),,,,,,,,,,,,,,
AB42Mu_Central,-,ab42mu_central_clearance,AB42MuCL*AB42Mu_Central,,AB42Mu_central_compartment,+,(1 - Sigma_CSFSAS_Lymph_AB42Mu) * Qbrain_CSF_AB42Mu * AB42Mu_CSF_SAS,,,,,,,,,,,,,,
AB42Mu_Central,-,ab42mu_central_to_peripheral,AB42MuCLd2*AB42Mu_Central,,AB42Mu_central_compartment,-,(AB42Mu_CLd2 * AB42Mu_central_compartment / AB42Mu_Vcent),,,,,,,,,,,,,,
AB42Mu_Central,+,ab42mu_peripheral_to_central,AB42MuCLd2*AB42Mu_Peripheral,,AB42Mu_central_compartment,+,AB42Mu_CLd2 * AB42Mu_peripheral_compartment / AB42Mu_Vper,,,,,,,,,,,,,,
AB42Mu_Central,-,ab42mu_central_to_brain_plasma,Q_p_brain*AB42Mu_Central,,AB42Mu_central_compartment,-,(AB42Mu_CL / AB42Mu_Vcent * AB42Mu_central_compartment),,,,,,,,,,,,,,
AB42Mu_Central,+,ab42mu_brain_plasma_to_central,(Q_p_brain - L_brain)*AB42Mu_Brain_Plasma,,AB42Mu_central_compartment,+,(Qbrain_plasma - Qlymph_Brain) * AB42Mu_Brain_Plasma,,,,,,,,,,,,,,
AB42Mu_Central,+,ab42mu_csf_sas_to_central,(1 - sigma_L_SAS_AB42Mu)*Q_CSF_brain*AB42Mu_SAS,,AB42Mu_central_compartment,-,(Qbrain_plasma * AB42Mu_central_compartment / AB42Mu_Vcent),,,,,,,,,,,,,,
AB42Mu_Central,+,ab42mu_isf_to_central,(1 - sigma_L_ISF_central_AB42Mu)*Q_ISF_brain*AB42_Monomer,,AB42Mu_central_compartment,+,(1 - sigma_PVS_ABeta42) * Q_PVS * AB42_Monomer_PVS,,,,,,,,,,,,,,
AB42Mu_Central,+,AB42_monomer_PVS_to_central_free,(1 - sigma_PVS_AB42)*Q_PVS*AB42_Monomer_PVS,,AB42Mu_central_compartment,+,(1 - Sigma_ISF_lymph_AB42Mu) * Qbrain_ISF_AB42Mu * AB42_Monomer,,,,,,,,,,,,,,
AB42Mu_CM,-,ab42_monomer_antibody_binding_cm,fta0*AB42Mu_CM*PK_CM_brain*V_CM_brain,,AB42Mu_CSF_CM,-,(fta0 * AB42Mu_CSF_CM * PK_CSF_CM),,,,,,,,,,,,,,
AB42Mu_CM,+,ab42mu_tfv_to_cm,(Q_CSF_brain + Q_ISF_brain)*AB42Mu_TFV,,AB42Mu_CSF_CM,+,(Qbrain_CSF_AB42Mu + Qbrain_ISF_AB42Mu) * AB42Mu_CSF_TFV / Vol_brain_CSFCM,,,,,,,,,,,,,,
AB42Mu_CM,-,ab42mu_cm_to_sas,(Q_CSF_brain + Q_ISF_brain)*AB42Mu_CM,,AB42Mu_CSF_CM,-,((Qbrain_CSF_AB42Mu + Qbrain_ISF_AB42Mu) * AB42Mu_CSF_CM / Vol_brain_CSFCM),,,,,,,,,,,,,,
AB42Mu_LV,-,ab42_monomer_antibody_binding_lv,fta0*AB42Mu_LV*PK_LV_brain*V_LV_brain,,AB42Mu_CSF_LV,-,(fta0 * AB42Mu_CSF_LV * PK_CSF_LV),,,,,,,,,,,,,,
AB42Mu_LV,+,ab42mu_brain_plasma_to_csf_lv,f_LV*(1 - sigma_V_BCSFB_AB42Mu)*Q_CSF_brain*AB42Mu_Brain_Plasma,,AB42Mu_CSF_LV,-,(f_LV * CL_up_brain_AB42Mu * (1 - fBBB) * Vol_brain_ES * AB42Mu_CSF_LV / Vol_brain_CSFLV),,,,,,,,,,,,,,
AB42Mu_LV,-,ab42mu_csf_lv_to_bcsfb,f_LV*CLup_brain_AB42Mu*(1 - f_BBB)*VES_brain*AB42Mu_LV,,AB42Mu_CSF_LV,-,(f_LV * (Qbrain_CSF_AB42Mu + Qbrain_ISF_AB42Mu) * AB42Mu_CSF_LV / Vol_brain_CSFLV),,,,,,,,,,,,,,
AB42Mu_LV,-,ab42mu_csf_lv_to_tfv,f_LV*(Q_CSF_brain + Q_ISF_brain)*AB42Mu_LV,,AB42Mu_CSF_LV,+,f_LV * Qbrain_ISF_AB42Mu * AB42_Monomer / Vol_brain_CSFLV,,,,,,,,,,,,,,
AB42Mu_LV,+,ab42mu_isf_to_csf_lv,f_LV*Q_ISF_brain*AB42_Monomer,,AB42Mu_CSF_LV,+,(1 - Sigma_v_bcsfb_AB42Mu) * Qbrain_CSF_AB42Mu * f_LV * AB42Mu_Brain_Plasma / Vol_brain_CSFLV,,,,,,,,,,,,,,
AB42Mu_Peripheral,+,ab42mu_central_to_peripheral,AB42MuCLd2*AB42Mu_Central,,AB42Mu_peripheral_compartment,+,AB42Mu_CLd2 * AB42Mu_central_compartment / AB42Mu_Vcent,,,,,,,,,,,,,,
AB42Mu_Peripheral,-,ab42mu_peripheral_to_central,AB42MuCLd2*AB42Mu_Peripheral,,AB42Mu_peripheral_compartment,-,(AB42Mu_CLd2 * AB42Mu_peripheral_compartment / AB42Mu_Vper),,,,,,,,,,,,,,
AB42Mu_SAS,-,ab42_monomer_antibody_binding_sas,fta0*AB42Mu_SAS*PK_SAS_brain*V_SAS_brain,,AB42Mu_CSF_SAS,-,(fta0 * AB42Mu_CSF_SAS * PK_CSF_SAS),,,,,,,,,,,,,,
AB42Mu_SAS,-,ab42mu_csf_sas_to_central,(1 - sigma_L_SAS_AB42Mu)*Q_CSF_brain*AB42Mu_SAS,,AB42Mu_CSF_SAS,+,(Qbrain_CSF_AB42Mu + Qbrain_ISF_AB42Mu) * AB42Mu_CSF_CM / Vol_brain_CSFSAS,,,,,,,,,,,,,,
AB42Mu_SAS,+,ab42mu_cm_to_sas,(Q_CSF_brain + Q_ISF_brain)*AB42Mu_CM,,AB42Mu_CSF_SAS,-,((1 - Sigma_CSFSAS_Lymph_AB42Mu) * Qbrain_CSF_AB42Mu * AB42Mu_CSF_SAS / Vol_brain_CSFSAS),,,,,,,,,,,,,,
AB42Mu_SAS,-,ab42mu_sas_to_isf,Q_ISF_brain*AB42Mu_SAS,,AB42Mu_CSF_SAS,-,(Qbrain_ISF_AB42Mu * AB42Mu_CSF_SAS / Vol_brain_CSFSAS),,,,,,,,,,,,,,
AB42Mu_TFV,-,ab42_monomer_antibody_binding_tfv,fta0*AB42Mu_TFV*PK_TFV_brain*V_TFV_brain,,AB42Mu_CSF_TFV,-,(fta0 * AB42Mu_CSF_TFV * PK_CSF_TFV),,,,,,,,,,,,,,
AB42Mu_TFV,+,ab42mu_brain_plasma_to_csf_tfv,(1 - f_LV)*(1 - sigma_V_BCSFB_AB42Mu)*Q_CSF_brain*AB42Mu_Brain_Plasma,,AB42Mu_CSF_TFV,-,((1 - f_LV) * CL_up_brain * (1 - fBBB) * Vol_brain_ES * AB42Mu_CSF_TFV / Vol_brain_CSFTFV),,,,,,,,,,,,,,
AB42Mu_TFV,-,ab42mu_csf_tfv_to_bcsfb,(1 - f_LV)*CLup_brain_AB42Mu*(1 - f_BBB)*VES_brain*AB42Mu_TFV,,AB42Mu_CSF_TFV,+,f_LV * (Qbrain_CSF_AB42Mu + Qbrain_ISF_AB42Mu) * AB42Mu_CSF_LV / Vol_brain_CSFTFV,,,,,,,,,,,,,,
AB42Mu_TFV,+,ab42mu_csf_lv_to_tfv,f_LV*(Q_CSF_brain + Q_ISF_brain)*AB42Mu_LV,,AB42Mu_CSF_TFV,-,((Qbrain_CSF_AB42Mu + Qbrain_ISF_AB42Mu) * AB42Mu_CSF_TFV / Vol_brain_CSFTFV),,,,,,,,,,,,,,
AB42Mu_TFV,-,ab42mu_tfv_to_cm,(Q_CSF_brain + Q_ISF_brain)*AB42Mu_TFV,,AB42Mu_CSF_TFV,+,(1 - Sigma_v_bcsfb_AB42Mu) * Qbrain_CSF_AB42Mu * (1 - f_LV) * AB42Mu_Brain_Plasma / Vol_brain_CSFTFV,,,,,,,,,,,,,,
AB42Mu_TFV,+,ab42mu_isf_to_tfv,(1 - f_LV)*Q_ISF_brain*AB42_Monomer,,AB42Mu_CSF_TFV,+,(1 - f_LV) * Qbrain_ISF_AB42Mu * AB42_Monomer / Vol_brain_CSFTFV,,,,,,,,,,,,,,
APP,-,APP_to_C99,k_C99*APP*VIS_brain,,APP,-,(kC99 * APP),,,,,,,,,,,Abeta40_plaque_bound_PVS,+,fta3 * C_Antibody_unbound_PVS * Abeta40_plaque_unbound_PVS,
APP,+,APP_production,k_APP_production*VIS_brain,,APP,+,kAPP_Potter_1st_order * Plasma_Leucine,,,,,,,,,,,Abeta40_plaque_bound_PVS,-,(CL_Abeta40_plaque_bound_PVS * Abeta40_plaque_bound_PVS),
C_Antibody_unbound_PVS,-,AB40_Monomer_PVS_binding,fta0*AB40_Monomer_PVS*C_Antibody_unbound_PVS*V_PVS,,C_Antibody_unbound_PVS,-,(fta2 * C_Antibody_unbound_PVS * AB40_Fibril17_PVS),,,,,,,,,,,Abeta40_plaque_unbound_PVS,-,(fta3 * C_Antibody_unbound_PVS * Abeta40_plaque_unbound_PVS),
C_Antibody_unbound_PVS,-,AB40_Plaque_binding,fta3*AB40_Plaque_unbound_PVS*C_Antibody_unbound_PVS*V_PVS,,C_Antibody_unbound_PVS,-,(fta2 * C_Antibody_unbound_PVS * AB40_Fibril18_PVS),,,,,,,,,,,Abeta40_plaque_unbound_PVS,-,(CL_Abeta40_plaque_free_PVS * Abeta40_plaque_unbound_PVS),
C_Antibody_unbound_PVS,-,AB40_Oligomer02_PVS_binding,fta1*AB40_Oligomer02_PVS*C_Antibody_unbound_PVS*V_PVS,,C_Antibody_unbound_PVS,-,(fta2 * C_Antibody_unbound_PVS * AB40_Fibril19_PVS),,,,,,,,,,,,,,
C_Antibody_unbound_PVS,-,AB40_Oligomer03_PVS_binding,fta1*AB40_Oligomer03_PVS*C_Antibody_unbound_PVS*V_PVS,,C_Antibody_unbound_PVS,-,(fta2 * C_Antibody_unbound_PVS * AB40_Fibril20_PVS),,,,,,,,,,,,,,
C_Antibody_unbound_PVS,-,AB40_Oligomer04_PVS_binding,fta1*AB40_Oligomer04_PVS*C_Antibody_unbound_PVS*V_PVS,,C_Antibody_unbound_PVS,-,(fta2 * C_Antibody_unbound_PVS * AB40_Fibril21_PVS),,,,,,,,,,,,,,
C_Antibody_unbound_PVS,-,AB40_Oligomer05_PVS_binding,fta1*AB40_Oligomer05_PVS*C_Antibody_unbound_PVS*V_PVS,,C_Antibody_unbound_PVS,-,(fta2 * C_Antibody_unbound_PVS * AB40_Fibril22_PVS),,,,,,,,,,,,,,
C_Antibody_unbound_PVS,-,AB40_Oligomer06_PVS_binding,fta1*AB40_Oligomer06_PVS*C_Antibody_unbound_PVS*V_PVS,,C_Antibody_unbound_PVS,-,(fta2 * C_Antibody_unbound_PVS * AB40_Fibril23_PVS),,,,,,,,,,,Antibody_unbound_ISF,-,(fta1 * Antibody_unbound_ISF * AB40_Fibril17),
C_Antibody_unbound_PVS,-,AB40_Oligomer07_PVS_binding,fta1*AB40_Oligomer07_PVS*C_Antibody_unbound_PVS*V_PVS,,C_Antibody_unbound_PVS,-,(fta2 * C_Antibody_unbound_PVS * AB40_Fibril24_PVS),,,,,,,,,,,Antibody_unbound_ISF,-,(fta2 * Antibody_unbound_ISF * AB40_Fibril18),
C_Antibody_unbound_PVS,-,AB40_Oligomer08_PVS_binding,fta1*AB40_Oligomer08_PVS*C_Antibody_unbound_PVS*V_PVS,,C_Antibody_unbound_PVS,-,(fta0 * C_Antibody_unbound_PVS * AB40_Monomer_PVS),,,,,,,,,,,Antibody_unbound_ISF,-,(fta2 * Antibody_unbound_ISF * AB40_Fibril19),
C_Antibody_unbound_PVS,-,AB40_Oligomer09_PVS_binding,fta1*AB40_Oligomer09_PVS*C_Antibody_unbound_PVS*V_PVS,,C_Antibody_unbound_PVS,-,(fta1 * C_Antibody_unbound_PVS * AB40_Oligomer02_PVS),,,,,,,,,,,Antibody_unbound_ISF,-,(fta2 * Antibody_unbound_ISF * AB40_Fibril20),
C_Antibody_unbound_PVS,-,AB40_Oligomer10_PVS_binding,fta1*AB40_Oligomer10_PVS*C_Antibody_unbound_PVS*V_PVS,,C_Antibody_unbound_PVS,-,(fta1 * C_Antibody_unbound_PVS * AB40_Oligomer03_PVS),,,,,,,,,,,Antibody_unbound_ISF,-,(fta2 * Antibody_unbound_ISF * AB40_Fibril21),
C_Antibody_unbound_PVS,-,AB40_Oligomer11_PVS_binding,fta1*AB40_Oligomer11_PVS*C_Antibody_unbound_PVS*V_PVS,,C_Antibody_unbound_PVS,-,(fta1 * C_Antibody_unbound_PVS * AB40_Oligomer04_PVS),,,,,,,,,,,Antibody_unbound_ISF,-,(fta2 * Antibody_unbound_ISF * AB40_Fibril22),
C_Antibody_unbound_PVS,-,AB40_Oligomer12_PVS_binding,fta1*AB40_Oligomer12_PVS*C_Antibody_unbound_PVS*V_PVS,,C_Antibody_unbound_PVS,-,(fta1 * C_Antibody_unbound_PVS * AB40_Oligomer05_PVS),,,,,,,,,,,Antibody_unbound_ISF,-,(fta2 * Antibody_unbound_ISF * AB40_Fibril23),
C_Antibody_unbound_PVS,-,AB40_Oligomer13_PVS_binding,fta1*AB40_Oligomer13_PVS*C_Antibody_unbound_PVS*V_PVS,,C_Antibody_unbound_PVS,-,(fta1 * C_Antibody_unbound_PVS * AB40_Oligomer06_PVS),,,,,,,,,,,Antibody_unbound_ISF,-,(fta2 * Antibody_unbound_ISF * AB40_Fibril24),
C_Antibody_unbound_PVS,-,AB40_Oligomer14_PVS_binding,fta1*AB40_Oligomer14_PVS*C_Antibody_unbound_PVS*V_PVS,,C_Antibody_unbound_PVS,-,(fta1 * C_Antibody_unbound_PVS * AB40_Oligomer07_PVS),,,,,,,,,,,Antibody_unbound_ISF,-,(fta0 * Antibody_unbound_ISF * AB40_Monomer),
C_Antibody_unbound_PVS,-,AB40_Oligomer15_PVS_binding,fta1*AB40_Oligomer15_PVS*C_Antibody_unbound_PVS*V_PVS,,C_Antibody_unbound_PVS,-,(fta1 * C_Antibody_unbound_PVS * AB40_Oligomer08_PVS),,,,,,,,,,,Antibody_unbound_ISF,-,(fta1 * Antibody_unbound_ISF * AB40_Oligomer02),
C_Antibody_unbound_PVS,-,AB40_Oligomer16_PVS_binding,fta1*AB40_Oligomer16_PVS*C_Antibody_unbound_PVS*V_PVS,,C_Antibody_unbound_PVS,-,(fta1 * C_Antibody_unbound_PVS * AB40_Oligomer09_PVS),,,,,,,,,,,Antibody_unbound_ISF,-,(fta1 * Antibody_unbound_ISF * AB40_Oligomer03),
C_Antibody_unbound_PVS,-,AB40_Fibril17_PVS_binding,fta2*AB40_Fibril17_PVS*C_Antibody_unbound_PVS*V_PVS,,C_Antibody_unbound_PVS,-,(fta1 * C_Antibody_unbound_PVS * AB40_Oligomer10_PVS),,,,,,,,,,,Antibody_unbound_ISF,-,(fta1 * Antibody_unbound_ISF * AB40_Oligomer04),
C_Antibody_unbound_PVS,-,AB40_Fibril18_PVS_binding,fta2*AB40_Fibril18_PVS*C_Antibody_unbound_PVS*V_PVS,,C_Antibody_unbound_PVS,-,(fta1 * C_Antibody_unbound_PVS * AB40_Oligomer11_PVS),,,,,,,,,,,Antibody_unbound_ISF,-,(fta1 * Antibody_unbound_ISF * AB40_Oligomer05),
C_Antibody_unbound_PVS,-,AB40_Fibril19_PVS_binding,fta2*AB40_Fibril19_PVS*C_Antibody_unbound_PVS*V_PVS,,C_Antibody_unbound_PVS,-,(fta1 * C_Antibody_unbound_PVS * AB40_Oligomer12_PVS),,,,,,,,,,,Antibody_unbound_ISF,-,(fta1 * Antibody_unbound_ISF * AB40_Oligomer06),
C_Antibody_unbound_PVS,-,AB40_Fibril20_PVS_binding,fta2*AB40_Fibril20_PVS*C_Antibody_unbound_PVS*V_PVS,,C_Antibody_unbound_PVS,-,(fta1 * C_Antibody_unbound_PVS * AB40_Oligomer13_PVS),,,,,,,,,,,Antibody_unbound_ISF,-,(fta1 * Antibody_unbound_ISF * AB40_Oligomer07),
C_Antibody_unbound_PVS,-,AB40_Fibril21_PVS_binding,fta2*AB40_Fibril21_PVS*C_Antibody_unbound_PVS*V_PVS,,C_Antibody_unbound_PVS,-,(fta1 * C_Antibody_unbound_PVS * AB40_Oligomer14_PVS),,,,,,,,,,,Antibody_unbound_ISF,-,(fta1 * Antibody_unbound_ISF * AB40_Oligomer08),
C_Antibody_unbound_PVS,-,AB40_Fibril22_PVS_binding,fta2*AB40_Fibril22_PVS*C_Antibody_unbound_PVS*V_PVS,,C_Antibody_unbound_PVS,-,(fta1 * C_Antibody_unbound_PVS * AB40_Oligomer15_PVS),,,,,,,,,,,Antibody_unbound_ISF,-,(fta1 * Antibody_unbound_ISF * AB40_Oligomer09),
C_Antibody_unbound_PVS,-,AB40_Fibril23_PVS_binding,fta2*AB40_Fibril23_PVS*C_Antibody_unbound_PVS*V_PVS,,C_Antibody_unbound_PVS,-,(fta1 * C_Antibody_unbound_PVS * AB40_Oligomer16_PVS),,,,,,,,,,,Antibody_unbound_ISF,-,(fta1 * Antibody_unbound_ISF * AB40_Oligomer10),
C_Antibody_unbound_PVS,-,AB40_Fibril24_PVS_binding,fta2*AB40_Fibril24_PVS*C_Antibody_unbound_PVS*V_PVS,,C_Antibody_unbound_PVS,-,(fta3 * C_Antibody_unbound_PVS * Abeta40_plaque_unbound_PVS),,,,,,,,,,,Antibody_unbound_ISF,-,(fta1 * Antibody_unbound_ISF * AB40_Oligomer11),
C_Antibody_unbound_PVS,-,AB42_Monomer_PVS_binding,fta0*AB42_Monomer_PVS*C_Antibody_unbound_PVS*V_PVS,,C_Antibody_unbound_PVS,-,(fta2 * C_Antibody_unbound_PVS * AB42_Fibril17_PVS),,,,,,,,,,,Antibody_unbound_ISF,-,(fta1 * Antibody_unbound_ISF * AB40_Oligomer12),
C_Antibody_unbound_PVS,-,AB42_Plaque_binding,fta3*AB42_Plaque_unbound_PVS*C_Antibody_unbound_PVS*V_PVS,,C_Antibody_unbound_PVS,-,(fta2 * C_Antibody_unbound_PVS * AB42_Fibril18_PVS),,,,,,,,,,,Antibody_unbound_ISF,-,(fta1 * Antibody_unbound_ISF * AB40_Oligomer13),
C_Antibody_unbound_PVS,-,AB42_Oligomer02_PVS_binding,fta1*AB42_Oligomer02_PVS*C_Antibody_unbound_PVS*V_PVS,,C_Antibody_unbound_PVS,-,(fta2 * C_Antibody_unbound_PVS * AB42_Fibril19_PVS),,,,,,,,,,,Antibody_unbound_ISF,-,(fta1 * Antibody_unbound_ISF * AB40_Oligomer14),
C_Antibody_unbound_PVS,-,AB42_Oligomer03_PVS_binding,fta1*AB42_Oligomer03_PVS*C_Antibody_unbound_PVS*V_PVS,,C_Antibody_unbound_PVS,-,(fta2 * C_Antibody_unbound_PVS * AB42_Fibril20_PVS),,,,,,,,,,,Antibody_unbound_ISF,-,(fta1 * Antibody_unbound_ISF * AB40_Oligomer15),
C_Antibody_unbound_PVS,-,AB42_Oligomer04_PVS_binding,fta1*AB42_Oligomer04_PVS*C_Antibody_unbound_PVS*V_PVS,,C_Antibody_unbound_PVS,-,(fta2 * C_Antibody_unbound_PVS * AB42_Fibril21_PVS),,,,,,,,,,,Antibody_unbound_ISF,-,(fta1 * Antibody_unbound_ISF * AB40_Oligomer16),
C_Antibody_unbound_PVS,-,AB42_Oligomer05_PVS_binding,fta1*AB42_Oligomer05_PVS*C_Antibody_unbound_PVS*V_PVS,,C_Antibody_unbound_PVS,-,(fta2 * C_Antibody_unbound_PVS * AB42_Fibril22_PVS),,,,,,,,,,,Antibody_unbound_ISF,-,(fta3 * Antibody_unbound_ISF * AB40_Plaque_unbound),
C_Antibody_unbound_PVS,-,AB42_Oligomer06_PVS_binding,fta1*AB42_Oligomer06_PVS*C_Antibody_unbound_PVS*V_PVS,,C_Antibody_unbound_PVS,-,(fta2 * C_Antibody_unbound_PVS * AB42_Fibril23_PVS),,,,,,,,,,,Antibody_unbound_ISF,-,(fta1 * Antibody_unbound_ISF * AB42_Fibril17),
C_Antibody_unbound_PVS,-,AB42_Oligomer07_PVS_binding,fta1*AB42_Oligomer07_PVS*C_Antibody_unbound_PVS*V_PVS,,C_Antibody_unbound_PVS,-,(fta2 * C_Antibody_unbound_PVS * AB42_Fibril24_PVS),,,,,,,,,,,Antibody_unbound_ISF,-,(fta2 * Antibody_unbound_ISF * AB42_Fibril18),
C_Antibody_unbound_PVS,-,AB42_Oligomer08_PVS_binding,fta1*AB42_Oligomer08_PVS*C_Antibody_unbound_PVS*V_PVS,,C_Antibody_unbound_PVS,-,(fta0 * C_Antibody_unbound_PVS * AB42_Monomer_PVS),,,,,,,,,,,Antibody_unbound_ISF,-,(fta2 * Antibody_unbound_ISF * AB42_Fibril19),
C_Antibody_unbound_PVS,-,AB42_Oligomer09_PVS_binding,fta1*AB42_Oligomer09_PVS*C_Antibody_unbound_PVS*V_PVS,,C_Antibody_unbound_PVS,-,(fta1 * C_Antibody_unbound_PVS * AB42_Oligomer10_PVS),,,,,,,,,,,Antibody_unbound_ISF,-,(fta2 * Antibody_unbound_ISF * AB42_Fibril20),
C_Antibody_unbound_PVS,-,AB42_Oligomer10_PVS_binding,fta1*AB42_Oligomer10_PVS*C_Antibody_unbound_PVS*V_PVS,,C_Antibody_unbound_PVS,-,(fta1 * C_Antibody_unbound_PVS * AB42_Oligomer11_PVS),,,,,,,,,,,Antibody_unbound_ISF,-,(fta2 * Antibody_unbound_ISF * AB42_Fibril21),
C_Antibody_unbound_PVS,-,AB42_Oligomer11_PVS_binding,fta1*AB42_Oligomer11_PVS*C_Antibody_unbound_PVS*V_PVS,,C_Antibody_unbound_PVS,-,(fta1 * C_Antibody_unbound_PVS * AB42_Oligomer12_PVS),,,,,,,,,,,Antibody_unbound_ISF,-,(fta2 * Antibody_unbound_ISF * AB42_Fibril22),
C_Antibody_unbound_PVS,-,AB42_Oligomer12_PVS_binding,fta1*AB42_Oligomer12_PVS*C_Antibody_unbound_PVS*V_PVS,,C_Antibody_unbound_PVS,-,(fta1 * C_Antibody_unbound_PVS * AB42_Oligomer13_PVS),,,,,,,,,,,Antibody_unbound_ISF,-,(fta2 * Antibody_unbound_ISF * AB42_Fibril23),
C_Antibody_unbound_PVS,-,AB42_Oligomer13_PVS_binding,fta1*AB42_Oligomer13_PVS*C_Antibody_unbound_PVS*V_PVS,,C_Antibody_unbound_PVS,-,(fta1 * C_Antibody_unbound_PVS * AB42_Oligomer14_PVS),,,,,,,,,,,Antibody_unbound_ISF,-,(fta2 * Antibody_unbound_ISF * AB42_Fibril24),
C_Antibody_unbound_PVS,-,AB42_Oligomer14_PVS_binding,fta1*AB42_Oligomer14_PVS*C_Antibody_unbound_PVS*V_PVS,,C_Antibody_unbound_PVS,-,(fta1 * C_Antibody_unbound_PVS * AB42_Oligomer15_PVS),,,,,,,,,,,Antibody_unbound_ISF,-,(fta0 * Antibody_unbound_ISF * AB42_Monomer),
C_Antibody_unbound_PVS,-,AB42_Oligomer15_PVS_binding,fta1*AB42_Oligomer15_PVS*C_Antibody_unbound_PVS*V_PVS,,C_Antibody_unbound_PVS,-,(fta1 * C_Antibody_unbound_PVS * AB42_Oligomer16_PVS),,,,,,,,,,,Antibody_unbound_ISF,-,(fta1 * Antibody_unbound_ISF * AB42_Oligomer02),
C_Antibody_unbound_PVS,-,AB42_Oligomer16_PVS_binding,fta1*AB42_Oligomer16_PVS*C_Antibody_unbound_PVS*V_PVS,,C_Antibody_unbound_PVS,-,(fta1 * C_Antibody_unbound_PVS * AB42_Oligomer02_PVS),,,,,,,,,,,Antibody_unbound_ISF,-,(fta1 * Antibody_unbound_ISF * AB42_Oligomer03),
C_Antibody_unbound_PVS,-,AB42_Fibril17_PVS_binding,fta2*AB42_Fibril17_PVS*C_Antibody_unbound_PVS*V_PVS,,C_Antibody_unbound_PVS,-,(fta1 * C_Antibody_unbound_PVS * AB42_Oligomer03_PVS),,,,,,,,,,,Antibody_unbound_ISF,-,(fta1 * Antibody_unbound_ISF * AB42_Oligomer04),
C_Antibody_unbound_PVS,-,AB42_Fibril18_PVS_binding,fta2*AB42_Fibril18_PVS*C_Antibody_unbound_PVS*V_PVS,,C_Antibody_unbound_PVS,-,(fta1 * C_Antibody_unbound_PVS * AB42_Oligomer04_PVS),,,,,,,,,,,Antibody_unbound_ISF,-,(fta1 * Antibody_unbound_ISF * AB42_Oligomer05),
C_Antibody_unbound_PVS,-,AB42_Fibril19_PVS_binding,fta2*AB42_Fibril19_PVS*C_Antibody_unbound_PVS*V_PVS,,C_Antibody_unbound_PVS,-,(fta1 * C_Antibody_unbound_PVS * AB42_Oligomer05_PVS),,,,,,,,,,,Antibody_unbound_ISF,-,(fta1 * Antibody_unbound_ISF * AB42_Oligomer06),
C_Antibody_unbound_PVS,-,AB42_Fibril20_PVS_binding,fta2*AB42_Fibril20_PVS*C_Antibody_unbound_PVS*V_PVS,,C_Antibody_unbound_PVS,-,(fta1 * C_Antibody_unbound_PVS * AB42_Oligomer06_PVS),,,,,,,,,,,Antibody_unbound_ISF,-,(fta1 * Antibody_unbound_ISF * AB42_Oligomer07),
C_Antibody_unbound_PVS,-,AB42_Fibril21_PVS_binding,fta2*AB42_Fibril21_PVS*C_Antibody_unbound_PVS*V_PVS,,C_Antibody_unbound_PVS,-,(fta1 * C_Antibody_unbound_PVS * AB42_Oligomer07_PVS),,,,,,,,,,,Antibody_unbound_ISF,-,(fta1 * Antibody_unbound_ISF * AB42_Oligomer08),
C_Antibody_unbound_PVS,-,AB42_Fibril22_PVS_binding,fta2*AB42_Fibril22_PVS*C_Antibody_unbound_PVS*V_PVS,,C_Antibody_unbound_PVS,-,(fta1 * C_Antibody_unbound_PVS * AB42_Oligomer08_PVS),,,,,,,,,,,Antibody_unbound_ISF,-,(fta1 * Antibody_unbound_ISF * AB42_Oligomer09),
C_Antibody_unbound_PVS,-,AB42_Fibril23_PVS_binding,fta2*AB42_Fibril23_PVS*C_Antibody_unbound_PVS*V_PVS,,C_Antibody_unbound_PVS,-,(fta1 * C_Antibody_unbound_PVS * AB42_Oligomer09_PVS),,,,,,,,,,,Antibody_unbound_ISF,-,(fta1 * Antibody_unbound_ISF * AB42_Oligomer10),
C_Antibody_unbound_PVS,-,AB42_Fibril24_PVS_binding,fta2*AB42_Fibril24_PVS*C_Antibody_unbound_PVS*V_PVS,,C_Antibody_unbound_PVS,-,(fta3 * C_Antibody_unbound_PVS * Abeta42_plaque_unbound_PVS),,,,,,,,,,,Antibody_unbound_ISF,-,(fta1 * Antibody_unbound_ISF * AB42_Oligomer11),
C_Antibody_unbound_PVS,+,Antibody_ISF_to_PVS_bulk_flow,(1 - sigma_ISF)*Q_PVS*Ab_t,,C_Antibody_unbound_PVS,+,(1 - sigma_ISF) * Q_PVS * Antibody_unbound_ISF / V_PVS,,,,,,,,,,,Antibody_unbound_ISF,-,(fta1 * Antibody_unbound_ISF * AB42_Oligomer12),
C_Antibody_unbound_PVS,-,Antibody_PVS_to_central,(1 - sigma_PVS)*(Q_PVS + CSF_fraction*Qbrain_ISFpsv)*C_Antibody_unbound_PVS,,C_Antibody_unbound_PVS,-,((1 - sigma_PVS) * (Q_PVS + CSF_fraction * Qbrain_ISFpsv) * C_Antibody_unbound_PVS / V_PVS),,,,,,,,,,,Antibody_unbound_ISF,-,(fta1 * Antibody_unbound_ISF * AB42_Oligomer13),
C_Antibody_unbound_PVS,+,Antibody_ISF_to_PVS_diffusion,PS_Ab_ISF_PVS*Ab_t*Pe/(exp(Pe) - 1),,C_Antibody_unbound_PVS,+,PS_Ab_ISF_PVS * Antibody_unbound_ISF / V_PVS * Pe / (exp(Pe) - 1),,,,,,,,,,,Antibody_unbound_ISF,-,(fta1 * Antibody_unbound_ISF * AB42_Oligomer14),
C_Antibody_unbound_PVS,-,Antibody_PVS_to_ISF_diffusion,PS_Ab_ISF_PVS*C_Antibody_unbound_PVS*Pe/(exp(Pe) - 1),,C_Antibody_unbound_PVS,-,(PS_Ab_ISF_PVS * C_Antibody_unbound_PVS / V_PVS * Pe / (exp(Pe) - 1)),,,,,,,,,,,Antibody_unbound_ISF,-,(fta1 * Antibody_unbound_ISF * AB42_Oligomer15),
,,,,,C_Antibody_unbound_PVS,+,CSF_fraction * Qbrain_ISFpsv * PK_CSF_SAS / V_PVS,,,,,,,,,,,Antibody_unbound_ISF,-,(fta1 * Antibody_unbound_ISF * AB42_Oligomer16),
C99,+,APP_to_C99,k_C99*APP*VIS_brain,,C99,+,kC99 * APP,,,,,,,,,,,Antibody_unbound_ISF,-,(fta3 * Antibody_unbound_ISF * AB42_Plaque_unbound),
C99,-,C99_to_AB40,k_in_AB40*C99*VIS_brain,,C99,-,(Kin_Ab40_Potter * C99),,,,,,,,,,,Antibody_unbound_ISF,+,CL_up_brain * fBBB * Vol_brain_ES * (1 - FR) * PK_Blood_Brain_Barrier_bound / Vol_brain_interstitial,
C99,-,C99_to_AB42,k_in_AB42*C99*VIS_brain,,C99,-,(Kin_Ab42_Potter * C99),,,,,,,,,,,Antibody_unbound_ISF,-,(CL_up_brain * fBBB * Vol_brain_ES * Antibody_unbound_ISF / Vol_brain_interstitial),
C99,-,C99_clearance,v_C99_clearance*C99*VIS_brain,,C99,-,(vC99 * C99),,,,,,,,,,,Antibody_unbound_ISF,-,((1 - sigma_ISF) * Q_PVS * Antibody_unbound_ISF / vol_brain_ISF),
FcRn_free_BBB,-,bbb_fcrn_binding,kon_FcRn*PK_BBB_unbound_brain*FcRn_free_BBB*VBBB_brain,,FcRn_free_BBB,+,CL_up_brain * fBBB * Vol_brain_ES * (1 - FR) * AB40Mb_Blood_Brain_Barrier_bound / Vol_brain_BBB,,,,,,,,,,,Antibody_unbound_ISF,+,(1 - Sigma_v_isf) * Qbrain_ISF * PK_Brain_Plasma / Vol_brain_interstitial,
FcRn_free_BBB,+,bbb_fcrn_unbinding,koff_FcRn*PK_BBB_bound_brain*VBBB_brain,,FcRn_free_BBB,+,CL_up_brain * fBBB * Vol_brain_ES * FR * AB40Mb_Blood_Brain_Barrier_bound / Vol_brain_BBB,,,,,,,,,,,Antibody_unbound_ISF,+,(1 - CSF_fraction) * Qbrain_ISF * PK_CSF_SAS / Vol_brain_interstitial,
FcRn_free_BBB,+,bbb_to_brain_plasma,CLup_brain*f_BBB*VES_brain*FR*PK_BBB_bound_brain,,FcRn_free_BBB,-,(kon_FcRn * AB40Mb_Blood_Brain_Barrier_unbound * FcRn_free_BBB),,,,,,,,,,,Antibody_unbound_ISF,-,((1 - f_LV) * Qbrain_ISF * Antibody_unbound_ISF / Vol_brain_interstitial),
FcRn_free_BBB,+,bbb_bound_to_isf,CLup_brain*f_BBB*VES_brain*(1 - FR)*PK_BBB_bound_brain,,FcRn_free_BBB,+,koff_FcRn * AB40Mb_Blood_Brain_Barrier_bound,,,,,,,,,,,Antibody_unbound_ISF,-,((1 - Sigma_ISF_lymph) * (Qbrain_ISF - Q_PVS) * Antibody_unbound_ISF / Vol_brain_interstitial),
FcRn_free_BBB,+,ab40mb_bbb_to_brain_plasma,CLup_brain*f_BBB*VES_brain*FR*AB40Mb_BBB_Bound,,FcRn_free_BBB,+,CL_up_brain * fBBB * Vol_brain_ES * (1 - FR) * AB42Mb_Blood_Brain_Barrier_bound / Vol_brain_BBB,,,,,,,,,,,Antibody_unbound_ISF,-,(f_LV * Qbrain_ISF * Antibody_unbound_ISF / Vol_brain_interstitial),
FcRn_free_BBB,-,ab40mb_bbb_unbound_to_bound,kon_FcRn*AB40Mb_BBB_Unbound*FcRn_free_BBB*VBBB_brain,,FcRn_free_BBB,+,CL_up_brain * fBBB * Vol_brain_ES * FR * AB42Mb_Blood_Brain_Barrier_bound / Vol_brain_BBB,,,,,,,,,,,Antibody_unbound_ISF,+,PS_Ab_ISF_PVS * C_Antibody_unbound_PVS / vol_brain_ISF * Pe / (exp(Pe) - 1),
FcRn_free_BBB,+,ab40mb_bbb_bound_to_unbound,koff_FcRn*AB40Mb_BBB_Bound*VBBB_brain,,FcRn_free_BBB,-,(kon_FcRn * AB42Mb_Blood_Brain_Barrier_unbound * FcRn_free_BBB),,,,,,,,,,,Antibody_unbound_ISF,-,(PS_Ab_ISF_PVS * Antibody_unbound_ISF / vol_brain_ISF * Pe / (exp(Pe) - 1)),
FcRn_free_BBB,+,ab40mb_bbb_bound_to_isf,CLup_brain*f_BBB*VES_brain*(1 - FR)*AB40Mb_BBB_Bound,,FcRn_free_BBB,+,koff_FcRn * AB42Mb_Blood_Brain_Barrier_bound,,,,,,,,,,,,,,
FcRn_free_BBB,+,ab42mb_bbb_to_brain_plasma,CLup_brain*f_BBB*VES_brain*FR*AB42Mb_BBB_Bound,,FcRn_free_BBB,+,CL_up_brain * fBBB * Vol_brain_ES * (1 - FR) * PK_Blood_Brain_Barrier_bound / Vol_brain_BBB,,,,,,,,,,,,,,
FcRn_free_BBB,-,ab42mb_bbb_unbound_to_bound,kon_FcRn*AB42Mb_BBB_Unbound*FcRn_free_BBB*VBBB_brain,,FcRn_free_BBB,+,CL_up_brain * fBBB * Vol_brain_ES * FR * PK_Blood_Brain_Barrier_bound / Vol_brain_BBB,,,,,,,,,,,,,,
FcRn_free_BBB,+,ab42mb_bbb_bound_to_unbound,koff_FcRn*AB42Mb_BBB_Bound*VBBB_brain,,FcRn_free_BBB,-,(kon_FcRn * PK_Blood_Brain_Barrier_unbound * FcRn_free_BBB),,,,,,,,,,,,,,
FcRn_free_BBB,+,ab42mb_bbb_bound_to_isf,CLup_brain*f_BBB*VES_brain*(1 - FR)*AB42Mb_BBB_Bound,,FcRn_free_BBB,+,koff_FcRn * PK_Blood_Brain_Barrier_bound,,,,,,,,,,,,,,
FcRn_free_BCSFB,-,bcsfb_fcrn_binding,kon_FcRn*PK_BCSFB_unbound_brain*FcRn_free_BCSFB*V_BCSFB_brain,,FcRn_free_BcsfB,+,CL_up_brain * (1 - fBBB) * Vol_brain_ES * FR * AB40Mb_Blood_CSF_Barrier_bound / Vol_brain_BCSFB,,,,,,,,,,,,,,
FcRn_free_BCSFB,+,bcsfb_fcrn_unbinding,koff_FcRn*PK_BCSFB_bound_brain*V_BCSFB_brain,,FcRn_free_BcsfB,+,f_LV * CL_up_brain * (1 - fBBB) * Vol_brain_ES * (1 - FR) * AB40Mb_Blood_CSF_Barrier_bound / Vol_brain_BCSFB,,,,,,,,,,,,,,
FcRn_free_BCSFB,+,bcsfb_to_brain_plasma,CLup_brain*(1 - f_BBB)*VES_brain*FR*PK_BCSFB_bound_brain,,FcRn_free_BcsfB,+,(1 - f_LV) * CL_up_brain * (1 - fBBB) * Vol_brain_ES * (1 - FR) * AB40Mb_Blood_CSF_Barrier_bound / Vol_brain_BCSFB,,,,,,,,,,,,,,
FcRn_free_BCSFB,+,bcsfb_bound_to_lv,f_LV*CLup_brain*(1 - f_BBB)*VES_brain*(1 - FR)*PK_BCSFB_bound_brain,,FcRn_free_BcsfB,-,(kon_FcRn * AB40Mb_Blood_CSF_Barrier_unbound * FcRn_free_BcsfB),,,,,,,,,,,,,,
FcRn_free_BCSFB,+,bcsfb_bound_to_tfv,(1 - f_LV)*CLup_brain*(1 - f_BBB)*VES_brain*(1 - FR)*PK_BCSFB_bound_brain,,FcRn_free_BcsfB,+,koff_FcRn * AB40Mb_Blood_CSF_Barrier_bound,,,,,,,,,,,,,,
FcRn_free_BCSFB,+,ab40mb_bcsfb_to_brain_plasma,CLup_brain*(1 - f_BBB)*VES_brain*FR*AB40Mb_BCSFB_Bound,,FcRn_free_BcsfB,+,CL_up_brain * (1 - fBBB) * Vol_brain_ES * FR * AB42Mb_Blood_CSF_Barrier_bound / Vol_brain_BCSFB,,,,,,,,,,,,,,
FcRn_free_BCSFB,-,ab40mb_bcsfb_unbound_to_bound,kon_FcRn*AB40Mb_BCSFB_Unbound*FcRn_free_BCSFB*V_BCSFB_brain,,FcRn_free_BcsfB,+,f_LV * CL_up_brain * (1 - fBBB) * Vol_brain_ES * (1 - FR) * AB42Mb_Blood_CSF_Barrier_bound / Vol_brain_BCSFB,,,,,,,,,,,,,,
FcRn_free_BCSFB,+,ab40mb_bcsfb_bound_to_unbound,koff_FcRn*AB40Mb_BCSFB_Bound*V_BCSFB_brain,,FcRn_free_BcsfB,+,(1 - f_LV) * CL_up_brain * (1 - fBBB) * Vol_brain_ES * (1 - FR) * AB42Mb_Blood_CSF_Barrier_bound / Vol_brain_BCSFB,,,,,,,,,,,,,,
FcRn_free_BCSFB,+,ab40mb_bcsfb_bound_to_lv,f_LV*CLup_brain*(1 - f_BBB)*VES_brain*(1 - FR)*AB40Mb_BCSFB_Bound,,FcRn_free_BcsfB,-,(kon_FcRn * AB42Mb_Blood_CSF_Barrier_unbound * FcRn_free_BcsfB),,,,,,,,,,,,,,
FcRn_free_BCSFB,+,ab40mb_bcsfb_bound_to_tfv,(1 - f_LV)*CLup_brain*(1 - f_BBB)*VES_brain*(1 - FR)*AB40Mb_BCSFB_Bound,,FcRn_free_BcsfB,+,koff_FcRn * AB42Mb_Blood_CSF_Barrier_bound,,,,,,,,,,,,,,
FcRn_free_BCSFB,+,ab42mb_bcsfb_to_brain_plasma,CLup_brain*(1 - f_BBB)*VES_brain*FR*AB42Mb_BCSFB_Bound,,FcRn_free_BcsfB,+,CL_up_brain * (1 - fBBB) * Vol_brain_ES * FR * PK_Blood_CSF_Barrier_bound / Vol_brain_BCSFB,,,,,,,,,,,,,,
FcRn_free_BCSFB,-,ab42mb_bcsfb_unbound_to_bound,kon_FcRn*AB42Mb_BCSFB_Unbound*FcRn_free_BCSFB*V_BCSFB_brain,,FcRn_free_BcsfB,+,f_LV * CL_up_brain * (1 - fBBB) * Vol_brain_ES * (1 - FR) * PK_Blood_CSF_Barrier_bound / Vol_brain_BCSFB,,,,,,,,,,,,,,
FcRn_free_BCSFB,+,ab42mb_bcsfb_bound_to_unbound,koff_FcRn*AB42Mb_BCSFB_Bound*V_BCSFB_brain,,FcRn_free_BcsfB,+,(1 - f_LV) * CL_up_brain * (1 - fBBB) * Vol_brain_ES * (1 - FR) * PK_Blood_CSF_Barrier_bound / Vol_brain_BCSFB,,,,,,,,,,,,,,
FcRn_free_BCSFB,+,ab42mb_bcsfb_bound_to_lv,f_LV*CLup_brain*(1 - f_BBB)*VES_brain*(1 - FR)*AB42Mb_BCSFB_Bound,,FcRn_free_BcsfB,-,(kon_FcRn * PK_Blood_CSF_Barrier_unbound * FcRn_free_BcsfB),,,,,,,,,,,,,,
FcRn_free_BCSFB,+,ab42mb_bcsfb_bound_to_tfv,(1 - f_LV)*CLup_brain*(1 - f_BBB)*VES_brain*(1 - FR)*AB42Mb_BCSFB_Bound,,FcRn_free_BcsfB,+,koff_FcRn * PK_Blood_CSF_Barrier_bound,,,,,,,,,,,,,,
PK_BBB_bound_brain,+,bbb_fcrn_binding,kon_FcRn*PK_BBB_unbound_brain*FcRn_free_BBB*VBBB_brain,,PK_Blood_Brain_Barrier_bound,-,(CL_up_brain * fBBB * Vol_brain_ES * (1 - FR) * PK_Blood_Brain_Barrier_bound / Vol_brain_BBB),,,,,,,,,,,,,,
PK_BBB_bound_brain,-,bbb_fcrn_unbinding,koff_FcRn*PK_BBB_bound_brain*VBBB_brain,,PK_Blood_Brain_Barrier_bound,-,(CL_up_brain * fBBB * Vol_brain_ES * FR * PK_Blood_Brain_Barrier_bound / Vol_brain_BBB),,,,,,,,,,,,,,
PK_BBB_bound_brain,-,bbb_to_brain_plasma,CLup_brain*f_BBB*VES_brain*FR*PK_BBB_bound_brain,,PK_Blood_Brain_Barrier_bound,+,kon_FcRn * PK_Blood_Brain_Barrier_unbound * FcRn_free_BBB,,,,,,,,,,,,,,
PK_BBB_bound_brain,-,bbb_bound_to_isf,CLup_brain*f_BBB*VES_brain*(1 - FR)*PK_BBB_bound_brain,,PK_Blood_Brain_Barrier_bound,-,(koff_FcRn * PK_Blood_Brain_Barrier_bound),,,,,,,,,,,,,,
PK_BBB_unbound_brain,+,isf_to_bbb_unbound,CLup_brain*f_BBB*VES_brain*Ab_t,,PK_Blood_Brain_Barrier_unbound,-,(fta0 * AB40Mu_Blood_Brain_Barrier * PK_Blood_Brain_Barrier_unbound),,,,,,,,,,,,,,
PK_BBB_unbound_brain,+,plasma_to_bbb_unbound,CLup_brain*f_BBB*VES_brain*PK_p_brain,,PK_Blood_Brain_Barrier_unbound,-,(fta0 * AB42Mu_Blood_Brain_Barrier * PK_Blood_Brain_Barrier_unbound),,,,,,,,,,,,,,
PK_BBB_unbound_brain,-,bbb_unbound_degradation,kdeg*PK_BBB_unbound_brain*VBBB_brain,,PK_Blood_Brain_Barrier_unbound,+,CL_up_brain * fBBB * Vol_brain_ES * PK_Brain_Plasma / Vol_brain_BBB,,,,,,,,,,,,,,
PK_BBB_unbound_brain,-,bbb_fcrn_binding,kon_FcRn*PK_BBB_unbound_brain*FcRn_free_BBB*VBBB_brain,,PK_Blood_Brain_Barrier_unbound,+,CL_up_brain * fBBB * Vol_brain_ES * Antibody_unbound_ISF / Vol_brain_BBB,,,,,,,,,,,,,,
PK_BBB_unbound_brain,+,bbb_fcrn_unbinding,koff_FcRn*PK_BBB_bound_brain*VBBB_brain,,PK_Blood_Brain_Barrier_unbound,-,(kdeg * PK_Blood_Brain_Barrier_unbound),,,,,,,,,,,,,,
PK_BBB_unbound_brain,-,ab40_monomer_antibody_binding_bbb,fta0*AB40Mu_BBB*PK_BBB_unbound_brain*VBBB_brain,,PK_Blood_Brain_Barrier_unbound,-,(kon_FcRn * PK_Blood_Brain_Barrier_unbound * FcRn_free_BBB),,,,,,,,,,,,,,
PK_BBB_unbound_brain,-,ab42_monomer_antibody_binding_bbb,fta0*AB42Mu_BBB*PK_BBB_unbound_brain*VBBB_brain,,PK_Blood_Brain_Barrier_unbound,+,koff_FcRn * PK_Blood_Brain_Barrier_bound,,,,,,,,,,,,,,
PK_BCSFB_bound_brain,+,bcsfb_fcrn_binding,kon_FcRn*PK_BCSFB_unbound_brain*FcRn_free_BCSFB*V_BCSFB_brain,,PK_Blood_CSF_Barrier_bound,-,(CL_up_brain * (1 - fBBB) * Vol_brain_ES * FR * PK_Blood_CSF_Barrier_bound / Vol_brain_BCSFB),,,,,,,,,,,,,,
PK_BCSFB_bound_brain,-,bcsfb_fcrn_unbinding,koff_FcRn*PK_BCSFB_bound_brain*V_BCSFB_brain,,PK_Blood_CSF_Barrier_bound,-,(f_LV * CL_up_brain * (1 - fBBB) * Vol_brain_ES * (1 - FR) * PK_Blood_CSF_Barrier_bound / Vol_brain_BCSFB),,,,,,,,,,,,,,
PK_BCSFB_bound_brain,-,bcsfb_to_brain_plasma,CLup_brain*(1 - f_BBB)*VES_brain*FR*PK_BCSFB_bound_brain,,PK_Blood_CSF_Barrier_bound,-,((1 - f_LV) * CL_up_brain * (1 - fBBB) * Vol_brain_ES * (1 - FR) * PK_Blood_CSF_Barrier_bound / Vol_brain_BCSFB),,,,,,,,,,,,,,
PK_BCSFB_bound_brain,-,bcsfb_bound_to_lv,f_LV*CLup_brain*(1 - f_BBB)*VES_brain*(1 - FR)*PK_BCSFB_bound_brain,,PK_Blood_CSF_Barrier_bound,+,kon_FcRn * PK_Blood_CSF_Barrier_unbound * FcRn_free_BcsfB,,,,,,,,,,,,,,
PK_BCSFB_bound_brain,-,bcsfb_bound_to_tfv,(1 - f_LV)*CLup_brain*(1 - f_BBB)*VES_brain*(1 - FR)*PK_BCSFB_bound_brain,,PK_Blood_CSF_Barrier_bound,-,(koff_FcRn * PK_Blood_CSF_Barrier_bound),,,,,,,,,,,,,,
PK_BCSFB_unbound_brain,+,tfv_to_bcsfb_unbound,(1 - f_LV)*CLup_brain*(1 - f_BBB)*VES_brain*PK_TFV_brain,,PK_Blood_CSF_Barrier_unbound,-,(fta0 * AB40Mu_Blood_CSF_Barrier * PK_Blood_CSF_Barrier_unbound),,,,,,,,,,,,,,
PK_BCSFB_unbound_brain,+,lv_to_bcsfb_unbound,f_LV*CLup_brain*(1 - f_BBB)*VES_brain*PK_LV_brain,,PK_Blood_CSF_Barrier_unbound,-,(fta0 * AB42Mu_Blood_CSF_Barrier * PK_Blood_CSF_Barrier_unbound),,,,,,,,,,,,,,
PK_BCSFB_unbound_brain,+,plasma_to_bcsfb_unbound,CLup_brain*f_BCSFB*VES_brain*PK_p_brain,,PK_Blood_CSF_Barrier_unbound,+,CL_up_brain * FBcsfB * Vol_brain_ES * PK_Brain_Plasma / Vol_brain_BCSFB,,,,,,,,,,,,,,
PK_BCSFB_unbound_brain,-,bcsfb_unbound_degradation,kdeg*PK_BCSFB_unbound_brain*V_BCSFB_brain,,PK_Blood_CSF_Barrier_unbound,+,(1 - f_LV) * CL_up_brain * (1 - fBBB) * Vol_brain_ES * PK_CSF_TFV / Vol_brain_BCSFB,,,,,,,,,,,,,,
PK_BCSFB_unbound_brain,-,bcsfb_fcrn_binding,kon_FcRn*PK_BCSFB_unbound_brain*FcRn_free_BCSFB*V_BCSFB_brain,,PK_Blood_CSF_Barrier_unbound,+,f_LV * CL_up_brain * (1 - fBBB) * Vol_brain_ES * PK_CSF_LV / Vol_brain_BCSFB,,,,,,,,,,,,,,
PK_BCSFB_unbound_brain,+,bcsfb_fcrn_unbinding,koff_FcRn*PK_BCSFB_bound_brain*V_BCSFB_brain,,PK_Blood_CSF_Barrier_unbound,-,(kdeg * PK_Blood_CSF_Barrier_unbound),,,,,,,,,,,,,,
PK_BCSFB_unbound_brain,-,ab40_monomer_antibody_binding_bcsfb,fta0*AB40Mu_BCSFB*PK_BCSFB_unbound_brain*V_BCSFB_brain,,PK_Blood_CSF_Barrier_unbound,-,(kon_FcRn * PK_Blood_CSF_Barrier_unbound * FcRn_free_BcsfB),,,,,,,,,,,,,,
PK_BCSFB_unbound_brain,-,ab42_monomer_antibody_binding_bcsfb,fta0*AB42Mu_BCSFB*PK_BCSFB_unbound_brain*V_BCSFB_brain,,PK_Blood_CSF_Barrier_unbound,+,koff_FcRn * PK_Blood_CSF_Barrier_bound,,,,,,,,,,,,PK_Brain_Plasma,-,(fta0 * AB40Mu_Brain_Plasma * PK_Brain_Plasma)
PK_central,+,subcut_to_central,PK_SC_ka*PK_SC_bio*SubCut_absorption,,PK_central_compartment,-,(fta0 * (AB40Mu_central_compartment / AB40Mu_Vcent) * (PK_central_compartment / PK_Vcent) * PK_Vcent),,,,,,,,,,,,PK_Brain_Plasma,-,(fta0 * AB42Mu_Brain_Plasma * PK_Brain_Plasma)
PK_central,+,input_to_central,InputCent,,PK_central_compartment,-,(fta0 * (AB42Mu_central_compartment / AB42Mu_Vcent) * (PK_central_compartment / PK_Vcent) * PK_Vcent),,,,,,,,,,,,PK_Brain_Plasma,+,CL_up_brain * fBBB * Vol_brain_ES * FR * PK_Blood_Brain_Barrier_bound / Vol_brain_plasma
PK_central,-,central_to_peripheral,PK_CLd2*PK_central,,PK_central_compartment,+,PK_SC_ka * PK_SC_bio * SubCut_absorption_compartment,,,,,,,,,,,,PK_Brain_Plasma,+,CL_up_brain * (1 - fBBB) * Vol_brain_ES * FR * PK_Blood_CSF_Barrier_bound / Vol_brain_plasma
PK_central,+,peripheral_to_central,PK_CLd2*PK_per,,PK_central_compartment,+,(1 - Sigma_CSFSAS_Lymph) * Qbrain_CSF * PK_CSF_SAS,,,,,,,,,,,,PK_Brain_Plasma,-,(CL_up_brain * Vol_brain_ES * PK_Brain_Plasma / Vol_brain_plasma)
PK_central,-,central_clearance,PK_CL*PK_central,,PK_central_compartment,+,(1 - sigma_PVS) * (Q_PVS + CSF_fraction * Qbrain_ISFpsv) * C_Antibody_unbound_PVS,,,,,,,,,,,,PK_Brain_Plasma,+,Qbrain_plasma * (PK_central_compartment / PK_Vcent) / Vol_brain_plasma
PK_central,-,central_to_brain_plasma,Q_p_brain*PK_central,,PK_central_compartment,+,(Qbrain_plasma - Qlymph_Brain) * PK_Brain_Plasma,,,,,,,,,,,,PK_Brain_Plasma,-,((Qbrain_plasma - Qlymph_Brain) * PK_Brain_Plasma / Vol_brain_plasma)
PK_central,+,sas_flow_central,(1 - sigma_L_SAS)*Q_CSF_brain*PK_SAS_brain,,PK_central_compartment,+,(1 - Sigma_ISF_lymph) * (Qbrain_ISF - Q_PVS) * Antibody_unbound_ISF,,,,,,,,,,,,PK_Brain_Plasma,-,((1 - Sigma_v_bcsfb) * Qbrain_CSF * PK_Brain_Plasma / Vol_brain_plasma)
PK_central,+,brain_plasma_to_central,(Q_p_brain - L_brain)*PK_p_brain,,PK_central_compartment,-,(Qbrain_plasma * PK_central_compartment / PK_Vcent),,,,,,,,,,,,PK_Brain_Plasma,-,((1 - Sigma_v_isf) * Qbrain_ISF * PK_Brain_Plasma / Vol_brain_plasma)
PK_central,+,isf_to_central_reflection,(1 - sigma_L_brain_ISF)*(Q_ISF_brain - Q_PVS)*Ab_t,,PK_central_compartment,-,(PK_CLd2 * PK_central_compartment / PK_Vcent),,,,,,,,,,,,,,
PK_central,-,ab40_monomer_antibody_binding_central,fta0*AB40Mu_Central*PK_central,,PK_central_compartment,+,PK_CLd2 * PK_peripheral_compartment / PK_Vper,,,,,,,,,,,,,,
PK_central,-,ab42_monomer_antibody_binding_central,fta0*AB42Mu_Central*PK_central,,PK_central_compartment,-,(PK_CL / PK_Vcent * PK_central_compartment),,,,,,,,,,,,,,
PK_central,+,Antibody_PVS_to_central,(1 - sigma_PVS)*(Q_PVS + CSF_fraction*Qbrain_ISFpsv)*C_Antibody_unbound_PVS,,,,,,,,,,,,,,,,,,
PK_CM_brain,+,tfv_to_cm_flow,(Q_CSF_brain + Q_ISF_brain)*PK_TFV_brain,,PK_CSF_CM,-,(fta0 * AB40Mu_CSF_CM * PK_CSF_CM),,,,,,,,,,,,,,
PK_CM_brain,-,cm_to_sas_flow,(Q_CSF_brain + Q_ISF_brain)*PK_CM_brain,,PK_CSF_CM,-,(fta0 * AB42Mu_CSF_CM * PK_CSF_CM),,,,,,,,,,,,,,
PK_CM_brain,-,ab40_monomer_antibody_binding_cm,fta0*AB40Mu_CM*PK_CM_brain*V_CM_brain,,PK_CSF_CM,+,(Qbrain_CSF + Qbrain_ISF) * PK_CSF_TFV / Vol_brain_CSFCM,,,,,,,,,,,,,,
PK_CM_brain,-,ab42_monomer_antibody_binding_cm,fta0*AB42Mu_CM*PK_CM_brain*V_CM_brain,,PK_CSF_CM,-,((Qbrain_CSF + Qbrain_ISF) * PK_CSF_CM / Vol_brain_CSFCM),,,,,,,,,,,,,,
PK_LV_brain,-,lv_to_bcsfb_unbound,f_LV*CLup_brain*(1 - f_BBB)*VES_brain*PK_LV_brain,,PK_CSF_LV,-,(fta0 * AB40Mu_CSF_LV * PK_CSF_LV),,,,,,,,,,,,,,
PK_LV_brain,+,bcsfb_bound_to_lv,f_LV*CLup_brain*(1 - f_BBB)*VES_brain*(1 - FR)*PK_BCSFB_bound_brain,,PK_CSF_LV,-,(fta0 * AB42Mu_CSF_LV * PK_CSF_LV),,,,,,,,,,,,,,
PK_LV_brain,-,lv_to_tfv_flow,f_LV*(Q_CSF_brain + Q_ISF_brain)*PK_LV_brain,,PK_CSF_LV,+,f_LV * CL_up_brain * (1 - fBBB) * Vol_brain_ES * (1 - FR) * PK_Blood_CSF_Barrier_bound / Vol_brain_CSFLV,,,,,,,,,,,,,,
PK_LV_brain,+,isf_to_lv_flow,f_LV*Q_ISF_brain*Ab_t,,PK_CSF_LV,-,(f_LV * CL_up_brain * (1 - fBBB) * Vol_brain_ES * PK_CSF_LV / Vol_brain_CSFLV),,,,,,,,,,,,,,
PK_LV_brain,+,plasma_to_lv_flow,(1 - sigma_V_BCSFB)*f_LV*Q_CSF_brain*PK_p_brain,,PK_CSF_LV,-,(f_LV * (Qbrain_CSF + Qbrain_ISF) * PK_CSF_LV / Vol_brain_CSFLV),,,,,,,,,,,,,,
PK_LV_brain,-,ab40_monomer_antibody_binding_lv,fta0*AB40Mu_LV*PK_LV_brain*V_LV_brain,,PK_CSF_LV,+,f_LV * Qbrain_ISF * Antibody_unbound_ISF / Vol_brain_CSFLV,,,,,,,,,,,,,,
PK_LV_brain,-,ab42_monomer_antibody_binding_lv,fta0*AB42Mu_LV*PK_LV_brain*V_LV_brain,,PK_CSF_LV,+,(1 - Sigma_v_bcsfb) * Qbrain_CSF * f_LV * PK_Brain_Plasma / Vol_brain_CSFLV,,,,,,,,,,,,,,
PK_p_brain,+,central_to_brain_plasma,Q_p_brain*PK_central,,,,,,,,,,,,,,,,,,
PK_p_brain,-,brain_plasma_to_central,(Q_p_brain - L_brain)*PK_p_brain,,,,,,,,,,,,,,,,,,
PK_p_brain,-,plasma_to_bbb_unbound,CLup_brain*f_BBB*VES_brain*PK_p_brain,,,,,,,,,,,,,,,,,,
PK_p_brain,+,bbb_to_brain_plasma,CLup_brain*f_BBB*VES_brain*FR*PK_BBB_bound_brain,,,,,,,,,,,,,,,,,,
PK_p_brain,-,plasma_to_bcsfb_unbound,CLup_brain*f_BCSFB*VES_brain*PK_p_brain,,,,,,,,,,,,,,,,,,
PK_p_brain,+,bcsfb_to_brain_plasma,CLup_brain*(1 - f_BBB)*VES_brain*FR*PK_BCSFB_bound_brain,,,,,,,,,,,,,,,,,,
PK_p_brain,-,plasma_to_lv_flow,(1 - sigma_V_BCSFB)*f_LV*Q_CSF_brain*PK_p_brain,,,,,,,,,,,,,,,,,,
PK_p_brain,-,plasma_to_tfv_flow,(1 - sigma_V_brain_ISF)*(1 - f_LV)*Q_ISF_brain*PK_p_brain,,,,,,,,,,,,,,,,,,
PK_p_brain,-,plasma_to_isf_reflection,(1 - sigma_V_brain_ISF)*Q_ISF_brain*PK_p_brain,,,,,,,,,,,,,,,,,,
PK_p_brain,-,ab40_monomer_antibody_binding_brain_plasma,fta0*AB40Mu_Brain_Plasma*PK_p_brain*Vp_brain,,,,,,,,,,,,,,,,,,
PK_p_brain,-,ab42_monomer_antibody_binding_brain_plasma,fta0*AB42Mu_Brain_Plasma*PK_p_brain*Vp_brain,,,,,,,,,,,,,,,,,,
PK_per,+,central_to_peripheral,PK_CLd2*PK_central,,PK_peripheral_compartment,+,PK_CLd2 * PK_central_compartment / PK_Vcent,,,,,,,,,,,,,,
PK_per,-,peripheral_to_central,PK_CLd2*PK_per,,PK_peripheral_compartment,-,(PK_CLd2 * PK_peripheral_compartment / PK_Vper),,,,,,,,,,,,,,
PK_SAS_brain,-,sas_flow_central,(1 - sigma_L_SAS)*Q_CSF_brain*PK_SAS_brain,,PK_CSF_SAS,-,(fta0 * AB40Mu_CSF_SAS * PK_CSF_SAS),,,,,,,,,,,,,,
PK_SAS_brain,+,cm_to_sas_flow,(Q_CSF_brain + Q_ISF_brain)*PK_CM_brain,,PK_CSF_SAS,-,(fta0 * AB42Mu_CSF_SAS * PK_CSF_SAS),,,,,,,,,,,,,,
PK_SAS_brain,-,sas_to_isf_flow,Q_ISF_brain*PK_SAS_brain,,PK_CSF_SAS,+,(Qbrain_CSF + Qbrain_ISF) * PK_CSF_CM / Vol_brain_CSFSAS,,,,,,,,,,,,,,
PK_SAS_brain,-,ab40_monomer_antibody_binding_sas,fta0*AB40Mu_SAS*PK_SAS_brain*V_SAS_brain,,PK_CSF_SAS,-,((1 - Sigma_CSFSAS_Lymph) * Qbrain_CSF * PK_CSF_SAS / Vol_brain_CSFSAS),,,,,,,,,,,,,,
PK_SAS_brain,-,ab42_monomer_antibody_binding_sas,fta0*AB42Mu_SAS*PK_SAS_brain*V_SAS_brain,,PK_CSF_SAS,-,((1 - CSF_fraction) * Qbrain_ISF * PK_CSF_SAS / Vol_brain_CSFSAS),,,,,,,,,,,,,,
,,,,,PK_CSF_SAS,-,(CSF_fraction * Qbrain_ISFpsv * PK_CSF_SAS / Vol_brain_CSFSAS),,,,,,,,,,,,,,
PK_TFV_brain,-,tfv_to_bcsfb_unbound,(1 - f_LV)*CLup_brain*(1 - f_BBB)*VES_brain*PK_TFV_brain,,PK_CSF_TFV,-,(fta0 * AB40Mu_CSF_TFV * PK_CSF_TFV),,,,,,,,,,,,,,
PK_TFV_brain,+,bcsfb_bound_to_tfv,(1 - f_LV)*CLup_brain*(1 - f_BBB)*VES_brain*(1 - FR)*PK_BCSFB_bound_brain,,PK_CSF_TFV,-,(fta0 * AB42Mu_CSF_TFV * PK_CSF_TFV),,,,,,,,,,,,,,
PK_TFV_brain,+,lv_to_tfv_flow,f_LV*(Q_CSF_brain + Q_ISF_brain)*PK_LV_brain,,PK_CSF_TFV,+,(1 - f_LV) * CL_up_brain * (1 - fBBB) * Vol_brain_ES * (1 - FR) * PK_Blood_CSF_Barrier_bound / Vol_brain_CSFTFV,,,,,,,,,,,,,,
PK_TFV_brain,-,tfv_to_cm_flow,(Q_CSF_brain + Q_ISF_brain)*PK_TFV_brain,,PK_CSF_TFV,-,((1 - f_LV) * CL_up_brain * (1 - fBBB) * Vol_brain_ES * PK_CSF_TFV / Vol_brain_CSFTFV),,,,,,,,,,,,,,
PK_TFV_brain,+,plasma_to_tfv_flow,(1 - sigma_V_brain_ISF)*(1 - f_LV)*Q_ISF_brain*PK_p_brain,,PK_CSF_TFV,+,f_LV * (Qbrain_CSF + Qbrain_ISF) * PK_CSF_LV / Vol_brain_CSFTFV,,,,,,,,,,,,,,
PK_TFV_brain,+,isf_to_tfv_flow,(1 - f_LV)*Q_ISF_brain*Ab_t,,PK_CSF_TFV,-,((Qbrain_CSF + Qbrain_ISF) * PK_CSF_TFV / Vol_brain_CSFTFV),,,,,,,,,,,,,,
PK_TFV_brain,-,ab40_monomer_antibody_binding_tfv,fta0*AB40Mu_TFV*PK_TFV_brain*V_TFV_brain,,PK_CSF_TFV,+,(1 - f_LV) * Qbrain_ISF * Antibody_unbound_ISF / Vol_brain_CSFTFV,,,,,,,,,,,,,,
PK_TFV_brain,-,ab42_monomer_antibody_binding_tfv,fta0*AB42Mu_TFV*PK_TFV_brain*V_TFV_brain,,PK_CSF_TFV,+,(1 - Sigma_v_bcsfb) * Qbrain_CSF * (1 - f_LV) * PK_Brain_Plasma / Vol_brain_CSFTFV,,,,,,,,,,,,,,
SubCut_absorption,+,input_to_subcut,InputSC,,,,,,,,,,,,,,,,,,
SubCut_absorption,-,subcut_to_central,PK_SC_ka*PK_SC_bio*SubCut_absorption,,,,,,,,,,,,,,,,,,
SubCut_absorption,-,subcut_elimination,PK_SC_ka*(1 - PK_SC_bio)*SubCut_absorption,,,,,,,,,,,,,,,,,,
Ab_t,-,AB40_antibody_dimer_binding,fta1*AB40_Oligomer02*Ab_t*VIS_brain,,,,,,,,,,,,,,,,,,
Ab_t,-,AB42_antibody_dimer_binding,fta1*AB42_Oligomer02*Ab_t*VIS_brain,,,,,,,,,,,,,,,,,,
Ab_t,-,AB40_Oligomer03_antibody_binding,fta1*AB40_Oligomer03*Ab_t*VIS_brain,,,,,,,,,,,,,,,,,,
Ab_t,-,AB40_Oligomer04_antibody_binding,fta1*AB40_Oligomer04*Ab_t*VIS_brain,,,,,,,,,,,,,,,,,,
Ab_t,-,AB40_Oligomer05_antibody_binding,fta1*AB40_Oligomer05*Ab_t*VIS_brain,,,,,,,,,,,,,,,,,,
Ab_t,-,AB40_Oligomer06_antibody_binding,fta1*AB40_Oligomer06*Ab_t*VIS_brain,,,,,,,,,,,,,,,,,,
Ab_t,-,AB40_Oligomer07_antibody_binding,fta1*AB40_Oligomer07*Ab_t*VIS_brain,,,,,,,,,,,,,,,,,,
Ab_t,-,AB40_Oligomer08_antibody_binding,fta1*AB40_Oligomer08*Ab_t*VIS_brain,,Macrophage_cell_count,+,(1 + SmaxPro_PVS * (Abeta40_plaque_bound_PVS + Abeta42_plaque_bound_PVS) / (EC50_pro_PVS + (Abeta40_plaque_bound_PVS + Abeta42_plaque_bound_PVS))) * (gamma_Mphage * Macrophage_cells_max / (Macrophage_cells_max - Macrophage_baseline)) * Macrophage_cell_count * ((Macrophage_cells_max - Macrophage_cell_count) / Macrophage_cells_max),,,,,,,,,,,,,,
Ab_t,-,AB40_Oligomer09_antibody_binding,fta1*AB40_Oligomer09*Ab_t*VIS_brain,,Macrophage_cell_count,-,(gamma_Mphage * Macrophage_cell_count),,,,,,,,,,,,,,
Ab_t,-,AB40_Oligomer10_antibody_binding,fta1*AB40_Oligomer10*Ab_t*VIS_brain,,Macrophage_Hi_Fract,+,(1 + SmaxUp_PVS * (Abeta40_plaque_bound_PVS + Abeta42_plaque_bound_PVS) / (EC50_Up_PVS + (Abeta40_plaque_bound_PVS + Abeta42_plaque_bound_PVS))) * gamma_fr1 * Macrophage_Hi_Fract * ((Macrophage_Hi_fract_max_PVS - Macrophage_Hi_Fract) / (Macrophage_Hi_fract_max_PVS - Macrophage_Hi_fract_base_PVS)),,,,,,,,,,,,,,
Ab_t,-,AB40_Oligomer11_antibody_binding,fta1*AB40_Oligomer11*Ab_t*VIS_brain,,Macrophage_Hi_Fract,-,(gamma_fr * Macrophage_Hi_Fract),,,,,,,,,,,,,,
Ab_t,-,AB40_Oligomer12_antibody_binding,fta1*AB40_Oligomer12*Ab_t*VIS_brain,,Microglia_cell_count,+,(1 + SmaxPro * Anti_ABeta_bound_sum / (EC50_pro + Anti_ABeta_bound_sum)) * (gamma_MG * Microglia_cells_max / (Microglia_cells_max - Microglia_baseline)) * Microglia_cell_count * ((Microglia_cells_max - Microglia_cell_count) / Microglia_cells_max),,,,,,,,,,,,,,
Ab_t,-,AB42_Oligomer03_antibody_binding,fta1*AB42_Oligomer03*Ab_t*VIS_brain,,Microglia_cell_count,-,(gamma_MG * Microglia_cell_count),,,,,,,,,,,,,,
Ab_t,-,AB42_Oligomer04_antibody_binding,fta1*AB42_Oligomer04*Ab_t*VIS_brain,,Microglia_Hi_Fract,+,(1 + SmaxUp * Anti_ABeta_bound_sum / (EC50_Up + Anti_ABeta_bound_sum)) * gamma_fr * Microglia_Hi_Fract * ((Microglia_Hi_fract_max - Microglia_Hi_Fract) / (Microglia_Hi_fract_max - Microglia_Hi_fract_base)),,,,,,,,,,,,,,
Ab_t,-,AB42_Oligomer05_antibody_binding,fta1*AB42_Oligomer05*Ab_t*VIS_brain,,Microglia_Hi_Fract,-,(gamma_fr * Microglia_Hi_Fract),,,,,,,,,,,,,,
Ab_t,-,AB42_Oligomer06_antibody_binding,fta1*AB42_Oligomer06*Ab_t*VIS_brain,,,,,,,,,,,,,,,,,,
Ab_t,-,AB42_Oligomer07_antibody_binding,fta1*AB42_Oligomer07*Ab_t*VIS_brain,,,,,,,,,,,,,,,,,,
Ab_t,-,AB42_Oligomer08_antibody_binding,fta1*AB42_Oligomer08*Ab_t*VIS_brain,,,,,,,,,,,,,,,,,,
Ab_t,-,AB42_Oligomer09_antibody_binding,fta1*AB42_Oligomer09*Ab_t*VIS_brain,,,,,,,,,,,,,,,,,,
Ab_t,-,AB42_Oligomer10_antibody_binding,fta1*AB42_Oligomer10*Ab_t*VIS_brain,,,,,,,,,,,,,,,,,,
Ab_t,-,AB42_Oligomer11_antibody_binding,fta1*AB42_Oligomer11*Ab_t*VIS_brain,,,,,,,,,,,,,,,,,,
Ab_t,-,AB42_Oligomer12_antibody_binding,fta1*AB42_Oligomer12*Ab_t*VIS_brain,,,,,,,,,,,,,,,,,,
Ab_t,-,AB40_Oligomer13_antibody_binding,fta1*AB40_Oligomer13*Ab_t*VIS_brain,,,,,,,,,,,,,,,,,,
Ab_t,-,AB40_Oligomer14_antibody_binding,fta1*AB40_Oligomer14*Ab_t*VIS_brain,,,,,,,,,,,,,,,,,,
Ab_t,-,AB40_Oligomer15_antibody_binding,fta1*AB40_Oligomer15*Ab_t*VIS_brain,,,,,,,,,,,,,,,,,,
Ab_t,-,AB40_Oligomer16_antibody_binding,fta1*AB40_Oligomer16*Ab_t*VIS_brain,,,,,,,,,,,,,,,,,,
Ab_t,-,AB42_Oligomer13_antibody_binding,fta1*AB42_Oligomer13*Ab_t*VIS_brain,,,,,,,,,,,,,,,,,,
Ab_t,-,AB42_Oligomer14_antibody_binding,fta1*AB42_Oligomer14*Ab_t*VIS_brain,,,,,,,,,,,,,,,,,,
Ab_t,-,AB42_Oligomer15_antibody_binding,fta1*AB42_Oligomer15*Ab_t*VIS_brain,,,,,,,,,,,,,,,,,,
Ab_t,-,AB42_Oligomer16_antibody_binding,fta1*AB42_Oligomer16*Ab_t*VIS_brain,,,,,,,,,,,,,,,,,,
Ab_t,-,AB40_Fibril17_antibody_binding,fta1*Ab_t*AB40_Fibril17*VIS_brain,,,,,,,,,,,,,,,,,,
Ab_t,-,AB40_Fibril18_antibody_binding,fta2*Ab_t*AB40_Fibril18*VIS_brain,,,,,,,,,,,,,,,,,,
Ab_t,-,AB42_Fibril17_antibody_binding,fta1*Ab_t*AB42_Fibril17*VIS_brain,,,,,,,,,,,,,,,,,,
Ab_t,-,AB42_Fibril18_antibody_binding,fta2*Ab_t*AB42_Fibril18*VIS_brain,,,,,,,,,,,,,,,,,,
Ab_t,-,AB40_antibody_fibril19_binding,fta2*AB40_Fibril19*Ab_t*VIS_brain,,,,,,,,,,,,,,,,,,
Ab_t,-,AB40_antibody_fibril20_binding,fta2*AB40_Fibril20*Ab_t*VIS_brain,,,,,,,,,,,,,,,,,,
Ab_t,-,AB40_antibody_fibril21_binding,fta2*AB40_Fibril21*Ab_t*VIS_brain,,,,,,,,,,,,,,,,,,
Ab_t,-,AB40_antibody_fibril22_binding,fta2*AB40_Fibril22*Ab_t*VIS_brain,,,,,,,,,,,,,,,,,,
Ab_t,-,AB40_antibody_fibril23_binding,fta2*AB40_Fibril23*Ab_t*VIS_brain,,,,,,,,,,,,,,,,,,
Ab_t,-,AB40_antibody_fibril24_binding,fta2*AB40_Fibril24*Ab_t*VIS_brain,,,,,,,,,,,,,,,,,,
Ab_t,-,AB40_antibody_plaque_binding,fta3*AB40_Plaque_unbound*Ab_t*VIS_brain,,,,,,,,,,,,,,,,,,
Ab_t,-,AB42_antibody_fibril19_binding,fta2*AB42_Fibril19*Ab_t*VIS_brain,,,,,,,,,,,,,,,,,,
Ab_t,-,AB42_antibody_fibril20_binding,fta2*AB42_Fibril20*Ab_t*VIS_brain,,,,,,,,,,,,,,,,,,
Ab_t,-,AB42_antibody_fibril21_binding,fta2*AB42_Fibril21*Ab_t*VIS_brain,,,,,,,,,,,,,,,,,,
Ab_t,-,AB42_antibody_fibril22_binding,fta2*AB42_Fibril22*Ab_t*VIS_brain,,,,,,,,,,,,,,,,,,
Ab_t,-,AB42_antibody_fibril23_binding,fta2*AB42_Fibril23*Ab_t*VIS_brain,,,,,,,,,,,,,,,,,,
Ab_t,-,AB42_antibody_fibril24_binding,fta2*AB42_Fibril24*Ab_t*VIS_brain,,,,,,,,,,,,,,,,,,
Ab_t,-,AB42_antibody_plaque_binding,fta3*AB42_Plaque_unbound*Ab_t*VIS_brain,,,,,,,,,,,,,,,,,,
Ab_t,-,isf_to_bbb_unbound,CLup_brain*f_BBB*VES_brain*Ab_t,,,,,,,,,,,,,,,,,,
Ab_t,+,bbb_bound_to_isf,CLup_brain*f_BBB*VES_brain*(1 - FR)*PK_BBB_bound_brain,,,,,,,,,,,,,,,,,,
Ab_t,-,isf_to_lv_flow,f_LV*Q_ISF_brain*Ab_t,,,,,,,,,,,,,,,,,,
Ab_t,+,sas_to_isf_flow,Q_ISF_brain*PK_SAS_brain,,,,,,,,,,,,,,,,,,
Ab_t,-,isf_to_tfv_flow,(1 - f_LV)*Q_ISF_brain*Ab_t,,,,,,,,,,,,,,,,,,
Ab_t,-,isf_to_central_reflection,(1 - sigma_L_brain_ISF)*(Q_ISF_brain - Q_PVS)*Ab_t,,,,,,,,,,,,,,,,,,
Ab_t,+,plasma_to_isf_reflection,(1 - sigma_V_brain_ISF)*Q_ISF_brain*PK_p_brain,,,,,,,,,,,,,,,,,,
Ab_t,-,ab40_monomer_antibody_binding_isf,fta0*Ab_t*AB40_Monomer*VIS_brain,,,,,,,,,,,,,,,,,,
Ab_t,-,ab42_monomer_antibody_binding_isf,fta0*Ab_t*AB42_Monomer*VIS_brain,,,,,,,,,,,,,,,,,,
Ab_t,-,Antibody_ISF_to_PVS_bulk_flow,(1 - sigma_ISF)*Q_PVS*Ab_t,,,,,,,,,,,,,,,,,,
Ab_t,-,Antibody_ISF_to_PVS_diffusion,PS_Ab_ISF_PVS*Ab_t*Pe/(exp(Pe) - 1),,,,,,,,,,,,,,,,,,
Ab_t,+,Antibody_PVS_to_ISF_diffusion,PS_Ab_ISF_PVS*C_Antibody_unbound_PVS*Pe/(exp(Pe) - 1),,,,,,,,,,,,,,,,,,
,,,,,,,,,,,,,,,,,,,,,
,,,,,,,,,,,,,,,,,,,,,
,,,,,,,,,,,,,,,,,,,,,
,,,,,,,,,,,,,,,,,,,,,
,,,,,,,,,,,,,,,,,,,,,
,,,,,,,,,,,,,,,,,,,,,
,,,,,,,,,,,,,,,,,,,,,
,,,,,,,,,,,,,,,,,,,,,
,,,,,,,,,,,,,,,,,,,,,
,,,,,,,,,,,,,,,,,,,,,
,,,,,,,,,,,,,,,,,,,,,
,,,,,SubCut_absorption_compartment,-,(PK_SC_ka * PK_SC_bio * SubCut_absorption_compartment),,,,,,,,,,,,,,
,,,,,SubCut_absorption_compartment,-,(PK_SC_ka * (1 - PK_SC_bio) * SubCut_absorption_compartment),,,,,,,,,,,,,,
,,,,,Surivial_probability_complex,-,((Baseline_hazard + beta_complex * plaque_bound * exp(-k * (t - zzzTime_of_first_dose))) * Surivial_probability_complex),,,,,,,,,,,,,,
,,,,,Surivial_probability_complex1,-,((Baseline_hazard3 + beta_complex3 * (plaque_bound^Hill / (plaque_bound^Hill + EC50^Hill)) * plaque_bound * exp(-k3 * (t - zzzTime_of_first_dose))) * Surivial_probability_complex1),,,,,,,,,,,,,,
